experiment_id,assignment_id,customer_id,assignment_month,assignment_group,intervention_type,account_manager_id,segment,risk_band,pre_risk_score,baseline_mrr,intervention_cost,assignment_probability,end_mrr,churn_within_followup,outcome_month,logo_retained,gross_retained_mrr,gross_mrr_retention,net_mrr_retention
retention_outreach_2025q4,ASG-00193a05bf243937,CUST001574,2025-11-01,control,no_action_control,AM0033,SMB,B1,21.771568,237.5,0.0,0.5,237.5,0,2026-02-01,1,237.5,1.0,1.0
retention_outreach_2025q4,ASG-001ea9bf493dfe4a,CUST003115,2025-11-01,treatment,success_plan_outreach,AM0005,SMB,B3,30.401929,292.5,350.0,0.5,326.5,0,2026-02-01,1,292.5,1.0,1.1162393162393163
retention_outreach_2025q4,ASG-00489e9e4fadc1d8,CUST001532,2025-11-01,treatment,success_plan_outreach,AM0035,SMB,B1,23.8225,280.0,350.0,0.5,280.0,0,2026-02-01,1,280.0,1.0,1.0
retention_outreach_2025q4,ASG-0094e4f67f3db9df,CUST001759,2025-11-01,treatment,success_plan_outreach,AM0008,Mid-Market,B3,29.914919,1272.03,900.0,0.5,1272.03,0,2026-02-01,1,1272.03,1.0,1.0
retention_outreach_2025q4,ASG-00a0cae3ea22f2ce,CUST002791,2025-11-01,control,no_action_control,AM0024,SMB,B2,26.228733,292.65,0.0,0.5,292.65,0,2026-02-01,1,292.65,1.0,1.0
retention_outreach_2025q4,ASG-00b96ac867dc3f65,CUST001445,2025-11-01,control,no_action_control,AM0019,Enterprise,B3,29.107063,6153.97,0.0,0.5,6153.97,0,2026-02-01,1,6153.97,1.0,1.0
retention_outreach_2025q4,ASG-00e74aa13337e448,CUST003471,2025-11-01,treatment,success_plan_outreach,AM0018,Enterprise,B1,18.78758,20807.52,2500.0,0.5,20807.52,0,2026-02-01,1,20807.52,1.0,1.0
retention_outreach_2025q4,ASG-011355680ff9a163,CUST000756,2025-11-01,control,no_action_control,AM0010,SMB,B4,39.318168,335.0,0.0,0.5,335.0,0,2026-02-01,1,335.0,1.0,1.0
retention_outreach_2025q4,ASG-0121ef8045a092c7,CUST003352,2025-11-01,control,no_action_control,AM0015,Mid-Market,B3,30.817648,1923.52,0.0,0.5,2042.91,0,2026-02-01,1,1923.52,1.0,1.0620684994177343
retention_outreach_2025q4,ASG-0122ab5f3bd6fd92,CUST002772,2025-11-01,treatment,success_plan_outreach,AM0038,Mid-Market,B3,29.048639,3477.28,900.0,0.5,3477.28,0,2026-02-01,1,3477.28,1.0,1.0
retention_outreach_2025q4,ASG-0134c639493d95d0,CUST003259,2025-11-01,treatment,success_plan_outreach,AM0024,SMB,B4,34.869096,973.08,350.0,0.5,973.08,0,2026-02-01,1,973.08,1.0,1.0
retention_outreach_2025q4,ASG-013b6a303113a997,CUST002873,2025-11-01,treatment,success_plan_outreach,AM0020,SMB,B3,33.948566,518.0,350.0,0.5,518.0,0,2026-02-01,1,518.0,1.0,1.0
retention_outreach_2025q4,ASG-0148afc766a31de4,CUST001990,2025-11-01,treatment,success_plan_outreach,AM0009,Mid-Market,B3,29.317951,1151.88,900.0,0.5,1151.88,0,2026-02-01,1,1151.88,1.0,1.0
retention_outreach_2025q4,ASG-01581aa138b8e40b,CUST004486,2025-11-01,treatment,success_plan_outreach,AM0003,SMB,B3,32.462357,565.6,350.0,0.5,565.6,1,2026-02-01,1,565.6,1.0,1.0
retention_outreach_2025q4,ASG-015c6ab807b540ae,CUST003450,2025-11-01,treatment,success_plan_outreach,AM0015,SMB,B1,18.725806,582.83,350.0,0.5,582.83,0,2026-02-01,1,582.83,1.0,1.0
retention_outreach_2025q4,ASG-015da3a7faa4a56b,CUST003893,2025-11-01,treatment,success_plan_outreach,AM0015,Mid-Market,B1,21.287159,2023.83,900.0,0.5,2023.83,0,2026-02-01,1,2023.83,1.0,1.0
retention_outreach_2025q4,ASG-018eb19fbba77307,CUST000612,2025-11-01,treatment,success_plan_outreach,AM0009,Mid-Market,B4,51.932947,3531.38,900.0,0.5,4197.12,0,2026-02-01,1,3531.38,1.0,1.1885212013433841
retention_outreach_2025q4,ASG-020dd00b7799a182,CUST001100,2025-11-01,control,no_action_control,AM0011,SMB,B2,28.843324,292.5,0.0,0.5,292.5,0,2026-02-01,1,292.5,1.0,1.0
retention_outreach_2025q4,ASG-023e8aedc9cc0c06,CUST000250,2025-11-01,control,no_action_control,AM0014,SMB,B3,32.356749,327.73,0.0,0.5,0.0,0,2026-02-01,0,0.0,0.0,0.0
retention_outreach_2025q4,ASG-024370b163f0baad,CUST004212,2025-11-01,treatment,success_plan_outreach,AM0021,SMB,B2,24.52414,1660.3,350.0,0.5,1660.3,0,2026-02-01,1,1660.3,1.0,1.0
retention_outreach_2025q4,ASG-024431ce5b7f1a83,CUST000919,2025-11-01,control,no_action_control,AM0028,Mid-Market,B3,28.830463,3263.0,0.0,0.5,3263.0,0,2026-02-01,1,3263.0,1.0,1.0
retention_outreach_2025q4,ASG-0291a81350fcc29c,CUST003658,2025-11-01,control,no_action_control,AM0021,SMB,B2,27.022256,825.48,0.0,0.5,825.48,0,2026-02-01,1,825.48,1.0,1.0
retention_outreach_2025q4,ASG-029cd09330e47c70,CUST000851,2025-11-01,control,no_action_control,AM0025,SMB,B4,35.075322,1178.1,0.0,0.5,1178.1,0,2026-02-01,1,1178.1,1.0,1.0
retention_outreach_2025q4,ASG-02b0c01b29a2c047,CUST002336,2025-11-01,control,no_action_control,AM0014,Mid-Market,B3,30.606327,900.55,0.0,0.5,900.55,0,2026-02-01,1,900.55,1.0,1.0
retention_outreach_2025q4,ASG-02d656770ed229ed,CUST001493,2025-11-01,control,no_action_control,AM0010,SMB,B3,33.925665,587.93,0.0,0.5,685.29,0,2026-02-01,1,587.93,1.0,1.1655979453336283
retention_outreach_2025q4,ASG-033a254dd51068a1,CUST002752,2025-11-01,control,no_action_control,AM0014,SMB,B2,29.278096,902.5,0.0,0.5,902.5,0,2026-02-01,1,902.5,1.0,1.0
retention_outreach_2025q4,ASG-034baf8beb864995,CUST001370,2025-11-01,treatment,success_plan_outreach,AM0035,SMB,B4,34.807409,1422.38,350.0,0.5,1422.38,0,2026-02-01,1,1422.38,1.0,1.0
retention_outreach_2025q4,ASG-0354ab1040edea88,CUST000408,2025-11-01,treatment,success_plan_outreach,AM0034,SMB,B4,34.432935,798.88,350.0,0.5,726.7,0,2026-02-01,1,726.7,0.9096485079110755,0.9096485079110755
retention_outreach_2025q4,ASG-03570e0754837b93,CUST001834,2025-11-01,treatment,success_plan_outreach,AM0022,Mid-Market,B4,42.35423,1865.39,900.0,0.5,1865.39,0,2026-02-01,1,1865.39,1.0,1.0
retention_outreach_2025q4,ASG-035bba608bb9b52e,CUST003335,2025-11-01,treatment,success_plan_outreach,AM0006,SMB,B1,20.101855,332.04,350.0,0.5,332.04,0,2026-02-01,1,332.04,1.0,1.0
retention_outreach_2025q4,ASG-03c47c6bee41d12c,CUST003399,2025-11-01,treatment,success_plan_outreach,AM0014,Enterprise,B4,44.682737,14990.47,2500.0,0.5,14990.47,0,2026-02-01,1,14990.47,1.0,1.0
retention_outreach_2025q4,ASG-03cf853e7dc95ec4,CUST003154,2025-11-01,treatment,success_plan_outreach,AM0029,SMB,B3,31.475909,518.69,350.0,0.5,518.69,0,2026-02-01,1,518.69,1.0,1.0
retention_outreach_2025q4,ASG-0439de48b471b693,CUST002080,2025-11-01,treatment,success_plan_outreach,AM0010,Mid-Market,B4,33.887679,809.25,900.0,0.5,809.25,0,2026-02-01,1,809.25,1.0,1.0
retention_outreach_2025q4,ASG-044ca859662cd138,CUST002741,2025-11-01,control,no_action_control,AM0003,SMB,B4,34.591481,547.5,0.0,0.5,675.05,0,2026-02-01,1,547.5,1.0,1.2329680365296802
retention_outreach_2025q4,ASG-04742e3015aa7ea3,CUST001897,2025-11-01,treatment,success_plan_outreach,AM0027,SMB,B2,29.997056,644.08,350.0,0.5,0.0,1,2026-02-01,0,0.0,0.0,0.0
retention_outreach_2025q4,ASG-047c2fd9546e9e48,CUST003911,2025-11-01,treatment,success_plan_outreach,AM0018,Enterprise,B2,24.297966,8432.53,2500.0,0.5,9400.85,0,2026-02-01,1,8432.53,1.0,1.1148314918535718
retention_outreach_2025q4,ASG-0480ccb8524d60bf,CUST001953,2025-11-01,control,no_action_control,AM0022,SMB,B2,27.669778,1049.67,0.0,0.5,1049.67,0,2026-02-01,1,1049.67,1.0,1.0
retention_outreach_2025q4,ASG-04d1e32192416bd3,CUST002778,2025-11-01,control,no_action_control,AM0035,SMB,B4,38.619585,613.2,0.0,0.5,561.44,0,2026-02-01,1,561.44,0.915590345727332,0.915590345727332
retention_outreach_2025q4,ASG-04eaafe07a14de7d,CUST003001,2025-11-01,control,no_action_control,AM0010,Enterprise,B4,31.936014,11474.94,0.0,0.5,11474.94,0,2026-02-01,1,11474.94,1.0,1.0
retention_outreach_2025q4,ASG-0511a8c8d3c20333,CUST000926,2025-11-01,treatment,success_plan_outreach,AM0005,SMB,B2,27.079739,553.4,350.0,0.5,553.4,0,2026-02-01,1,553.4,1.0,1.0
retention_outreach_2025q4,ASG-0525c5aff2f615b6,CUST002417,2025-11-01,control,no_action_control,AM0024,Enterprise,B1,18.081131,2081.63,0.0,0.5,2081.63,0,2026-02-01,1,2081.63,1.0,1.0
retention_outreach_2025q4,ASG-052c393d369736ad,CUST001124,2025-11-01,treatment,success_plan_outreach,AM0008,SMB,B4,60.021618,497.06,350.0,0.5,497.06,0,2026-02-01,1,497.06,1.0,1.0
retention_outreach_2025q4,ASG-0541953570ffd029,CUST003709,2025-11-01,control,no_action_control,AM0014,SMB,B4,49.801837,280.0,0.0,0.5,280.0,0,2026-02-01,1,280.0,1.0,1.0
retention_outreach_2025q4,ASG-054f4948969206c5,CUST003082,2025-11-01,control,no_action_control,AM0035,Mid-Market,B1,20.490108,1101.15,0.0,0.5,1101.15,0,2026-02-01,1,1101.15,1.0,1.0
retention_outreach_2025q4,ASG-0556d9fc48e2655c,CUST001533,2025-11-01,treatment,success_plan_outreach,AM0006,SMB,B3,34.206275,1376.72,350.0,0.5,1376.72,0,2026-02-01,1,1376.72,1.0,1.0
retention_outreach_2025q4,ASG-05a4e9dc7ae5407b,CUST003766,2025-11-01,treatment,success_plan_outreach,AM0018,Mid-Market,B1,21.725865,2410.41,900.0,0.5,2410.41,0,2026-02-01,1,2410.41,1.0,1.0
retention_outreach_2025q4,ASG-05afc14efea1d825,CUST001676,2025-11-01,control,no_action_control,AM0019,SMB,B1,23.500606,736.85,0.0,0.5,736.85,0,2026-02-01,1,736.85,1.0,1.0
retention_outreach_2025q4,ASG-05b78a4d32a8e6a9,CUST002673,2025-11-01,control,no_action_control,AM0033,Mid-Market,B2,25.52505,3388.69,0.0,0.5,3388.69,0,2026-02-01,1,3388.69,1.0,1.0
retention_outreach_2025q4,ASG-05dd0f823e700161,CUST003971,2025-11-01,treatment,success_plan_outreach,AM0001,SMB,B2,26.215973,485.54,350.0,0.5,485.54,0,2026-02-01,1,485.54,1.0,1.0
retention_outreach_2025q4,ASG-05e1ddc7982648df,CUST004196,2025-11-01,control,no_action_control,AM0034,Enterprise,B2,21.132712,16338.2,0.0,0.5,16338.2,0,2026-02-01,1,16338.2,1.0,1.0
retention_outreach_2025q4,ASG-05ed2041cc159e03,CUST001936,2025-11-01,control,no_action_control,AM0004,SMB,B2,28.202862,314.5,0.0,0.5,314.5,0,2026-02-01,1,314.5,1.0,1.0
retention_outreach_2025q4,ASG-06274940a333fd2c,CUST000833,2025-11-01,control,no_action_control,AM0028,SMB,B3,33.542555,917.61,0.0,0.5,917.61,0,2026-02-01,1,917.61,1.0,1.0
retention_outreach_2025q4,ASG-06607feb3270acd1,CUST003810,2025-11-01,treatment,success_plan_outreach,AM0009,SMB,B3,31.846925,348.26,350.0,0.5,366.39,0,2026-02-01,1,348.26,1.0,1.0520588066387182
retention_outreach_2025q4,ASG-06d87bd6bb55b4f1,CUST003430,2025-11-01,control,no_action_control,AM0013,SMB,B1,18.845008,1192.25,0.0,0.5,1192.25,0,2026-02-01,1,1192.25,1.0,1.0
retention_outreach_2025q4,ASG-06e77363b28e3659,CUST001587,2025-11-01,treatment,success_plan_outreach,AM0014,Enterprise,B2,20.612321,11286.02,2500.0,0.5,11286.02,0,2026-02-01,1,11286.02,1.0,1.0
retention_outreach_2025q4,ASG-06ec9abe12143377,CUST002455,2025-11-01,treatment,success_plan_outreach,AM0026,Enterprise,B2,20.318761,15000.93,2500.0,0.5,15000.93,0,2026-02-01,1,15000.93,1.0,1.0
retention_outreach_2025q4,ASG-06f25741ab252073,CUST003628,2025-11-01,control,no_action_control,AM0011,SMB,B3,31.84418,613.2,0.0,0.5,613.2,0,2026-02-01,1,613.2,1.0,1.0
retention_outreach_2025q4,ASG-06f337c0de343802,CUST004484,2025-11-01,treatment,success_plan_outreach,AM0029,SMB,B4,37.841847,462.5,350.0,0.5,462.5,0,2026-02-01,1,462.5,1.0,1.0
retention_outreach_2025q4,ASG-06f5970176eedc7f,CUST000844,2025-11-01,control,no_action_control,AM0014,Enterprise,B1,17.672888,6075.0,0.0,0.5,6483.82,0,2026-02-01,1,6075.0,1.0,1.0672954732510287
retention_outreach_2025q4,ASG-070366f98aa3adca,CUST000968,2025-11-01,treatment,success_plan_outreach,AM0018,SMB,B1,20.213917,1081.67,350.0,0.5,1081.67,0,2026-02-01,1,1081.67,1.0,1.0
retention_outreach_2025q4,ASG-077595d94cf937c6,CUST002783,2025-11-01,treatment,success_plan_outreach,AM0036,SMB,B1,18.749313,170.07,350.0,0.5,170.07,0,2026-02-01,1,170.07,1.0,1.0
retention_outreach_2025q4,ASG-0822564ffc3848d4,CUST001513,2025-11-01,treatment,success_plan_outreach,AM0028,SMB,B1,21.129501,926.25,350.0,0.5,926.25,0,2026-02-01,1,926.25,1.0,1.0
retention_outreach_2025q4,ASG-0834c8502382dd2a,CUST001178,2025-11-01,treatment,success_plan_outreach,AM0005,SMB,B2,29.723872,474.84,350.0,0.5,474.84,0,2026-02-01,1,474.84,1.0,1.0
retention_outreach_2025q4,ASG-08439e5bdcc55d3b,CUST001996,2025-11-01,treatment,success_plan_outreach,AM0032,Mid-Market,B4,45.186985,1500.39,900.0,0.5,1586.26,0,2026-02-01,1,1500.39,1.0,1.057231786402202
retention_outreach_2025q4,ASG-085a5f0993a33a1f,CUST003307,2025-11-01,treatment,success_plan_outreach,AM0036,Mid-Market,B3,29.575727,1149.01,900.0,0.5,1149.01,0,2026-02-01,1,1149.01,1.0,1.0
retention_outreach_2025q4,ASG-085f82e43a497431,CUST001879,2025-11-01,treatment,success_plan_outreach,AM0006,Mid-Market,B3,30.670433,2752.29,900.0,0.5,2752.29,0,2026-02-01,1,2752.29,1.0,1.0
retention_outreach_2025q4,ASG-08732420fca758a4,CUST003211,2025-11-01,treatment,success_plan_outreach,AM0029,SMB,B3,31.302414,250.0,350.0,0.5,250.0,0,2026-02-01,1,250.0,1.0,1.0
retention_outreach_2025q4,ASG-087a18f0c8f7a14d,CUST002552,2025-11-01,control,no_action_control,AM0007,Mid-Market,B1,21.685114,2208.72,0.0,0.5,2208.72,0,2026-02-01,1,2208.72,1.0,1.0
retention_outreach_2025q4,ASG-08cca294b5a8a0c6,CUST004023,2025-11-01,control,no_action_control,AM0022,Enterprise,B4,39.258536,40339.56,0.0,0.5,0.0,1,2026-02-01,0,0.0,0.0,0.0
retention_outreach_2025q4,ASG-08e9c6489edf2015,CUST004407,2025-11-01,treatment,success_plan_outreach,AM0032,Mid-Market,B2,27.04844,938.12,900.0,0.5,938.12,0,2026-02-01,1,938.12,1.0,1.0
retention_outreach_2025q4,ASG-090e7baadc37fb7a,CUST001142,2025-11-01,treatment,success_plan_outreach,AM0006,Mid-Market,B3,30.654512,4450.93,900.0,0.5,4450.93,0,2026-02-01,1,4450.93,1.0,1.0
retention_outreach_2025q4,ASG-0912a1ab4d608cac,CUST002127,2025-11-01,treatment,success_plan_outreach,AM0013,Mid-Market,B2,27.068549,1488.05,900.0,0.5,1488.05,0,2026-02-01,1,1488.05,1.0,1.0
retention_outreach_2025q4,ASG-092e528d242b026a,CUST002740,2025-11-01,control,no_action_control,AM0010,SMB,B2,28.858148,375.2,0.0,0.5,375.2,0,2026-02-01,1,375.2,1.0,1.0
retention_outreach_2025q4,ASG-093608a52ab5ff9f,CUST002847,2025-11-01,control,no_action_control,AM0036,Mid-Market,B1,18.978078,1001.26,0.0,0.5,1001.26,0,2026-02-01,1,1001.26,1.0,1.0
retention_outreach_2025q4,ASG-095b96f8e10dddb3,CUST003059,2025-11-01,control,no_action_control,AM0032,SMB,B2,28.435989,747.83,0.0,0.5,0.0,1,2026-02-01,0,0.0,0.0,0.0
retention_outreach_2025q4,ASG-09794e6f39e53a14,CUST000107,2025-11-01,treatment,success_plan_outreach,AM0028,SMB,B4,42.961632,611.15,350.0,0.5,611.15,0,2026-02-01,1,611.15,1.0,1.0
retention_outreach_2025q4,ASG-09b44dd059eb63ac,CUST000679,2025-11-01,control,no_action_control,AM0039,SMB,B4,57.986083,600.57,0.0,0.5,600.57,0,2026-02-01,1,600.57,1.0,1.0
retention_outreach_2025q4,ASG-09ba987762c2c40f,CUST002962,2025-11-01,treatment,success_plan_outreach,AM0019,SMB,B4,37.253342,401.17,350.0,0.5,401.17,0,2026-02-01,1,401.17,1.0,1.0
retention_outreach_2025q4,ASG-0a37281abaa1d76e,CUST000171,2025-11-01,treatment,success_plan_outreach,AM0028,SMB,B3,33.987578,1041.65,350.0,0.5,1041.65,0,2026-02-01,1,1041.65,1.0,1.0
retention_outreach_2025q4,ASG-0a45ff0850746bd3,CUST001780,2025-11-01,control,no_action_control,AM0037,SMB,B3,31.615764,904.36,0.0,0.5,904.36,0,2026-02-01,1,904.36,1.0,1.0
retention_outreach_2025q4,ASG-0ae256428d6c5e1b,CUST001005,2025-11-01,control,no_action_control,AM0040,Mid-Market,B3,29.638026,3042.0,0.0,0.5,3042.0,0,2026-02-01,1,3042.0,1.0,1.0
retention_outreach_2025q4,ASG-0ae7acdf85e4a472,CUST002502,2025-11-01,control,no_action_control,AM0010,SMB,B3,32.3213,613.2,0.0,0.5,613.2,0,2026-02-01,1,613.2,1.0,1.0
retention_outreach_2025q4,ASG-0aec1e6f1094326e,CUST002532,2025-11-01,control,no_action_control,AM0033,SMB,B1,20.96921,725.27,0.0,0.5,725.27,0,2026-02-01,1,725.27,1.0,1.0
retention_outreach_2025q4,ASG-0b11f5af07c671ee,CUST000377,2025-11-01,treatment,success_plan_outreach,AM0008,SMB,B1,23.944216,466.25,350.0,0.5,466.25,0,2026-02-01,1,466.25,1.0,1.0
retention_outreach_2025q4,ASG-0b18fa4f80ec019d,CUST001753,2025-11-01,treatment,success_plan_outreach,AM0015,Enterprise,B1,18.349479,7658.69,2500.0,0.5,7658.69,0,2026-02-01,1,7658.69,1.0,1.0
retention_outreach_2025q4,ASG-0b24fcd38a9328d8,CUST000683,2025-11-01,control,no_action_control,AM0004,Mid-Market,B2,26.275809,1028.9,0.0,0.5,1028.9,0,2026-02-01,1,1028.9,1.0,1.0
retention_outreach_2025q4,ASG-0b2e8504f6aba60d,CUST000482,2025-11-01,control,no_action_control,AM0035,SMB,B2,26.187997,440.65,0.0,0.5,440.65,0,2026-02-01,1,440.65,1.0,1.0
retention_outreach_2025q4,ASG-0b57dd2be9e869c6,CUST002920,2025-11-01,treatment,success_plan_outreach,AM0012,SMB,B3,31.247394,337.81,350.0,0.5,337.81,0,2026-02-01,1,337.81,1.0,1.0
retention_outreach_2025q4,ASG-0b64399274905c1f,CUST004315,2025-11-01,treatment,success_plan_outreach,AM0001,SMB,B3,33.553683,470.4,350.0,0.5,470.4,0,2026-02-01,1,470.4,1.0,1.0
retention_outreach_2025q4,ASG-0b7d0a23c134deed,CUST001204,2025-11-01,treatment,success_plan_outreach,AM0030,Mid-Market,B2,25.121462,1434.5,900.0,0.5,1434.5,0,2026-02-01,1,1434.5,1.0,1.0
retention_outreach_2025q4,ASG-0b7e3dc75a79e01b,CUST001668,2025-11-01,treatment,success_plan_outreach,AM0038,SMB,B3,34.090361,471.64,350.0,0.5,0.0,1,2026-02-01,0,0.0,0.0,0.0
retention_outreach_2025q4,ASG-0b85804cdf843304,CUST000464,2025-11-01,control,no_action_control,AM0016,SMB,B4,36.928157,250.0,0.0,0.5,250.0,0,2026-02-01,1,250.0,1.0,1.0
retention_outreach_2025q4,ASG-0b902e9f05c1de31,CUST000976,2025-11-01,control,no_action_control,AM0025,SMB,B4,36.159504,327.6,0.0,0.5,327.6,0,2026-02-01,1,327.6,1.0,1.0
retention_outreach_2025q4,ASG-0b9f5194e6917f59,CUST003009,2025-11-01,treatment,success_plan_outreach,AM0015,SMB,B4,49.710752,762.99,350.0,0.5,762.99,0,2026-02-01,1,762.99,1.0,1.0
retention_outreach_2025q4,ASG-0bce4086af22dbaf,CUST004017,2025-11-01,control,no_action_control,AM0022,Mid-Market,B1,20.946361,1396.49,0.0,0.5,1396.49,0,2026-02-01,1,1396.49,1.0,1.0
retention_outreach_2025q4,ASG-0c0aa2215c900d26,CUST000762,2025-11-01,treatment,success_plan_outreach,AM0014,Mid-Market,B4,34.555797,990.38,900.0,0.5,799.49,0,2026-02-01,1,799.49,0.8072558008037319,0.8072558008037319
retention_outreach_2025q4,ASG-0c0e1584fa2419c8,CUST001371,2025-11-01,treatment,success_plan_outreach,AM0034,SMB,B3,32.386738,335.0,350.0,0.5,335.0,0,2026-02-01,1,335.0,1.0,1.0
retention_outreach_2025q4,ASG-0c0eae69208f233e,CUST000946,2025-11-01,treatment,success_plan_outreach,AM0008,SMB,B4,40.078893,1029.91,350.0,0.5,1029.91,0,2026-02-01,1,1029.91,1.0,1.0
retention_outreach_2025q4,ASG-0c2cbda78e140472,CUST003719,2025-11-01,treatment,success_plan_outreach,AM0020,SMB,B3,30.688519,413.23,350.0,0.5,413.23,0,2026-02-01,1,413.23,1.0,1.0
retention_outreach_2025q4,ASG-0c8727c21626307b,CUST002397,2025-11-01,control,no_action_control,AM0029,SMB,B1,22.648869,272.74,0.0,0.5,272.74,0,2026-02-01,1,272.74,1.0,1.0
retention_outreach_2025q4,ASG-0cb7b13314fe1733,CUST001809,2025-11-01,treatment,success_plan_outreach,AM0023,Enterprise,B3,25.920086,6915.23,2500.0,0.5,6915.23,0,2026-02-01,1,6915.23,1.0,1.0
retention_outreach_2025q4,ASG-0cb8c264d9a51735,CUST001583,2025-11-01,treatment,success_plan_outreach,AM0025,Mid-Market,B2,27.647515,1550.06,900.0,0.5,1550.06,0,2026-02-01,1,1550.06,1.0,1.0
retention_outreach_2025q4,ASG-0d0c5b0882cdb545,CUST002381,2025-11-01,treatment,success_plan_outreach,AM0030,SMB,B4,35.151837,1010.85,350.0,0.5,1010.85,0,2026-02-01,1,1010.85,1.0,1.0
retention_outreach_2025q4,ASG-0db082c3faab111f,CUST001553,2025-11-01,control,no_action_control,AM0040,Mid-Market,B4,33.021546,1585.55,0.0,0.5,1180.23,0,2026-02-01,1,1180.23,0.744366308221122,0.744366308221122
retention_outreach_2025q4,ASG-0ddf6b02f24eb8f0,CUST001683,2025-11-01,treatment,success_plan_outreach,AM0009,SMB,B4,35.161224,420.0,350.0,0.5,420.0,0,2026-02-01,1,420.0,1.0,1.0
retention_outreach_2025q4,ASG-0df3df80441cd40f,CUST004158,2025-11-01,treatment,success_plan_outreach,AM0040,Mid-Market,B1,21.820555,2920.44,900.0,0.5,2920.44,0,2026-02-01,1,2920.44,1.0,1.0
retention_outreach_2025q4,ASG-0dfa064d9f6b45ff,CUST001640,2025-11-01,control,no_action_control,AM0038,SMB,B4,68.948788,1217.56,0.0,0.5,1217.56,0,2026-02-01,1,1217.56,1.0,1.0
retention_outreach_2025q4,ASG-0e35945d9249bf4e,CUST000492,2025-11-01,treatment,success_plan_outreach,AM0026,SMB,B2,29.57443,813.5,350.0,0.5,813.5,0,2026-02-01,1,813.5,1.0,1.0
retention_outreach_2025q4,ASG-0e4b9517a1520017,CUST001539,2025-11-01,control,no_action_control,AM0040,Enterprise,B4,32.268907,23047.39,0.0,0.5,24662.22,0,2026-02-01,1,23047.39,1.0,1.070065634329961
retention_outreach_2025q4,ASG-0e7cbaa7c17034ee,CUST001915,2025-11-01,control,no_action_control,AM0030,Mid-Market,B4,63.093116,1008.48,0.0,0.5,1139.88,0,2026-02-01,1,1008.48,1.0,1.1302950975725845
retention_outreach_2025q4,ASG-0ea58456f660e9e2,CUST001801,2025-11-01,treatment,success_plan_outreach,AM0036,Mid-Market,B1,19.211461,2589.17,900.0,0.5,0.0,1,2026-02-01,0,0.0,0.0,0.0
retention_outreach_2025q4,ASG-0eb5fb0a200ee5d0,CUST000808,2025-11-01,control,no_action_control,AM0009,SMB,B2,28.855588,926.25,0.0,0.5,926.25,0,2026-02-01,1,926.25,1.0,1.0
retention_outreach_2025q4,ASG-0ec11445152c1ebe,CUST002458,2025-11-01,control,no_action_control,AM0040,SMB,B2,24.430393,295.5,0.0,0.5,295.5,1,2026-02-01,1,295.5,1.0,1.0
retention_outreach_2025q4,ASG-0ed0d65b10f574ed,CUST002091,2025-11-01,treatment,success_plan_outreach,AM0005,SMB,B3,30.298435,1006.37,350.0,0.5,1006.37,0,2026-02-01,1,1006.37,1.0,1.0
retention_outreach_2025q4,ASG-0f1b0f7c3cee7524,CUST000119,2025-11-01,control,no_action_control,AM0005,Mid-Market,B4,45.714411,2854.9,0.0,0.5,2854.9,0,2026-02-01,1,2854.9,1.0,1.0
retention_outreach_2025q4,ASG-0f1c7abb08e7efea,CUST004177,2025-11-01,treatment,success_plan_outreach,AM0036,Mid-Market,B2,27.559389,2775.28,900.0,0.5,2775.28,0,2026-02-01,1,2775.28,1.0,1.0
retention_outreach_2025q4,ASG-0f312882dd2beaf1,CUST004473,2025-11-01,treatment,success_plan_outreach,AM0007,Mid-Market,B1,18.680716,2026.31,900.0,0.5,2026.31,0,2026-02-01,1,2026.31,1.0,1.0
retention_outreach_2025q4,ASG-0f6290d9fbaa80d1,CUST003691,2025-11-01,treatment,success_plan_outreach,AM0008,Enterprise,B1,19.087928,10242.05,2500.0,0.5,10242.05,0,2026-02-01,1,10242.05,1.0,1.0
retention_outreach_2025q4,ASG-0f7706c11f1e4fe7,CUST001800,2025-11-01,control,no_action_control,AM0015,SMB,B1,22.834797,518.0,0.0,0.5,518.0,0,2026-02-01,1,518.0,1.0,1.0
retention_outreach_2025q4,ASG-0f966c8e4ed0186b,CUST004323,2025-11-01,treatment,success_plan_outreach,AM0034,Mid-Market,B1,17.990605,2715.78,900.0,0.5,2715.78,0,2026-02-01,1,2715.78,1.0,1.0
retention_outreach_2025q4,ASG-0fd57f70869509f5,CUST001181,2025-11-01,control,no_action_control,AM0024,SMB,B2,26.540521,751.38,0.0,0.5,838.7,0,2026-02-01,1,751.38,1.0,1.1162128350501743
retention_outreach_2025q4,ASG-100f52798c98677b,CUST002202,2025-11-01,treatment,success_plan_outreach,AM0018,SMB,B1,19.248437,647.62,350.0,0.5,780.92,0,2026-02-01,1,647.62,1.0,1.2058305796609121
retention_outreach_2025q4,ASG-102a6eee959c0451,CUST004125,2025-11-01,control,no_action_control,AM0037,SMB,B3,32.25795,1179.99,0.0,0.5,1179.99,0,2026-02-01,1,1179.99,1.0,1.0
retention_outreach_2025q4,ASG-104d7a20f0176925,CUST000313,2025-11-01,treatment,success_plan_outreach,AM0012,Enterprise,B4,31.943737,34138.4,2500.0,0.5,34138.4,0,2026-02-01,1,34138.4,1.0,1.0
retention_outreach_2025q4,ASG-106421555d73c63d,CUST002269,2025-11-01,treatment,success_plan_outreach,AM0040,Enterprise,B1,19.480575,20203.78,2500.0,0.5,22650.54,0,2026-02-01,1,20203.78,1.0,1.121104070624408
retention_outreach_2025q4,ASG-107264ec0e474301,CUST004174,2025-11-01,control,no_action_control,AM0033,SMB,B3,33.302455,850.4,0.0,0.5,0.0,0,2026-02-01,0,0.0,0.0,0.0
retention_outreach_2025q4,ASG-10b71fbab7216e3f,CUST002654,2025-11-01,control,no_action_control,AM0031,SMB,B4,40.28992,250.0,0.0,0.5,250.0,0,2026-02-01,1,250.0,1.0,1.0
retention_outreach_2025q4,ASG-10e3093b0102f246,CUST003264,2025-11-01,treatment,success_plan_outreach,AM0004,Mid-Market,B4,40.567111,2206.48,900.0,0.5,2206.48,0,2026-02-01,1,2206.48,1.0,1.0
retention_outreach_2025q4,ASG-10f7c7d4aaa9433b,CUST000013,2025-11-01,treatment,success_plan_outreach,AM0002,SMB,B3,31.926701,898.8,350.0,0.5,898.8,0,2026-02-01,1,898.8,1.0,1.0
retention_outreach_2025q4,ASG-112190b51dfb2a97,CUST000353,2025-11-01,control,no_action_control,AM0035,Mid-Market,B1,18.223225,902.5,0.0,0.5,902.5,0,2026-02-01,1,902.5,1.0,1.0
retention_outreach_2025q4,ASG-11255e45e8a90f62,CUST000630,2025-11-01,treatment,success_plan_outreach,AM0028,SMB,B1,23.761725,998.66,350.0,0.5,1208.6,0,2026-02-01,1,998.66,1.0,1.2102216970740791
retention_outreach_2025q4,ASG-115129e26d9fb2c4,CUST000487,2025-11-01,treatment,success_plan_outreach,AM0015,SMB,B3,30.961762,783.32,350.0,0.5,783.32,0,2026-02-01,1,783.32,1.0,1.0
retention_outreach_2025q4,ASG-115d2d8384d42573,CUST001050,2025-11-01,control,no_action_control,AM0024,Mid-Market,B4,33.90845,1323.85,0.0,0.5,1323.85,0,2026-02-01,1,1323.85,1.0,1.0
retention_outreach_2025q4,ASG-117e97ac43a0a98a,CUST003172,2025-11-01,treatment,success_plan_outreach,AM0010,SMB,B1,22.593188,914.38,350.0,0.5,914.38,0,2026-02-01,1,914.38,1.0,1.0
retention_outreach_2025q4,ASG-118902aaa5736a67,CUST001123,2025-11-01,control,no_action_control,AM0026,Enterprise,B3,29.75425,5159.03,0.0,0.5,5159.03,0,2026-02-01,1,5159.03,1.0,1.0
retention_outreach_2025q4,ASG-11a7acdc5b06de3d,CUST003580,2025-11-01,treatment,success_plan_outreach,AM0034,SMB,B4,48.407211,1151.88,350.0,0.5,1151.88,0,2026-02-01,1,1151.88,1.0,1.0
retention_outreach_2025q4,ASG-11b1cceb15646221,CUST003037,2025-11-01,control,no_action_control,AM0035,Mid-Market,B4,33.870043,2231.25,0.0,0.5,2231.25,0,2026-02-01,1,2231.25,1.0,1.0
retention_outreach_2025q4,ASG-11b48e8de91825c9,CUST003023,2025-11-01,treatment,success_plan_outreach,AM0035,Mid-Market,B2,23.480392,2589.17,900.0,0.5,2589.17,0,2026-02-01,1,2589.17,1.0,1.0
retention_outreach_2025q4,ASG-11b7f2dcc2dd1603,CUST004466,2025-11-01,control,no_action_control,AM0002,SMB,B3,32.335044,290.49,0.0,0.5,290.49,0,2026-02-01,1,290.49,1.0,1.0
retention_outreach_2025q4,ASG-11b9cd767937582c,CUST000819,2025-11-01,treatment,success_plan_outreach,AM0012,Enterprise,B3,30.659183,7880.89,2500.0,0.5,7880.89,0,2026-02-01,1,7880.89,1.0,1.0
retention_outreach_2025q4,ASG-11ce877471d59a27,CUST000927,2025-11-01,control,no_action_control,AM0013,SMB,B2,27.798955,368.34,0.0,0.5,368.34,0,2026-02-01,1,368.34,1.0,1.0
retention_outreach_2025q4,ASG-12023c21849ee436,CUST000654,2025-11-01,treatment,success_plan_outreach,AM0008,SMB,B4,35.023991,685.46,350.0,0.5,685.46,0,2026-02-01,1,685.46,1.0,1.0
retention_outreach_2025q4,ASG-12ace996bec394e3,CUST001974,2025-11-01,control,no_action_control,AM0001,Mid-Market,B3,29.97127,1055.19,0.0,0.5,1055.19,1,2026-02-01,1,1055.19,1.0,1.0
retention_outreach_2025q4,ASG-12b8e1a3e95ee0ff,CUST002045,2025-11-01,treatment,success_plan_outreach,AM0026,SMB,B2,30.052826,422.8,350.0,0.5,422.8,0,2026-02-01,1,422.8,1.0,1.0
retention_outreach_2025q4,ASG-12bea8a79017341c,CUST003798,2025-11-01,treatment,success_plan_outreach,AM0036,Mid-Market,B1,21.08408,3336.4,900.0,0.5,3336.4,0,2026-02-01,1,3336.4,1.0,1.0
retention_outreach_2025q4,ASG-12f405e9d52fb339,CUST001620,2025-11-01,control,no_action_control,AM0029,Mid-Market,B4,33.090711,2341.99,0.0,0.5,2341.99,0,2026-02-01,1,2341.99,1.0,1.0
retention_outreach_2025q4,ASG-13ca68b2b0b054f9,CUST004189,2025-11-01,control,no_action_control,AM0013,Enterprise,B2,19.937409,13153.74,0.0,0.5,13153.74,0,2026-02-01,1,13153.74,1.0,1.0
retention_outreach_2025q4,ASG-13df6c9968312a82,CUST000295,2025-11-01,control,no_action_control,AM0012,SMB,B2,27.633711,950.0,0.0,0.5,950.0,0,2026-02-01,1,950.0,1.0,1.0
retention_outreach_2025q4,ASG-1407abb19a194502,CUST000478,2025-11-01,control,no_action_control,AM0033,SMB,B4,48.027718,471.56,0.0,0.5,471.56,0,2026-02-01,1,471.56,1.0,1.0
retention_outreach_2025q4,ASG-1410f116cdaa508d,CUST001943,2025-11-01,control,no_action_control,AM0038,SMB,B2,29.002147,630.61,0.0,0.5,630.61,0,2026-02-01,1,630.61,1.0,1.0
retention_outreach_2025q4,ASG-1420c70f9a594652,CUST004310,2025-11-01,control,no_action_control,AM0040,Enterprise,B4,33.152017,16621.9,0.0,0.5,16621.9,0,2026-02-01,1,16621.9,1.0,1.0
retention_outreach_2025q4,ASG-1428a2cb43f8da49,CUST001188,2025-11-01,control,no_action_control,AM0007,SMB,B2,29.55135,518.0,0.0,0.5,518.0,0,2026-02-01,1,518.0,1.0,1.0
retention_outreach_2025q4,ASG-14d64c97030f4451,CUST001889,2025-11-01,control,no_action_control,AM0008,SMB,B2,28.600173,1151.88,0.0,0.5,1151.88,0,2026-02-01,1,1151.88,1.0,1.0
retention_outreach_2025q4,ASG-14e928d395971caf,CUST002668,2025-11-01,treatment,success_plan_outreach,AM0005,SMB,B1,20.023571,1179.95,350.0,0.5,1179.95,0,2026-02-01,1,1179.95,1.0,1.0
retention_outreach_2025q4,ASG-150e45913d5ef74a,CUST001310,2025-11-01,treatment,success_plan_outreach,AM0001,SMB,B4,36.276589,971.1,350.0,0.5,971.1,0,2026-02-01,1,971.1,1.0,1.0
retention_outreach_2025q4,ASG-1514ce6af031dacb,CUST002089,2025-11-01,treatment,success_plan_outreach,AM0035,Mid-Market,B2,27.577804,972.77,900.0,0.5,972.77,0,2026-02-01,1,972.77,1.0,1.0
retention_outreach_2025q4,ASG-1531d846b8243c1e,CUST001731,2025-11-01,treatment,success_plan_outreach,AM0040,Mid-Market,B2,26.499204,3070.64,900.0,0.5,3671.89,0,2026-02-01,1,3070.64,1.0,1.1958060860276685
retention_outreach_2025q4,ASG-154611d614d78299,CUST003944,2025-11-01,control,no_action_control,AM0009,Mid-Market,B1,19.203112,1684.32,0.0,0.5,1684.32,0,2026-02-01,1,1684.32,1.0,1.0
retention_outreach_2025q4,ASG-156551a9bd17fd1c,CUST004490,2025-11-01,treatment,success_plan_outreach,AM0002,SMB,B3,30.669699,877.52,350.0,0.5,877.52,0,2026-02-01,1,877.52,1.0,1.0
retention_outreach_2025q4,ASG-1575693a2a67e31c,CUST002144,2025-11-01,treatment,success_plan_outreach,AM0015,Enterprise,B3,28.328791,7268.22,2500.0,0.5,7268.22,0,2026-02-01,1,7268.22,1.0,1.0
retention_outreach_2025q4,ASG-15e78546fc2d7939,CUST003748,2025-11-01,control,no_action_control,AM0038,Enterprise,B3,29.903976,6738.44,0.0,0.5,7473.09,0,2026-02-01,1,6738.44,1.0,1.1090237503042248
retention_outreach_2025q4,ASG-15f0e0cc6b984d88,CUST002902,2025-11-01,control,no_action_control,AM0020,SMB,B2,28.08665,338.2,0.0,0.5,338.2,0,2026-02-01,1,338.2,1.0,1.0
retention_outreach_2025q4,ASG-16128ed6b3b8347d,CUST003261,2025-11-01,control,no_action_control,AM0028,SMB,B3,32.106534,364.71,0.0,0.5,364.71,0,2026-02-01,1,364.71,1.0,1.0
retention_outreach_2025q4,ASG-16a503381337a53d,CUST003660,2025-11-01,control,no_action_control,AM0040,SMB,B1,22.185309,990.38,0.0,0.5,1171.06,0,2026-02-01,1,990.38,1.0,1.182435024939922
retention_outreach_2025q4,ASG-16c5c38e38335934,CUST002832,2025-11-01,control,no_action_control,AM0012,Mid-Market,B1,20.598494,2514.43,0.0,0.5,2514.43,0,2026-02-01,1,2514.43,1.0,1.0
retention_outreach_2025q4,ASG-172b43c4f97b71b3,CUST004401,2025-11-01,treatment,success_plan_outreach,AM0007,Enterprise,B1,18.848992,6955.13,2500.0,0.5,6955.13,0,2026-02-01,1,6955.13,1.0,1.0
retention_outreach_2025q4,ASG-178307957d5377cf,CUST000222,2025-11-01,control,no_action_control,AM0033,Mid-Market,B3,29.84823,1721.36,0.0,0.5,1721.36,0,2026-02-01,1,1721.36,1.0,1.0
retention_outreach_2025q4,ASG-1798d2e63712f1d2,CUST004116,2025-11-01,treatment,success_plan_outreach,AM0034,SMB,B1,24.168441,1216.42,350.0,0.5,1216.42,0,2026-02-01,1,1216.42,1.0,1.0
retention_outreach_2025q4,ASG-17a0d4d454dd9db1,CUST000476,2025-11-01,control,no_action_control,AM0003,SMB,B2,24.819866,655.4,0.0,0.5,655.4,0,2026-02-01,1,655.4,1.0,1.0
retention_outreach_2025q4,ASG-17a3cb221cfe2565,CUST003742,2025-11-01,treatment,success_plan_outreach,AM0026,Mid-Market,B3,31.535228,1151.88,900.0,0.5,1151.88,0,2026-02-01,1,1151.88,1.0,1.0
retention_outreach_2025q4,ASG-17a8b4733a248553,CUST002860,2025-11-01,control,no_action_control,AM0034,SMB,B4,42.205048,579.9,0.0,0.5,643.32,0,2026-02-01,1,579.9,1.0,1.1093636833936886
retention_outreach_2025q4,ASG-17e36c40897a81d9,CUST001712,2025-11-01,treatment,success_plan_outreach,AM0013,Enterprise,B3,27.619935,8628.0,2500.0,0.5,8628.0,0,2026-02-01,1,8628.0,1.0,1.0
retention_outreach_2025q4,ASG-17e910ff6914a145,CUST003411,2025-11-01,control,no_action_control,AM0004,SMB,B3,34.226866,499.27,0.0,0.5,499.27,0,2026-02-01,1,499.27,1.0,1.0
retention_outreach_2025q4,ASG-1817c98ff20448b3,CUST002964,2025-11-01,treatment,success_plan_outreach,AM0011,SMB,B3,34.187015,775.1,350.0,0.5,775.1,0,2026-02-01,1,775.1,1.0,1.0
retention_outreach_2025q4,ASG-184599fd1ba93e76,CUST002566,2025-11-01,treatment,success_plan_outreach,AM0005,SMB,B2,30.033101,518.0,350.0,0.5,518.0,0,2026-02-01,1,518.0,1.0,1.0
retention_outreach_2025q4,ASG-189d5b3e07e5e143,CUST002619,2025-11-01,control,no_action_control,AM0011,Mid-Market,B4,34.304584,1958.8,0.0,0.5,1958.8,0,2026-02-01,1,1958.8,1.0,1.0
retention_outreach_2025q4,ASG-18cee0598183af16,CUST001266,2025-11-01,treatment,success_plan_outreach,AM0010,Mid-Market,B1,18.397602,1385.81,900.0,0.5,1570.25,0,2026-02-01,1,1385.81,1.0,1.1330918379864483
retention_outreach_2025q4,ASG-18cf7b765be039d7,CUST000556,2025-11-01,treatment,success_plan_outreach,AM0022,SMB,B2,26.898853,889.08,350.0,0.5,889.08,0,2026-02-01,1,889.08,1.0,1.0
retention_outreach_2025q4,ASG-18eada834b627c7d,CUST003303,2025-11-01,treatment,success_plan_outreach,AM0012,Mid-Market,B1,18.843939,2722.04,900.0,0.5,2722.04,0,2026-02-01,1,2722.04,1.0,1.0
retention_outreach_2025q4,ASG-190f99525f860e71,CUST002387,2025-11-01,control,no_action_control,AM0019,SMB,B1,18.838633,990.38,0.0,0.5,990.38,0,2026-02-01,1,990.38,1.0,1.0
retention_outreach_2025q4,ASG-1980201f5386fe15,CUST004007,2025-11-01,treatment,success_plan_outreach,AM0004,Mid-Market,B3,31.956556,1409.72,900.0,0.5,1409.72,0,2026-02-01,1,1409.72,1.0,1.0
retention_outreach_2025q4,ASG-19a21a9aac8d2b70,CUST001452,2025-11-01,treatment,success_plan_outreach,AM0016,SMB,B3,31.915876,470.4,350.0,0.5,347.62,0,2026-02-01,1,347.62,0.7389880952380953,0.7389880952380953
retention_outreach_2025q4,ASG-19b6169bb1461526,CUST001425,2025-11-01,control,no_action_control,AM0023,Mid-Market,B1,19.182625,1463.37,0.0,0.5,1463.37,0,2026-02-01,1,1463.37,1.0,1.0
retention_outreach_2025q4,ASG-1a13d225e11943c6,CUST002206,2025-11-01,control,no_action_control,AM0036,SMB,B4,57.203624,292.2,0.0,0.5,292.2,0,2026-02-01,1,292.2,1.0,1.0
retention_outreach_2025q4,ASG-1a14151b218a5fc9,CUST003060,2025-11-01,control,no_action_control,AM0029,SMB,B1,19.769536,422.8,0.0,0.5,422.8,0,2026-02-01,1,422.8,1.0,1.0
retention_outreach_2025q4,ASG-1a167928b2d8992a,CUST002884,2025-11-01,treatment,success_plan_outreach,AM0040,SMB,B4,34.465633,443.75,350.0,0.5,443.75,0,2026-02-01,1,443.75,1.0,1.0
retention_outreach_2025q4,ASG-1a1a61d514ce28c8,CUST002542,2025-11-01,control,no_action_control,AM0011,SMB,B4,41.964763,211.61,0.0,0.5,0.0,1,2026-02-01,0,0.0,0.0,0.0
retention_outreach_2025q4,ASG-1a4078473d188ccb,CUST001275,2025-11-01,treatment,success_plan_outreach,AM0021,SMB,B1,20.192413,1221.11,350.0,0.5,1221.11,1,2026-02-01,1,1221.11,1.0,1.0
retention_outreach_2025q4,ASG-1a657c9a72c3e488,CUST003554,2025-11-01,control,no_action_control,AM0016,SMB,B2,29.366609,255.54,0.0,0.5,255.54,0,2026-02-01,1,255.54,1.0,1.0
retention_outreach_2025q4,ASG-1a7b176450ac91d6,CUST000902,2025-11-01,control,no_action_control,AM0032,SMB,B3,30.906961,393.64,0.0,0.5,420.71,0,2026-02-01,1,393.64,1.0,1.0687684178437151
retention_outreach_2025q4,ASG-1acf138f22fa7f40,CUST003950,2025-11-01,treatment,success_plan_outreach,AM0032,SMB,B3,31.494529,377.5,350.0,0.5,377.5,0,2026-02-01,1,377.5,1.0,1.0
retention_outreach_2025q4,ASG-1ad334ea64984a01,CUST003386,2025-11-01,treatment,success_plan_outreach,AM0009,Mid-Market,B4,32.901317,830.0,900.0,0.5,830.0,0,2026-02-01,1,830.0,1.0,1.0
retention_outreach_2025q4,ASG-1ae40f8be38e8e3a,CUST001604,2025-11-01,control,no_action_control,AM0029,SMB,B4,36.712511,260.91,0.0,0.5,260.91,0,2026-02-01,1,260.91,1.0,1.0
retention_outreach_2025q4,ASG-1b33606f580811f1,CUST002434,2025-11-01,control,no_action_control,AM0031,Mid-Market,B2,23.291019,3152.5,0.0,0.5,0.0,0,2026-02-01,0,0.0,0.0,0.0
retention_outreach_2025q4,ASG-1b3481131e118239,CUST000608,2025-11-01,control,no_action_control,AM0031,Enterprise,B1,17.938465,6213.33,0.0,0.5,6213.33,0,2026-02-01,1,6213.33,1.0,1.0
retention_outreach_2025q4,ASG-1b918a16adf4a632,CUST003180,2025-11-01,control,no_action_control,AM0035,Enterprise,B1,17.981101,10123.12,0.0,0.5,10123.12,0,2026-02-01,1,10123.12,1.0,1.0
retention_outreach_2025q4,ASG-1bec3be62a3f31a3,CUST002199,2025-11-01,control,no_action_control,AM0029,SMB,B1,23.218456,591.14,0.0,0.5,591.14,0,2026-02-01,1,591.14,1.0,1.0
retention_outreach_2025q4,ASG-1bfa032fbe486863,CUST004103,2025-11-01,treatment,success_plan_outreach,AM0013,Mid-Market,B4,33.546084,4074.85,900.0,0.5,4529.85,0,2026-02-01,1,4074.85,1.0,1.1116605519221567
retention_outreach_2025q4,ASG-1c136372564c9994,CUST003104,2025-11-01,treatment,success_plan_outreach,AM0031,Mid-Market,B4,39.28099,3438.59,900.0,0.5,3438.59,0,2026-02-01,1,3438.59,1.0,1.0
retention_outreach_2025q4,ASG-1c3768ffef700948,CUST004498,2025-11-01,control,no_action_control,AM0003,SMB,B1,19.515017,382.85,0.0,0.5,382.85,0,2026-02-01,1,382.85,1.0,1.0
retention_outreach_2025q4,ASG-1caf23daf36e8b9d,CUST004430,2025-11-01,control,no_action_control,AM0032,Mid-Market,B1,22.334946,1100.45,0.0,0.5,1100.45,0,2026-02-01,1,1100.45,1.0,1.0
retention_outreach_2025q4,ASG-1cbd1224811a76ed,CUST002287,2025-11-01,control,no_action_control,AM0028,Mid-Market,B1,19.74659,3106.55,0.0,0.5,3106.55,0,2026-02-01,1,3106.55,1.0,1.0
retention_outreach_2025q4,ASG-1cd05d1eaf0bfaa7,CUST000766,2025-11-01,treatment,success_plan_outreach,AM0032,Enterprise,B4,58.50038,11911.55,2500.0,0.5,11911.55,0,2026-02-01,1,11911.55,1.0,1.0
retention_outreach_2025q4,ASG-1cdc52e75b7be43d,CUST001754,2025-11-01,treatment,success_plan_outreach,AM0028,SMB,B1,23.081409,978.95,350.0,0.5,978.95,0,2026-02-01,1,978.95,1.0,1.0
retention_outreach_2025q4,ASG-1cef7099be7bf85d,CUST003555,2025-11-01,treatment,success_plan_outreach,AM0040,SMB,B3,30.323868,1080.48,350.0,0.5,1091.13,0,2026-02-01,1,1080.48,1.0,1.0098567303420702
retention_outreach_2025q4,ASG-1cf45d764a81aefd,CUST001351,2025-11-01,control,no_action_control,AM0029,Mid-Market,B4,32.983826,1429.68,0.0,0.5,1583.64,0,2026-02-01,1,1429.68,1.0,1.1076884337753903
retention_outreach_2025q4,ASG-1d245f6ea0dd77a2,CUST001406,2025-11-01,control,no_action_control,AM0029,SMB,B2,28.236122,674.72,0.0,0.5,674.72,0,2026-02-01,1,674.72,1.0,1.0
retention_outreach_2025q4,ASG-1d247c431359a006,CUST002540,2025-11-01,control,no_action_control,AM0001,SMB,B4,35.037123,727.57,0.0,0.5,630.34,0,2026-02-01,1,630.34,0.8663633739708894,0.8663633739708894
retention_outreach_2025q4,ASG-1d33f8c2cb9cc53e,CUST000869,2025-11-01,control,no_action_control,AM0012,Mid-Market,B3,31.416656,1006.51,0.0,0.5,1006.51,0,2026-02-01,1,1006.51,1.0,1.0
retention_outreach_2025q4,ASG-1d43f2d4941a1269,CUST003318,2025-11-01,control,no_action_control,AM0019,Enterprise,B1,18.694211,7294.14,0.0,0.5,7294.14,0,2026-02-01,1,7294.14,1.0,1.0
retention_outreach_2025q4,ASG-1d575e25033627eb,CUST003938,2025-11-01,treatment,success_plan_outreach,AM0025,SMB,B3,32.466199,798.88,350.0,0.5,798.88,0,2026-02-01,1,798.88,1.0,1.0
retention_outreach_2025q4,ASG-1d7fcfe22361fdf0,CUST004222,2025-11-01,control,no_action_control,AM0012,Mid-Market,B2,26.687345,4246.07,0.0,0.5,4246.07,0,2026-02-01,1,4246.07,1.0,1.0
retention_outreach_2025q4,ASG-1d809db44d717e3f,CUST002054,2025-11-01,control,no_action_control,AM0011,Mid-Market,B3,30.354242,1010.84,0.0,0.5,1010.84,0,2026-02-01,1,1010.84,1.0,1.0
retention_outreach_2025q4,ASG-1dde7b1abd9f1cfd,CUST001072,2025-11-01,treatment,success_plan_outreach,AM0035,Mid-Market,B4,34.755699,2559.41,900.0,0.5,0.0,1,2026-02-01,0,0.0,0.0,0.0
retention_outreach_2025q4,ASG-1e3a6cd326fab4d0,CUST000393,2025-11-01,control,no_action_control,AM0009,SMB,B4,35.822074,367.24,0.0,0.5,367.24,0,2026-02-01,1,367.24,1.0,1.0
retention_outreach_2025q4,ASG-1e98343e49e06f40,CUST000575,2025-11-01,control,no_action_control,AM0015,Mid-Market,B2,23.211139,3063.46,0.0,0.5,3490.14,0,2026-02-01,1,3063.46,1.0,1.139280421484204
retention_outreach_2025q4,ASG-1ed831ebd2696bdb,CUST004450,2025-11-01,control,no_action_control,AM0016,Enterprise,B1,17.695888,13873.96,0.0,0.5,13873.96,0,2026-02-01,1,13873.96,1.0,1.0
retention_outreach_2025q4,ASG-1ef38ec67caef4aa,CUST003170,2025-11-01,treatment,success_plan_outreach,AM0019,Enterprise,B1,17.580458,8084.0,2500.0,0.5,8084.0,0,2026-02-01,1,8084.0,1.0,1.0
retention_outreach_2025q4,ASG-1f2a7b1aad25b4c8,CUST004406,2025-11-01,control,no_action_control,AM0013,SMB,B4,35.098915,422.8,0.0,0.5,422.8,0,2026-02-01,1,422.8,1.0,1.0
retention_outreach_2025q4,ASG-1f42701b3b66d5dc,CUST002232,2025-11-01,control,no_action_control,AM0032,SMB,B4,39.355193,1355.58,0.0,0.5,1355.58,0,2026-02-01,1,1355.58,1.0,1.0
retention_outreach_2025q4,ASG-1f5f6499110562d2,CUST001725,2025-11-01,control,no_action_control,AM0032,Enterprise,B4,37.752947,9381.03,0.0,0.5,9381.03,0,2026-02-01,1,9381.03,1.0,1.0
retention_outreach_2025q4,ASG-1f66dccdc4e75abd,CUST003421,2025-11-01,control,no_action_control,AM0016,Mid-Market,B3,31.872991,2777.65,0.0,0.5,2777.65,0,2026-02-01,1,2777.65,1.0,1.0
retention_outreach_2025q4,ASG-1f6e683ac491fccf,CUST000811,2025-11-01,treatment,success_plan_outreach,AM0010,SMB,B4,36.54343,1522.03,350.0,0.5,1522.03,0,2026-02-01,1,1522.03,1.0,1.0
retention_outreach_2025q4,ASG-1f71031867777023,CUST001603,2025-11-01,treatment,success_plan_outreach,AM0035,Mid-Market,B4,32.873413,3760.24,900.0,0.5,4082.93,0,2026-02-01,1,3760.24,1.0,1.0858163308724975
retention_outreach_2025q4,ASG-1f96fcfdae82004f,CUST003908,2025-11-01,control,no_action_control,AM0035,Mid-Market,B1,20.178881,4727.41,0.0,0.5,4727.41,0,2026-02-01,1,4727.41,1.0,1.0
retention_outreach_2025q4,ASG-1fa435287bc102cc,CUST001945,2025-11-01,treatment,success_plan_outreach,AM0021,SMB,B2,29.033386,421.23,350.0,0.5,421.23,0,2026-02-01,1,421.23,1.0,1.0
retention_outreach_2025q4,ASG-1fd6d59b30e1e05f,CUST001049,2025-11-01,treatment,success_plan_outreach,AM0007,Mid-Market,B3,30.838724,1102.94,900.0,0.5,1102.94,0,2026-02-01,1,1102.94,1.0,1.0
retention_outreach_2025q4,ASG-1fdcf6a600a132b2,CUST003522,2025-11-01,treatment,success_plan_outreach,AM0001,SMB,B3,33.624787,327.6,350.0,0.5,327.6,0,2026-02-01,1,327.6,1.0,1.0
retention_outreach_2025q4,ASG-205606a282a18a75,CUST004306,2025-11-01,control,no_action_control,AM0019,SMB,B4,35.586252,280.0,0.0,0.5,305.16,0,2026-02-01,1,280.0,1.0,1.0898571428571429
retention_outreach_2025q4,ASG-205cd97172a71619,CUST000652,2025-11-01,control,no_action_control,AM0038,SMB,B3,33.943899,327.6,0.0,0.5,327.6,0,2026-02-01,1,327.6,1.0,1.0
retention_outreach_2025q4,ASG-20828e18e34b0870,CUST001955,2025-11-01,control,no_action_control,AM0028,SMB,B2,30.118593,422.8,0.0,0.5,422.8,0,2026-02-01,1,422.8,1.0,1.0
retention_outreach_2025q4,ASG-208e3e6408d2d30e,CUST003968,2025-11-01,control,no_action_control,AM0024,SMB,B2,28.705895,2564.8,0.0,0.5,2564.8,0,2026-02-01,1,2564.8,1.0,1.0
retention_outreach_2025q4,ASG-212e4576088f1d32,CUST001699,2025-11-01,control,no_action_control,AM0036,SMB,B4,42.545024,940.94,0.0,0.5,866.53,0,2026-02-01,1,866.53,0.9209195060258889,0.9209195060258889
retention_outreach_2025q4,ASG-215d1e90582e78bf,CUST001927,2025-11-01,treatment,success_plan_outreach,AM0007,Enterprise,B1,19.619754,17581.88,2500.0,0.5,17581.88,0,2026-02-01,1,17581.88,1.0,1.0
retention_outreach_2025q4,ASG-220228baefcd2614,CUST004312,2025-11-01,treatment,success_plan_outreach,AM0003,Mid-Market,B1,19.949971,926.25,900.0,0.5,926.25,0,2026-02-01,1,926.25,1.0,1.0
retention_outreach_2025q4,ASG-2228a4473f147bf4,CUST001546,2025-11-01,treatment,success_plan_outreach,AM0037,SMB,B1,22.115485,375.2,350.0,0.5,375.2,0,2026-02-01,1,375.2,1.0,1.0
retention_outreach_2025q4,ASG-226f21ad4de061d5,CUST002958,2025-11-01,treatment,success_plan_outreach,AM0032,Mid-Market,B2,23.988633,1219.13,900.0,0.5,1219.13,0,2026-02-01,1,1219.13,1.0,1.0
retention_outreach_2025q4,ASG-228ea6e8acb6272a,CUST002182,2025-11-01,treatment,success_plan_outreach,AM0005,Mid-Market,B2,27.87592,2406.09,900.0,0.5,2800.25,0,2026-02-01,1,2406.09,1.0,1.163817646056465
retention_outreach_2025q4,ASG-2294ed526f5a16b7,CUST002640,2025-11-01,treatment,success_plan_outreach,AM0020,SMB,B2,28.854963,482.02,350.0,0.5,482.02,0,2026-02-01,1,482.02,1.0,1.0
retention_outreach_2025q4,ASG-22a8527eba3967e8,CUST004390,2025-11-01,treatment,success_plan_outreach,AM0029,SMB,B4,48.823523,1396.47,350.0,0.5,0.0,0,2026-02-01,0,0.0,0.0,0.0
retention_outreach_2025q4,ASG-22d26d9b9aade4ed,CUST004422,2025-11-01,treatment,success_plan_outreach,AM0002,SMB,B1,19.375554,946.16,350.0,0.5,804.61,0,2026-02-01,1,804.61,0.8503952819819058,0.8503952819819058
retention_outreach_2025q4,ASG-22dc480a21e40b08,CUST001778,2025-11-01,treatment,success_plan_outreach,AM0010,Mid-Market,B2,25.503661,2508.09,900.0,0.5,2508.09,0,2026-02-01,1,2508.09,1.0,1.0
retention_outreach_2025q4,ASG-23056b564dfa8aad,CUST004135,2025-11-01,treatment,success_plan_outreach,AM0008,Mid-Market,B2,26.263903,1526.84,900.0,0.5,1526.84,0,2026-02-01,1,1526.84,1.0,1.0
retention_outreach_2025q4,ASG-234afc38d72ba58d,CUST003223,2025-11-01,control,no_action_control,AM0038,Mid-Market,B1,18.06852,2854.32,0.0,0.5,2854.32,0,2026-02-01,1,2854.32,1.0,1.0
retention_outreach_2025q4,ASG-2360bb629822392b,CUST000046,2025-11-01,control,no_action_control,AM0012,SMB,B3,30.818523,1071.32,0.0,0.5,1071.32,0,2026-02-01,1,1071.32,1.0,1.0
retention_outreach_2025q4,ASG-2372083566a3b503,CUST000633,2025-11-01,control,no_action_control,AM0037,Mid-Market,B1,20.073004,2855.62,0.0,0.5,2855.62,0,2026-02-01,1,2855.62,1.0,1.0
retention_outreach_2025q4,ASG-23baad6b7e30c8ce,CUST003946,2025-11-01,control,no_action_control,AM0025,SMB,B1,20.070946,414.06,0.0,0.5,414.06,0,2026-02-01,1,414.06,1.0,1.0
retention_outreach_2025q4,ASG-23c383799eca365e,CUST002143,2025-11-01,control,no_action_control,AM0039,SMB,B2,27.434936,327.6,0.0,0.5,349.02,0,2026-02-01,1,327.6,1.0,1.0653846153846152
retention_outreach_2025q4,ASG-23c91afe9a46fd85,CUST000414,2025-11-01,control,no_action_control,AM0005,Enterprise,B1,17.871453,8075.5,0.0,0.5,8075.5,0,2026-02-01,1,8075.5,1.0,1.0
retention_outreach_2025q4,ASG-23d10c8710104282,CUST002188,2025-11-01,control,no_action_control,AM0012,SMB,B4,52.702665,466.86,0.0,0.5,466.86,0,2026-02-01,1,466.86,1.0,1.0
retention_outreach_2025q4,ASG-23f0fd381dd2d19d,CUST003727,2025-11-01,treatment,success_plan_outreach,AM0005,Mid-Market,B4,53.589254,1192.91,900.0,0.5,1192.91,0,2026-02-01,1,1192.91,1.0,1.0
retention_outreach_2025q4,ASG-24281bf096f470d5,CUST001967,2025-11-01,treatment,success_plan_outreach,AM0032,Mid-Market,B1,19.758401,2567.5,900.0,0.5,3330.53,0,2026-02-01,1,2567.5,1.0,1.2971879259980525
retention_outreach_2025q4,ASG-242d7895ec4060fc,CUST001278,2025-11-01,control,no_action_control,AM0035,Mid-Market,B1,21.612808,3078.83,0.0,0.5,2611.3,0,2026-02-01,1,2611.3,0.8481468609829059,0.8481468609829059
retention_outreach_2025q4,ASG-246688fe46eaf55b,CUST004126,2025-11-01,control,no_action_control,AM0034,Mid-Market,B4,34.367342,1226.44,0.0,0.5,1226.44,0,2026-02-01,1,1226.44,1.0,1.0
retention_outreach_2025q4,ASG-248ef591f9a8e560,CUST000089,2025-11-01,control,no_action_control,AM0017,SMB,B2,24.241125,1151.88,0.0,0.5,1151.88,0,2026-02-01,1,1151.88,1.0,1.0
retention_outreach_2025q4,ASG-24d3c370222b2443,CUST000704,2025-11-01,control,no_action_control,AM0029,Enterprise,B2,24.787643,5918.52,0.0,0.5,5918.52,0,2026-02-01,1,5918.52,1.0,1.0
retention_outreach_2025q4,ASG-25658aaf112dc9c9,CUST000105,2025-11-01,control,no_action_control,AM0011,SMB,B2,28.539409,280.0,0.0,0.5,280.0,0,2026-02-01,1,280.0,1.0,1.0
retention_outreach_2025q4,ASG-259442c94906ac6e,CUST001795,2025-11-01,control,no_action_control,AM0021,Mid-Market,B1,20.284365,3029.15,0.0,0.5,3029.15,0,2026-02-01,1,3029.15,1.0,1.0
retention_outreach_2025q4,ASG-25a575f3af3301c6,CUST001511,2025-11-01,treatment,success_plan_outreach,AM0021,SMB,B4,34.724475,1240.33,350.0,0.5,1240.33,0,2026-02-01,1,1240.33,1.0,1.0
retention_outreach_2025q4,ASG-26124a82618a5cb1,CUST000963,2025-11-01,control,no_action_control,AM0032,Mid-Market,B1,22.29442,2837.71,0.0,0.5,2837.71,0,2026-02-01,1,2837.71,1.0,1.0
retention_outreach_2025q4,ASG-26177f18718b7de8,CUST001477,2025-11-01,control,no_action_control,AM0004,SMB,B1,19.17104,801.04,0.0,0.5,801.04,0,2026-02-01,1,801.04,1.0,1.0
retention_outreach_2025q4,ASG-262c20a0c1de7978,CUST002905,2025-11-01,control,no_action_control,AM0003,Enterprise,B1,18.623518,27804.0,0.0,0.5,0.0,0,2026-02-01,0,0.0,0.0,0.0
retention_outreach_2025q4,ASG-2638e66aab793013,CUST000252,2025-11-01,control,no_action_control,AM0032,SMB,B2,25.923167,958.98,0.0,0.5,958.98,0,2026-02-01,1,958.98,1.0,1.0
retention_outreach_2025q4,ASG-26420a45fcbbeae9,CUST004086,2025-11-01,treatment,success_plan_outreach,AM0040,Mid-Market,B1,17.95433,3061.04,900.0,0.5,3061.04,0,2026-02-01,1,3061.04,1.0,1.0
retention_outreach_2025q4,ASG-266350e25c403f96,CUST001621,2025-11-01,control,no_action_control,AM0006,SMB,B2,29.819323,207.11,0.0,0.5,207.11,1,2026-02-01,1,207.11,1.0,1.0
retention_outreach_2025q4,ASG-26c61d24d46f6c30,CUST000436,2025-11-01,control,no_action_control,AM0021,Mid-Market,B3,31.8217,2373.91,0.0,0.5,2373.91,0,2026-02-01,1,2373.91,1.0,1.0
retention_outreach_2025q4,ASG-26cc60b37f2e925c,CUST001103,2025-11-01,control,no_action_control,AM0035,Enterprise,B1,17.506404,5512.29,0.0,0.5,5512.29,0,2026-02-01,1,5512.29,1.0,1.0
retention_outreach_2025q4,ASG-26d828ede02c4ff8,CUST002978,2025-11-01,control,no_action_control,AM0006,SMB,B4,39.446138,375.2,0.0,0.5,375.2,1,2026-02-01,1,375.2,1.0,1.0
retention_outreach_2025q4,ASG-26e1db985608e5a8,CUST002814,2025-11-01,control,no_action_control,AM0017,SMB,B2,25.073368,713.87,0.0,0.5,713.87,0,2026-02-01,1,713.87,1.0,1.0
retention_outreach_2025q4,ASG-271c511d28c065e2,CUST002464,2025-11-01,control,no_action_control,AM0039,SMB,B4,47.710593,914.38,0.0,0.5,914.38,0,2026-02-01,1,914.38,1.0,1.0
retention_outreach_2025q4,ASG-278cd7775a6f118c,CUST002214,2025-11-01,treatment,success_plan_outreach,AM0032,SMB,B1,19.201782,798.88,350.0,0.5,798.88,0,2026-02-01,1,798.88,1.0,1.0
retention_outreach_2025q4,ASG-27ca23a9d132d4d3,CUST000306,2025-11-01,control,no_action_control,AM0015,SMB,B1,19.225054,277.53,0.0,0.5,277.53,0,2026-02-01,1,277.53,1.0,1.0
retention_outreach_2025q4,ASG-27d9f963bca28a7b,CUST000055,2025-11-01,treatment,success_plan_outreach,AM0040,SMB,B1,19.077593,1239.43,350.0,0.5,1317.25,0,2026-02-01,1,1239.43,1.0,1.062786926248356
retention_outreach_2025q4,ASG-28a85b3750591ed8,CUST002338,2025-11-01,treatment,success_plan_outreach,AM0013,Enterprise,B3,29.340703,6883.56,2500.0,0.5,6883.56,0,2026-02-01,1,6883.56,1.0,1.0
retention_outreach_2025q4,ASG-28bf80462874d0d6,CUST000932,2025-11-01,control,no_action_control,AM0028,Mid-Market,B1,18.371967,8128.65,0.0,0.5,8128.65,0,2026-02-01,1,8128.65,1.0,1.0
retention_outreach_2025q4,ASG-28cd6b4d6cde09c3,CUST003114,2025-11-01,treatment,success_plan_outreach,AM0003,Mid-Market,B4,42.361624,1493.22,900.0,0.5,1493.22,0,2026-02-01,1,1493.22,1.0,1.0
retention_outreach_2025q4,ASG-290e21a496395dc2,CUST004265,2025-11-01,control,no_action_control,AM0028,SMB,B1,19.157451,292.5,0.0,0.5,292.5,0,2026-02-01,1,292.5,1.0,1.0
retention_outreach_2025q4,ASG-29140646cacb0081,CUST002573,2025-11-01,control,no_action_control,AM0029,SMB,B1,19.220174,1006.37,0.0,0.5,1006.37,0,2026-02-01,1,1006.37,1.0,1.0
retention_outreach_2025q4,ASG-2923a5ff86b2a3b2,CUST002919,2025-11-01,control,no_action_control,AM0007,SMB,B3,34.132035,442.93,0.0,0.5,364.35,0,2026-02-01,1,364.35,0.8225904770505498,0.8225904770505498
retention_outreach_2025q4,ASG-293008b1f1c428cb,CUST004098,2025-11-01,control,no_action_control,AM0022,SMB,B4,50.035224,701.22,0.0,0.5,701.22,0,2026-02-01,1,701.22,1.0,1.0
retention_outreach_2025q4,ASG-293426d2f1ed8ff9,CUST004318,2025-11-01,control,no_action_control,AM0040,Mid-Market,B4,39.838017,3496.53,0.0,0.5,3496.53,0,2026-02-01,1,3496.53,1.0,1.0
retention_outreach_2025q4,ASG-294569caf86a63c7,CUST001651,2025-11-01,treatment,success_plan_outreach,AM0025,Mid-Market,B4,32.246118,1429.68,900.0,0.5,1429.68,0,2026-02-01,1,1429.68,1.0,1.0
retention_outreach_2025q4,ASG-2947673b6aa277be,CUST002655,2025-11-01,treatment,success_plan_outreach,AM0038,SMB,B3,32.129956,819.62,350.0,0.5,819.62,0,2026-02-01,1,819.62,1.0,1.0
retention_outreach_2025q4,ASG-296d5b022fd77e29,CUST004266,2025-11-01,control,no_action_control,AM0037,Mid-Market,B3,31.511082,1848.06,0.0,0.5,1848.06,0,2026-02-01,1,1848.06,1.0,1.0
retention_outreach_2025q4,ASG-2980599eb12daae0,CUST003255,2025-11-01,treatment,success_plan_outreach,AM0037,Enterprise,B1,18.964985,8144.73,2500.0,0.5,8144.73,0,2026-02-01,1,8144.73,1.0,1.0
retention_outreach_2025q4,ASG-29991373ff1565fa,CUST002059,2025-11-01,treatment,success_plan_outreach,AM0010,SMB,B1,19.105273,809.25,350.0,0.5,809.25,0,2026-02-01,1,809.25,1.0,1.0
retention_outreach_2025q4,ASG-29d37860815d7e2c,CUST000903,2025-11-01,treatment,success_plan_outreach,AM0014,SMB,B1,18.833285,807.12,350.0,0.5,807.12,0,2026-02-01,1,807.12,1.0,1.0
retention_outreach_2025q4,ASG-29da8b6af98b7e58,CUST004175,2025-11-01,treatment,success_plan_outreach,AM0004,SMB,B4,47.536914,1071.12,350.0,0.5,1071.12,0,2026-02-01,1,1071.12,1.0,1.0
retention_outreach_2025q4,ASG-2a0cb9368e18428c,CUST001790,2025-11-01,control,no_action_control,AM0001,SMB,B2,27.47453,453.29,0.0,0.5,453.29,0,2026-02-01,1,453.29,1.0,1.0
retention_outreach_2025q4,ASG-2a5bc161fb57ae06,CUST001503,2025-11-01,treatment,success_plan_outreach,AM0012,SMB,B2,27.824907,686.12,350.0,0.5,686.12,0,2026-02-01,1,686.12,1.0,1.0
retention_outreach_2025q4,ASG-2a863d21327e9172,CUST000132,2025-11-01,control,no_action_control,AM0013,SMB,B1,19.272713,470.4,0.0,0.5,470.4,0,2026-02-01,1,470.4,1.0,1.0
retention_outreach_2025q4,ASG-2aa30a53d1e08b32,CUST004046,2025-11-01,treatment,success_plan_outreach,AM0004,SMB,B3,31.48371,535.24,350.0,0.5,582.21,0,2026-02-01,1,535.24,1.0,1.0877550257828263
retention_outreach_2025q4,ASG-2ad013ee9d9d186d,CUST002467,2025-11-01,control,no_action_control,AM0036,SMB,B2,28.869556,1006.37,0.0,0.5,1006.37,0,2026-02-01,1,1006.37,1.0,1.0
retention_outreach_2025q4,ASG-2ada1110ca04e606,CUST001984,2025-11-01,treatment,success_plan_outreach,AM0019,Mid-Market,B2,28.131459,2120.88,900.0,0.5,2120.88,0,2026-02-01,1,2120.88,1.0,1.0
retention_outreach_2025q4,ASG-2ae505c384404a3c,CUST001045,2025-11-01,control,no_action_control,AM0004,SMB,B2,28.588209,1111.5,0.0,0.5,1111.5,0,2026-02-01,1,1111.5,1.0,1.0
retention_outreach_2025q4,ASG-2b168f66e40d9704,CUST001010,2025-11-01,treatment,success_plan_outreach,AM0019,Mid-Market,B4,33.13995,973.94,900.0,0.5,1158.85,0,2026-02-01,1,973.94,1.0,1.1898576914388974
retention_outreach_2025q4,ASG-2b41bb34478afb91,CUST003973,2025-11-01,treatment,success_plan_outreach,AM0009,Mid-Market,B2,28.167886,839.43,900.0,0.5,839.43,0,2026-02-01,1,839.43,1.0,1.0
retention_outreach_2025q4,ASG-2b9c99f15890120b,CUST000578,2025-11-01,treatment,success_plan_outreach,AM0010,SMB,B2,25.207227,990.38,350.0,0.5,990.38,0,2026-02-01,1,990.38,1.0,1.0
retention_outreach_2025q4,ASG-2bc669db7336c775,CUST000365,2025-11-01,treatment,success_plan_outreach,AM0037,Mid-Market,B1,18.15955,3451.73,900.0,0.5,3451.73,0,2026-02-01,1,3451.73,1.0,1.0
retention_outreach_2025q4,ASG-2bcc7840e869d8e9,CUST003038,2025-11-01,control,no_action_control,AM0032,SMB,B1,21.944231,327.6,0.0,0.5,374.57,0,2026-02-01,1,327.6,1.0,1.1433760683760683
retention_outreach_2025q4,ASG-2bd11c7802560f88,CUST001847,2025-11-01,treatment,success_plan_outreach,AM0008,SMB,B3,32.178541,422.8,350.0,0.5,422.8,0,2026-02-01,1,422.8,1.0,1.0
retention_outreach_2025q4,ASG-2bf3e67ea987326a,CUST002603,2025-11-01,treatment,success_plan_outreach,AM0010,SMB,B3,33.428158,1118.44,350.0,0.5,1386.13,0,2026-02-01,1,1118.44,1.0,1.2393422982010658
retention_outreach_2025q4,ASG-2bfa5a65d1edfccd,CUST003119,2025-11-01,control,no_action_control,AM0019,Mid-Market,B4,33.065556,1456.34,0.0,0.5,1456.34,0,2026-02-01,1,1456.34,1.0,1.0
retention_outreach_2025q4,ASG-2bfb16c9c6d50524,CUST003074,2025-11-01,treatment,success_plan_outreach,AM0011,Mid-Market,B4,38.703989,1229.43,900.0,0.5,1229.43,0,2026-02-01,1,1229.43,1.0,1.0
retention_outreach_2025q4,ASG-2c0672aacf7ba217,CUST004002,2025-11-01,treatment,success_plan_outreach,AM0005,Enterprise,B3,30.930395,10740.16,2500.0,0.5,10740.16,0,2026-02-01,1,10740.16,1.0,1.0
retention_outreach_2025q4,ASG-2c1797c7f3c6dee4,CUST000020,2025-11-01,control,no_action_control,AM0005,Enterprise,B1,19.188494,13079.11,0.0,0.5,13079.11,0,2026-02-01,1,13079.11,1.0,1.0
retention_outreach_2025q4,ASG-2ca75474170798fb,CUST003906,2025-11-01,control,no_action_control,AM0031,Enterprise,B4,32.055414,29519.72,0.0,0.5,21998.45,0,2026-02-01,1,21998.45,0.7452120142060968,0.7452120142060968
retention_outreach_2025q4,ASG-2d06992f65f8f66a,CUST001594,2025-11-01,treatment,success_plan_outreach,AM0019,Enterprise,B1,17.818564,20286.69,2500.0,0.5,20286.69,0,2026-02-01,1,20286.69,1.0,1.0
retention_outreach_2025q4,ASG-2d1aab80cf54179d,CUST000109,2025-11-01,treatment,success_plan_outreach,AM0020,Mid-Market,B2,23.534725,924.37,900.0,0.5,924.37,0,2026-02-01,1,924.37,1.0,1.0
retention_outreach_2025q4,ASG-2d9245304e441cd3,CUST002671,2025-11-01,control,no_action_control,AM0001,Enterprise,B4,31.887702,21722.67,0.0,0.5,21722.67,0,2026-02-01,1,21722.67,1.0,1.0
retention_outreach_2025q4,ASG-2dba6fbbfda5ba7c,CUST003657,2025-11-01,treatment,success_plan_outreach,AM0028,Enterprise,B2,20.848499,7797.59,2500.0,0.5,7797.59,0,2026-02-01,1,7797.59,1.0,1.0
retention_outreach_2025q4,ASG-2dcaefdfa14d09ed,CUST003559,2025-11-01,control,no_action_control,AM0038,Mid-Market,B2,24.465305,2385.53,0.0,0.5,2385.53,0,2026-02-01,1,2385.53,1.0,1.0
retention_outreach_2025q4,ASG-2de49218aaa7b71d,CUST002298,2025-11-01,treatment,success_plan_outreach,AM0008,SMB,B2,27.103089,702.39,350.0,0.5,702.39,0,2026-02-01,1,702.39,1.0,1.0
retention_outreach_2025q4,ASG-2de71f89de5ba6c6,CUST003705,2025-11-01,control,no_action_control,AM0020,Enterprise,B1,17.659731,4854.71,0.0,0.5,4854.71,0,2026-02-01,1,4854.71,1.0,1.0
retention_outreach_2025q4,ASG-2e5047b9b617d1bd,CUST002090,2025-11-01,treatment,success_plan_outreach,AM0015,SMB,B4,38.679337,660.8,350.0,0.5,660.8,0,2026-02-01,1,660.8,1.0,1.0
retention_outreach_2025q4,ASG-2e592382e2354183,CUST000139,2025-11-01,control,no_action_control,AM0023,Mid-Market,B4,32.222133,3350.56,0.0,0.5,3350.56,0,2026-02-01,1,3350.56,1.0,1.0
retention_outreach_2025q4,ASG-2e7cc1953633fdde,CUST001281,2025-11-01,control,no_action_control,AM0037,Mid-Market,B2,25.293008,1313.73,0.0,0.5,1313.73,0,2026-02-01,1,1313.73,1.0,1.0
retention_outreach_2025q4,ASG-2e888ad2a459b823,CUST002479,2025-11-01,control,no_action_control,AM0008,SMB,B4,46.517949,327.6,0.0,0.5,389.27,0,2026-02-01,1,327.6,1.0,1.188247863247863
retention_outreach_2025q4,ASG-2ef8dbf2b6f9538d,CUST003642,2025-11-01,control,no_action_control,AM0035,SMB,B3,32.727778,377.5,0.0,0.5,377.5,0,2026-02-01,1,377.5,1.0,1.0
retention_outreach_2025q4,ASG-2f2f630d11d885dc,CUST004302,2025-11-01,control,no_action_control,AM0035,Mid-Market,B1,18.388274,4139.87,0.0,0.5,4139.87,0,2026-02-01,1,4139.87,1.0,1.0
retention_outreach_2025q4,ASG-2f6dffe2de0a40cf,CUST001657,2025-11-01,control,no_action_control,AM0039,Mid-Market,B1,18.188818,1076.93,0.0,0.5,1076.93,0,2026-02-01,1,1076.93,1.0,1.0
retention_outreach_2025q4,ASG-2f73aeb770fc2d1b,CUST003071,2025-11-01,treatment,success_plan_outreach,AM0008,SMB,B2,26.072057,263.33,350.0,0.5,263.33,0,2026-02-01,1,263.33,1.0,1.0
retention_outreach_2025q4,ASG-2fd71b7640857483,CUST003157,2025-11-01,control,no_action_control,AM0031,Mid-Market,B1,20.412127,1470.39,0.0,0.5,1470.39,0,2026-02-01,1,1470.39,1.0,1.0
retention_outreach_2025q4,ASG-2ff610498fc55b49,CUST004001,2025-11-01,control,no_action_control,AM0004,SMB,B4,46.715455,950.0,0.0,0.5,950.0,0,2026-02-01,1,950.0,1.0,1.0
retention_outreach_2025q4,ASG-302644e145a8f549,CUST002407,2025-11-01,treatment,success_plan_outreach,AM0007,Enterprise,B4,34.435447,9002.0,2500.0,0.5,9002.0,0,2026-02-01,1,9002.0,1.0,1.0
retention_outreach_2025q4,ASG-30a26af691832556,CUST001033,2025-11-01,treatment,success_plan_outreach,AM0018,Mid-Market,B2,26.881729,1825.37,900.0,0.5,1388.46,0,2026-02-01,1,1388.46,0.7606457868815638,0.7606457868815638
retention_outreach_2025q4,ASG-30c5d9feecb63be3,CUST004122,2025-11-01,treatment,success_plan_outreach,AM0039,Enterprise,B3,29.49727,21140.21,2500.0,0.5,21140.21,0,2026-02-01,1,21140.21,1.0,1.0
retention_outreach_2025q4,ASG-30c7cca011e8d258,CUST003855,2025-11-01,treatment,success_plan_outreach,AM0001,SMB,B4,38.601701,280.0,350.0,0.5,280.0,0,2026-02-01,1,280.0,1.0,1.0
retention_outreach_2025q4,ASG-313ba6ce529984fc,CUST002378,2025-11-01,control,no_action_control,AM0036,Enterprise,B4,36.366813,6701.84,0.0,0.5,8137.89,0,2026-02-01,1,6701.84,1.0,1.21427697468158
retention_outreach_2025q4,ASG-3148de043b27ed17,CUST004410,2025-11-01,treatment,success_plan_outreach,AM0012,SMB,B4,39.828553,819.62,350.0,0.5,819.62,0,2026-02-01,1,819.62,1.0,1.0
retention_outreach_2025q4,ASG-3167278e27bd9dea,CUST003219,2025-11-01,control,no_action_control,AM0039,Enterprise,B2,20.818009,8073.6,0.0,0.5,8073.6,0,2026-02-01,1,8073.6,1.0,1.0
retention_outreach_2025q4,ASG-3191ee597a9aa511,CUST002954,2025-11-01,control,no_action_control,AM0001,SMB,B4,47.809634,1071.12,0.0,0.5,1071.12,0,2026-02-01,1,1071.12,1.0,1.0
retention_outreach_2025q4,ASG-319e9aee6327092c,CUST000510,2025-11-01,control,no_action_control,AM0034,Mid-Market,B4,32.867052,3299.83,0.0,0.5,3299.83,0,2026-02-01,1,3299.83,1.0,1.0
retention_outreach_2025q4,ASG-31b69f20f1e7bdad,CUST001047,2025-11-01,treatment,success_plan_outreach,AM0015,Mid-Market,B3,30.621465,2888.46,900.0,0.5,2888.46,0,2026-02-01,1,2888.46,1.0,1.0
retention_outreach_2025q4,ASG-31d44e9e09e4faef,CUST003967,2025-11-01,control,no_action_control,AM0025,Enterprise,B2,23.428567,14534.18,0.0,0.5,14534.18,0,2026-02-01,1,14534.18,1.0,1.0
retention_outreach_2025q4,ASG-321d402810c920c0,CUST000788,2025-11-01,treatment,success_plan_outreach,AM0006,SMB,B3,30.853479,902.5,350.0,0.5,902.5,0,2026-02-01,1,902.5,1.0,1.0
retention_outreach_2025q4,ASG-3239d8f8aeafcaab,CUST000351,2025-11-01,control,no_action_control,AM0016,SMB,B4,34.739276,342.18,0.0,0.5,275.57,0,2026-02-01,1,275.57,0.8053363726693553,0.8053363726693553
retention_outreach_2025q4,ASG-323cb68dccd6d730,CUST003393,2025-11-01,control,no_action_control,AM0022,Mid-Market,B1,17.980799,2170.45,0.0,0.5,2170.45,0,2026-02-01,1,2170.45,1.0,1.0
retention_outreach_2025q4,ASG-324eb2748e87c5a9,CUST002701,2025-11-01,treatment,success_plan_outreach,AM0039,Mid-Market,B4,34.007217,971.1,900.0,0.5,1116.63,0,2026-02-01,1,971.1,1.0,1.149860982391103
retention_outreach_2025q4,ASG-326ee7ad2c94f365,CUST001131,2025-11-01,treatment,success_plan_outreach,AM0001,Mid-Market,B4,34.25041,2175.0,900.0,0.5,2175.0,0,2026-02-01,1,2175.0,1.0,1.0
retention_outreach_2025q4,ASG-32e0be8a4cc050ef,CUST000931,2025-11-01,control,no_action_control,AM0018,Mid-Market,B1,20.318014,3363.17,0.0,0.5,3363.17,0,2026-02-01,1,3363.17,1.0,1.0
retention_outreach_2025q4,ASG-32ff486dbd7ddc09,CUST002746,2025-11-01,control,no_action_control,AM0034,Enterprise,B2,21.783998,9549.53,0.0,0.5,10448.07,0,2026-02-01,1,9549.53,1.0,1.0940925888499224
retention_outreach_2025q4,ASG-33301dd3eb14815b,CUST002156,2025-11-01,treatment,success_plan_outreach,AM0020,Mid-Market,B4,32.563619,791.68,900.0,0.5,791.68,0,2026-02-01,1,791.68,1.0,1.0
retention_outreach_2025q4,ASG-336cb42d0c060257,CUST002292,2025-11-01,control,no_action_control,AM0001,SMB,B2,26.505017,377.5,0.0,0.5,377.5,0,2026-02-01,1,377.5,1.0,1.0
retention_outreach_2025q4,ASG-3395a95aab26fb5a,CUST002810,2025-11-01,treatment,success_plan_outreach,AM0030,SMB,B4,34.874016,1291.67,350.0,0.5,1291.67,0,2026-02-01,1,1291.67,1.0,1.0
retention_outreach_2025q4,ASG-33a7342214e064df,CUST003913,2025-11-01,control,no_action_control,AM0029,SMB,B1,20.303715,236.85,0.0,0.5,236.85,0,2026-02-01,1,236.85,1.0,1.0
retention_outreach_2025q4,ASG-33f5ef3f76fd1f72,CUST003467,2025-11-01,control,no_action_control,AM0039,Mid-Market,B4,33.887298,1704.04,0.0,0.5,1704.04,0,2026-02-01,1,1704.04,1.0,1.0
retention_outreach_2025q4,ASG-342618a26a1aa6ea,CUST002219,2025-11-01,treatment,success_plan_outreach,AM0003,SMB,B3,33.347711,729.85,350.0,0.5,813.76,0,2026-02-01,1,729.85,1.0,1.1149688292114817
retention_outreach_2025q4,ASG-342655383dbfe1ec,CUST002121,2025-11-01,treatment,success_plan_outreach,AM0010,SMB,B4,36.473858,381.79,350.0,0.5,381.79,0,2026-02-01,1,381.79,1.0,1.0
retention_outreach_2025q4,ASG-3426a62b66603d0d,CUST001796,2025-11-01,control,no_action_control,AM0009,SMB,B1,22.3725,280.0,0.0,0.5,280.0,0,2026-02-01,1,280.0,1.0,1.0
retention_outreach_2025q4,ASG-34455a0cd65d9196,CUST002192,2025-11-01,treatment,success_plan_outreach,AM0010,Mid-Market,B2,25.750964,990.38,900.0,0.5,1176.23,0,2026-02-01,1,990.38,1.0,1.1876552434419112
retention_outreach_2025q4,ASG-346007e5532e295b,CUST001742,2025-11-01,treatment,success_plan_outreach,AM0016,SMB,B2,28.939437,1111.5,350.0,0.5,1111.5,0,2026-02-01,1,1111.5,1.0,1.0
retention_outreach_2025q4,ASG-346ae8a25bac4054,CUST003281,2025-11-01,treatment,success_plan_outreach,AM0019,SMB,B2,27.737995,565.6,350.0,0.5,565.6,0,2026-02-01,1,565.6,1.0,1.0
retention_outreach_2025q4,ASG-34a336f0fba6952f,CUST000096,2025-11-01,treatment,success_plan_outreach,AM0006,SMB,B2,29.384818,478.36,350.0,0.5,525.03,0,2026-02-01,1,478.36,1.0,1.0975625052261895
retention_outreach_2025q4,ASG-34f67d539b8a42a3,CUST003925,2025-11-01,control,no_action_control,AM0021,SMB,B3,31.339659,1039.29,0.0,0.5,1178.79,0,2026-02-01,1,1039.29,1.0,1.1342262506133995
retention_outreach_2025q4,ASG-35164f50f2ed775b,CUST001376,2025-11-01,control,no_action_control,AM0002,Enterprise,B4,36.082758,7155.56,0.0,0.5,7155.56,0,2026-02-01,1,7155.56,1.0,1.0
retention_outreach_2025q4,ASG-358065411deec4de,CUST002243,2025-11-01,control,no_action_control,AM0006,SMB,B1,21.689139,375.7,0.0,0.5,375.7,0,2026-02-01,1,375.7,1.0,1.0
retention_outreach_2025q4,ASG-35a37c435e84fc3f,CUST001322,2025-11-01,control,no_action_control,AM0001,Mid-Market,B4,34.934493,2175.0,0.0,0.5,2175.0,0,2026-02-01,1,2175.0,1.0,1.0
retention_outreach_2025q4,ASG-35a487718e30dfd5,CUST002472,2025-11-01,treatment,success_plan_outreach,AM0040,SMB,B4,60.113069,1286.7,350.0,0.5,1286.7,0,2026-02-01,1,1286.7,1.0,1.0
retention_outreach_2025q4,ASG-35ed3a096a35c61f,CUST001182,2025-11-01,treatment,success_plan_outreach,AM0018,SMB,B4,35.023617,301.37,350.0,0.5,301.37,0,2026-02-01,1,301.37,1.0,1.0
retention_outreach_2025q4,ASG-36109ffda8e0c0b5,CUST003301,2025-11-01,treatment,success_plan_outreach,AM0013,SMB,B1,21.166643,250.0,350.0,0.5,250.0,0,2026-02-01,1,250.0,1.0,1.0
retention_outreach_2025q4,ASG-362b44c7cd2cbbf1,CUST000749,2025-11-01,control,no_action_control,AM0012,Mid-Market,B3,30.508071,969.68,0.0,0.5,969.68,0,2026-02-01,1,969.68,1.0,1.0
retention_outreach_2025q4,ASG-3641f5562bbadc92,CUST001758,2025-11-01,control,no_action_control,AM0001,Enterprise,B3,28.721099,3146.37,0.0,0.5,3146.37,0,2026-02-01,1,3146.37,1.0,1.0
retention_outreach_2025q4,ASG-3650cff4593f5fa0,CUST002691,2025-11-01,control,no_action_control,AM0001,SMB,B1,22.603859,275.86,0.0,0.5,275.86,0,2026-02-01,1,275.86,1.0,1.0
retention_outreach_2025q4,ASG-3673b4efa8527c19,CUST002859,2025-11-01,treatment,success_plan_outreach,AM0010,SMB,B2,27.286406,950.0,350.0,0.5,950.0,0,2026-02-01,1,950.0,1.0,1.0
retention_outreach_2025q4,ASG-36945c1d9cbe6983,CUST001337,2025-11-01,treatment,success_plan_outreach,AM0018,Mid-Market,B2,26.863241,1601.3,900.0,0.5,1601.3,0,2026-02-01,1,1601.3,1.0,1.0
retention_outreach_2025q4,ASG-36bf10ea0c65c0dc,CUST004065,2025-11-01,treatment,success_plan_outreach,AM0013,Enterprise,B1,18.621799,7975.49,2500.0,0.5,7975.49,0,2026-02-01,1,7975.49,1.0,1.0
retention_outreach_2025q4,ASG-36d85cbda17f3cb9,CUST002003,2025-11-01,control,no_action_control,AM0038,Mid-Market,B2,27.966966,2941.5,0.0,0.5,2941.5,0,2026-02-01,1,2941.5,1.0,1.0
retention_outreach_2025q4,ASG-372cda8603f94e67,CUST000296,2025-11-01,control,no_action_control,AM0019,Mid-Market,B2,25.242159,711.05,0.0,0.5,711.05,0,2026-02-01,1,711.05,1.0,1.0
retention_outreach_2025q4,ASG-373aef90280d3727,CUST000255,2025-11-01,treatment,success_plan_outreach,AM0010,Mid-Market,B2,23.38006,4523.54,900.0,0.5,5397.19,0,2026-02-01,1,4523.54,1.0,1.1931341383076086
retention_outreach_2025q4,ASG-3750c46322dfff69,CUST002186,2025-11-01,treatment,success_plan_outreach,AM0006,SMB,B1,20.487915,462.5,350.0,0.5,462.5,0,2026-02-01,1,462.5,1.0,1.0
retention_outreach_2025q4,ASG-37a17baf602af745,CUST003125,2025-11-01,control,no_action_control,AM0015,Enterprise,B1,18.663546,9089.85,0.0,0.5,10416.53,0,2026-02-01,1,9089.85,1.0,1.1459518033850944
retention_outreach_2025q4,ASG-37d365eb099217bc,CUST002209,2025-11-01,control,no_action_control,AM0030,SMB,B3,30.886544,990.38,0.0,0.5,990.38,0,2026-02-01,1,990.38,1.0,1.0
retention_outreach_2025q4,ASG-37f65a76b36e1023,CUST004147,2025-11-01,treatment,success_plan_outreach,AM0031,Mid-Market,B3,31.721224,3063.33,900.0,0.5,3063.33,0,2026-02-01,1,3063.33,1.0,1.0
retention_outreach_2025q4,ASG-38074c69e7c2766d,CUST002451,2025-11-01,treatment,success_plan_outreach,AM0033,Mid-Market,B3,29.53552,2212.5,900.0,0.5,2212.5,0,2026-02-01,1,2212.5,1.0,1.0
retention_outreach_2025q4,ASG-380cb39e3941d778,CUST001585,2025-11-01,treatment,success_plan_outreach,AM0027,SMB,B1,23.306157,375.2,350.0,0.5,375.2,0,2026-02-01,1,375.2,1.0,1.0
retention_outreach_2025q4,ASG-3864140be71ebdb6,CUST001372,2025-11-01,control,no_action_control,AM0021,SMB,B3,31.039881,898.8,0.0,0.5,898.8,0,2026-02-01,1,898.8,1.0,1.0
retention_outreach_2025q4,ASG-387629c57580151b,CUST001246,2025-11-01,treatment,success_plan_outreach,AM0020,Mid-Market,B4,32.268276,2250.0,900.0,0.5,2250.0,0,2026-02-01,1,2250.0,1.0,1.0
retention_outreach_2025q4,ASG-3883c434ed2bbbee,CUST003483,2025-11-01,control,no_action_control,AM0035,SMB,B3,33.247457,830.0,0.0,0.5,830.0,0,2026-02-01,1,830.0,1.0,1.0
retention_outreach_2025q4,ASG-38a94fbf410c9585,CUST002617,2025-11-01,control,no_action_control,AM0003,Mid-Market,B4,33.815882,2240.62,0.0,0.5,2622.89,0,2026-02-01,1,2240.62,1.0,1.1706090278583607
retention_outreach_2025q4,ASG-38b179ad0041f7b4,CUST001041,2025-11-01,treatment,success_plan_outreach,AM0003,SMB,B4,36.394707,420.0,350.0,0.5,420.0,0,2026-02-01,1,420.0,1.0,1.0
retention_outreach_2025q4,ASG-38c123c8b0420cd3,CUST003310,2025-11-01,control,no_action_control,AM0015,Mid-Market,B2,23.215918,1636.38,0.0,0.5,1861.44,0,2026-02-01,1,1636.38,1.0,1.1375352913137535
retention_outreach_2025q4,ASG-38c2cc27f7679ef9,CUST001389,2025-11-01,control,no_action_control,AM0011,SMB,B1,19.641703,1265.31,0.0,0.5,1265.31,0,2026-02-01,1,1265.31,1.0,1.0
retention_outreach_2025q4,ASG-38d367c38f03551b,CUST002376,2025-11-01,treatment,success_plan_outreach,AM0024,SMB,B3,33.858139,831.24,350.0,0.5,831.24,0,2026-02-01,1,831.24,1.0,1.0
retention_outreach_2025q4,ASG-390e925856621797,CUST000170,2025-11-01,treatment,success_plan_outreach,AM0005,Mid-Market,B1,19.266784,1983.5,900.0,0.5,1983.5,0,2026-02-01,1,1983.5,1.0,1.0
retention_outreach_2025q4,ASG-3991742237061039,CUST004317,2025-11-01,control,no_action_control,AM0028,Enterprise,B3,30.207956,37448.23,0.0,0.5,34431.17,0,2026-02-01,1,34431.17,0.9194338424005619,0.9194338424005619
retention_outreach_2025q4,ASG-399c42387f9f79b4,CUST002601,2025-11-01,treatment,success_plan_outreach,AM0011,Mid-Market,B2,24.846715,3729.1,900.0,0.5,3729.1,0,2026-02-01,1,3729.1,1.0,1.0
retention_outreach_2025q4,ASG-39a868443d687b72,CUST001821,2025-11-01,treatment,success_plan_outreach,AM0031,SMB,B3,31.077007,266.0,350.0,0.5,266.0,0,2026-02-01,1,266.0,1.0,1.0
retention_outreach_2025q4,ASG-39d83fd656a228ff,CUST003425,2025-11-01,control,no_action_control,AM0040,Mid-Market,B2,25.270476,914.84,0.0,0.5,914.84,0,2026-02-01,1,914.84,1.0,1.0
retention_outreach_2025q4,ASG-39f21f43196da891,CUST000440,2025-11-01,treatment,success_plan_outreach,AM0014,SMB,B2,28.983678,505.0,350.0,0.5,505.0,0,2026-02-01,1,505.0,1.0,1.0
retention_outreach_2025q4,ASG-3a044034990a6888,CUST000551,2025-11-01,treatment,success_plan_outreach,AM0038,SMB,B4,36.603357,760.78,350.0,0.5,760.78,0,2026-02-01,1,760.78,1.0,1.0
retention_outreach_2025q4,ASG-3a25684f46250d15,CUST004326,2025-11-01,treatment,success_plan_outreach,AM0016,SMB,B1,21.318377,248.24,350.0,0.5,248.24,0,2026-02-01,1,248.24,1.0,1.0
retention_outreach_2025q4,ASG-3a51b1cea94b7553,CUST000582,2025-11-01,treatment,success_plan_outreach,AM0016,SMB,B4,50.140452,324.68,350.0,0.5,324.68,0,2026-02-01,1,324.68,1.0,1.0
retention_outreach_2025q4,ASG-3a550739719b570d,CUST004330,2025-11-01,treatment,success_plan_outreach,AM0030,Enterprise,B2,25.128163,4606.71,2500.0,0.5,4606.71,0,2026-02-01,1,4606.71,1.0,1.0
retention_outreach_2025q4,ASG-3a55bf4d2402c355,CUST002261,2025-11-01,control,no_action_control,AM0035,Mid-Market,B3,28.636752,3034.89,0.0,0.5,3034.89,0,2026-02-01,1,3034.89,1.0,1.0
retention_outreach_2025q4,ASG-3a71213362ae3351,CUST000792,2025-11-01,treatment,success_plan_outreach,AM0010,Mid-Market,B4,45.989773,3179.87,900.0,0.5,3179.87,0,2026-02-01,1,3179.87,1.0,1.0
retention_outreach_2025q4,ASG-3ab4e12cf5ad0877,CUST000671,2025-11-01,treatment,success_plan_outreach,AM0009,Mid-Market,B4,33.949794,2051.84,900.0,0.5,2315.21,0,2026-02-01,1,2051.84,1.0,1.1283579616344355
retention_outreach_2025q4,ASG-3ab636f575189307,CUST002346,2025-11-01,treatment,success_plan_outreach,AM0025,Mid-Market,B3,29.696016,1959.38,900.0,0.5,1959.38,0,2026-02-01,1,1959.38,1.0,1.0
retention_outreach_2025q4,ASG-3b0debe0fbae3390,CUST002608,2025-11-01,control,no_action_control,AM0002,Enterprise,B3,25.898352,9420.6,0.0,0.5,9420.6,0,2026-02-01,1,9420.6,1.0,1.0
retention_outreach_2025q4,ASG-3b4996a8cbf9e1a1,CUST001391,2025-11-01,treatment,success_plan_outreach,AM0009,SMB,B1,21.633538,1185.8,350.0,0.5,1185.8,0,2026-02-01,1,1185.8,1.0,1.0
retention_outreach_2025q4,ASG-3b4e5d8eb18117a0,CUST002649,2025-11-01,control,no_action_control,AM0032,SMB,B1,24.047717,613.2,0.0,0.5,613.2,0,2026-02-01,1,613.2,1.0,1.0
retention_outreach_2025q4,ASG-3b69e8a9c74d935d,CUST003618,2025-11-01,control,no_action_control,AM0040,Enterprise,B4,32.356816,5727.65,0.0,0.5,5727.65,0,2026-02-01,1,5727.65,1.0,1.0
retention_outreach_2025q4,ASG-3b9c9cd224397bad,CUST004073,2025-11-01,control,no_action_control,AM0016,SMB,B1,23.408068,1397.5,0.0,0.5,1397.5,0,2026-02-01,1,1397.5,1.0,1.0
retention_outreach_2025q4,ASG-3ba0cee1205420e5,CUST003428,2025-11-01,treatment,success_plan_outreach,AM0016,SMB,B3,31.945722,1399.93,350.0,0.5,1399.93,0,2026-02-01,1,1399.93,1.0,1.0
retention_outreach_2025q4,ASG-3ba97b5adbb123ae,CUST001198,2025-11-01,control,no_action_control,AM0030,SMB,B4,35.624017,1199.35,0.0,0.5,1199.35,0,2026-02-01,1,1199.35,1.0,1.0
retention_outreach_2025q4,ASG-3bc57be51c4c567d,CUST003862,2025-11-01,control,no_action_control,AM0028,Enterprise,B2,19.671107,9747.27,0.0,0.5,9747.27,0,2026-02-01,1,9747.27,1.0,1.0
retention_outreach_2025q4,ASG-3bc58d50b58ca470,CUST001136,2025-11-01,treatment,success_plan_outreach,AM0007,SMB,B2,25.791487,705.89,350.0,0.5,705.89,0,2026-02-01,1,705.89,1.0,1.0
retention_outreach_2025q4,ASG-3bfb75fe269db8b8,CUST000681,2025-11-01,treatment,success_plan_outreach,AM0040,SMB,B2,28.439444,219.67,350.0,0.5,219.67,0,2026-02-01,1,219.67,1.0,1.0
retention_outreach_2025q4,ASG-3c1e73d69c8466b2,CUST002009,2025-11-01,control,no_action_control,AM0001,Mid-Market,B3,30.343673,1748.59,0.0,0.5,0.0,1,2026-02-01,0,0.0,0.0,0.0
retention_outreach_2025q4,ASG-3c21bcdbea85614a,CUST002036,2025-11-01,control,no_action_control,AM0034,SMB,B4,34.41744,263.16,0.0,0.5,263.16,0,2026-02-01,1,263.16,1.0,1.0
retention_outreach_2025q4,ASG-3c4bfbdf18d3fe8c,CUST000454,2025-11-01,treatment,success_plan_outreach,AM0020,SMB,B3,34.1462,250.0,350.0,0.5,250.0,0,2026-02-01,1,250.0,1.0,1.0
retention_outreach_2025q4,ASG-3c581226e2618a69,CUST002100,2025-11-01,control,no_action_control,AM0027,SMB,B2,26.982477,525.42,0.0,0.5,525.42,0,2026-02-01,1,525.42,1.0,1.0
retention_outreach_2025q4,ASG-3ca1923596519e8b,CUST000380,2025-11-01,treatment,success_plan_outreach,AM0018,SMB,B2,29.235205,434.26,350.0,0.5,434.26,0,2026-02-01,1,434.26,1.0,1.0
retention_outreach_2025q4,ASG-3cab427b60b39984,CUST000229,2025-11-01,control,no_action_control,AM0002,Enterprise,B3,29.757804,9647.77,0.0,0.5,9647.77,0,2026-02-01,1,9647.77,1.0,1.0
retention_outreach_2025q4,ASG-3cd6678ffc695c91,CUST002677,2025-11-01,treatment,success_plan_outreach,AM0010,SMB,B3,30.621805,1418.6,350.0,0.5,1418.6,0,2026-02-01,1,1418.6,1.0,1.0
retention_outreach_2025q4,ASG-3ce0718ef4bc5124,CUST000867,2025-11-01,control,no_action_control,AM0028,SMB,B1,20.021171,666.89,0.0,0.5,666.89,0,2026-02-01,1,666.89,1.0,1.0
retention_outreach_2025q4,ASG-3cf1b41b2944550d,CUST000637,2025-11-01,treatment,success_plan_outreach,AM0032,SMB,B2,27.826315,914.38,350.0,0.5,914.38,0,2026-02-01,1,914.38,1.0,1.0
retention_outreach_2025q4,ASG-3cfe4544d495b303,CUST000911,2025-11-01,treatment,success_plan_outreach,AM0027,SMB,B1,19.054849,327.6,350.0,0.5,327.6,0,2026-02-01,1,327.6,1.0,1.0
retention_outreach_2025q4,ASG-3d353b461d803047,CUST000463,2025-11-01,control,no_action_control,AM0015,SMB,B1,20.093521,422.8,0.0,0.5,422.8,0,2026-02-01,1,422.8,1.0,1.0
retention_outreach_2025q4,ASG-3df689be46fd3bba,CUST001195,2025-11-01,control,no_action_control,AM0032,Mid-Market,B2,24.198981,4393.87,0.0,0.5,4393.87,0,2026-02-01,1,4393.87,1.0,1.0
retention_outreach_2025q4,ASG-3e005bcbe13b9f8b,CUST004392,2025-11-01,treatment,success_plan_outreach,AM0007,Enterprise,B3,29.449853,36040.85,2500.0,0.5,36040.85,0,2026-02-01,1,36040.85,1.0,1.0
retention_outreach_2025q4,ASG-3e19fa83fdc26418,CUST003334,2025-11-01,control,no_action_control,AM0032,SMB,B3,31.30377,591.16,0.0,0.5,684.24,0,2026-02-01,1,591.16,1.0,1.1574531429731376
retention_outreach_2025q4,ASG-3e239c09961934cc,CUST000526,2025-11-01,treatment,success_plan_outreach,AM0027,SMB,B2,24.182203,590.0,350.0,0.5,590.0,0,2026-02-01,1,590.0,1.0,1.0
retention_outreach_2025q4,ASG-3ed71006df0119ea,CUST004164,2025-11-01,control,no_action_control,AM0037,Enterprise,B3,27.328075,10740.17,0.0,0.5,10740.17,0,2026-02-01,1,10740.17,1.0,1.0
retention_outreach_2025q4,ASG-3eeeebe949388f9c,CUST003328,2025-11-01,control,no_action_control,AM0019,Mid-Market,B4,33.425128,3078.83,0.0,0.5,3078.83,0,2026-02-01,1,3078.83,1.0,1.0
retention_outreach_2025q4,ASG-3ef1cac70298c266,CUST003872,2025-11-01,control,no_action_control,AM0025,SMB,B3,33.317927,327.6,0.0,0.5,327.6,0,2026-02-01,1,327.6,1.0,1.0
retention_outreach_2025q4,ASG-3efca0240e7dde21,CUST000947,2025-11-01,treatment,success_plan_outreach,AM0031,Mid-Market,B2,23.426157,902.5,900.0,0.5,902.5,0,2026-02-01,1,902.5,1.0,1.0
retention_outreach_2025q4,ASG-3f0c5d211b86020d,CUST003625,2025-11-01,control,no_action_control,AM0007,SMB,B1,23.628837,756.43,0.0,0.5,756.43,0,2026-02-01,1,756.43,1.0,1.0
retention_outreach_2025q4,ASG-3f0ea05dd12827ee,CUST000274,2025-11-01,control,no_action_control,AM0029,Mid-Market,B4,45.935846,3017.45,0.0,0.5,3017.45,0,2026-02-01,1,3017.45,1.0,1.0
retention_outreach_2025q4,ASG-3f28714e0f680c0d,CUST002308,2025-11-01,control,no_action_control,AM0021,Mid-Market,B4,34.721395,2496.93,0.0,0.5,2496.93,0,2026-02-01,1,2496.93,1.0,1.0
retention_outreach_2025q4,ASG-3f491e910e2793f9,CUST000685,2025-11-01,treatment,success_plan_outreach,AM0024,SMB,B3,30.174542,311.47,350.0,0.5,311.47,0,2026-02-01,1,311.47,1.0,1.0
retention_outreach_2025q4,ASG-3f5c796cfe821131,CUST001239,2025-11-01,treatment,success_plan_outreach,AM0008,SMB,B3,31.109229,250.0,350.0,0.5,250.0,0,2026-02-01,1,250.0,1.0,1.0
retention_outreach_2025q4,ASG-3f635738f7821b58,CUST003249,2025-11-01,control,no_action_control,AM0034,SMB,B1,22.637565,617.67,0.0,0.5,617.67,0,2026-02-01,1,617.67,1.0,1.0
retention_outreach_2025q4,ASG-3f770affcc68f7ce,CUST003605,2025-11-01,treatment,success_plan_outreach,AM0024,Enterprise,B3,28.515493,11822.61,2500.0,0.5,11822.61,0,2026-02-01,1,11822.61,1.0,1.0
retention_outreach_2025q4,ASG-3fba7ff1604f2689,CUST002222,2025-11-01,treatment,success_plan_outreach,AM0034,SMB,B1,23.546549,902.5,350.0,0.5,902.5,0,2026-02-01,1,902.5,1.0,1.0
retention_outreach_2025q4,ASG-3fc4455c9796a3d1,CUST000913,2025-11-01,control,no_action_control,AM0005,Enterprise,B2,20.024342,6613.5,0.0,0.5,6613.5,0,2026-02-01,1,6613.5,1.0,1.0
retention_outreach_2025q4,ASG-3fcda3a46f3c7419,CUST002533,2025-11-01,control,no_action_control,AM0032,SMB,B4,37.078484,547.5,0.0,0.5,547.5,0,2026-02-01,1,547.5,1.0,1.0
retention_outreach_2025q4,ASG-3fd02e0d412be6a0,CUST000771,2025-11-01,control,no_action_control,AM0020,SMB,B1,19.864373,287.53,0.0,0.5,287.53,0,2026-02-01,1,287.53,1.0,1.0
retention_outreach_2025q4,ASG-3fd39dcc92be7aea,CUST003988,2025-11-01,treatment,success_plan_outreach,AM0030,SMB,B2,26.431211,461.73,350.0,0.5,461.73,0,2026-02-01,1,461.73,1.0,1.0
retention_outreach_2025q4,ASG-40296c48733a606d,CUST004005,2025-11-01,control,no_action_control,AM0037,Mid-Market,B2,27.781057,1297.49,0.0,0.5,1297.49,0,2026-02-01,1,1297.49,1.0,1.0
retention_outreach_2025q4,ASG-403f047899f660f8,CUST002013,2025-11-01,treatment,success_plan_outreach,AM0020,SMB,B4,39.021241,311.55,350.0,0.5,311.55,0,2026-02-01,1,311.55,1.0,1.0
retention_outreach_2025q4,ASG-40419dc87f05f574,CUST000584,2025-11-01,treatment,success_plan_outreach,AM0017,SMB,B3,31.737092,486.33,350.0,0.5,420.69,0,2026-02-01,1,420.69,0.8650299179569428,0.8650299179569428
retention_outreach_2025q4,ASG-4085a476e8ca7186,CUST000201,2025-11-01,treatment,success_plan_outreach,AM0034,Enterprise,B2,19.633358,7572.95,2500.0,0.5,7572.95,0,2026-02-01,1,7572.95,1.0,1.0
retention_outreach_2025q4,ASG-4087a8064da4ea67,CUST003078,2025-11-01,treatment,success_plan_outreach,AM0028,SMB,B4,37.901472,1006.37,350.0,0.5,0.0,1,2026-02-01,0,0.0,0.0,0.0
retention_outreach_2025q4,ASG-40918f83b9a63499,CUST004382,2025-11-01,control,no_action_control,AM0003,SMB,B1,18.898783,1328.6,0.0,0.5,1328.6,0,2026-02-01,1,1328.6,1.0,1.0
retention_outreach_2025q4,ASG-40b5a819d6aca23c,CUST000458,2025-11-01,control,no_action_control,AM0011,SMB,B2,29.886203,462.5,0.0,0.5,462.5,0,2026-02-01,1,462.5,1.0,1.0
retention_outreach_2025q4,ASG-40c9ca88bc138863,CUST003728,2025-11-01,control,no_action_control,AM0016,SMB,B3,31.42782,770.78,0.0,0.5,601.75,0,2026-02-01,1,601.75,0.7807026648330263,0.7807026648330263
retention_outreach_2025q4,ASG-40fbab95c5ce7d54,CUST000395,2025-11-01,treatment,success_plan_outreach,AM0007,SMB,B2,24.492539,760.74,350.0,0.5,760.74,0,2026-02-01,1,760.74,1.0,1.0
retention_outreach_2025q4,ASG-40fcfed7878127d3,CUST000828,2025-11-01,control,no_action_control,AM0031,SMB,B2,27.121038,1138.33,0.0,0.5,1138.33,0,2026-02-01,1,1138.33,1.0,1.0
retention_outreach_2025q4,ASG-410aa9a02a99ecc0,CUST000744,2025-11-01,treatment,success_plan_outreach,AM0035,SMB,B4,35.725695,223.57,350.0,0.5,223.57,0,2026-02-01,1,223.57,1.0,1.0
retention_outreach_2025q4,ASG-413c0c5e8119a543,CUST000183,2025-11-01,control,no_action_control,AM0009,SMB,B4,38.108733,589.1,0.0,0.5,589.1,0,2026-02-01,1,589.1,1.0,1.0
retention_outreach_2025q4,ASG-414ff705a65df0fc,CUST002945,2025-11-01,control,no_action_control,AM0027,Enterprise,B4,39.491772,9859.07,0.0,0.5,9859.07,0,2026-02-01,1,9859.07,1.0,1.0
retention_outreach_2025q4,ASG-41589c6e4bfacd0d,CUST001701,2025-11-01,treatment,success_plan_outreach,AM0026,Mid-Market,B2,24.587437,3005.17,900.0,0.5,3005.17,0,2026-02-01,1,3005.17,1.0,1.0
retention_outreach_2025q4,ASG-41830ba845d5ea6a,CUST002118,2025-11-01,control,no_action_control,AM0002,SMB,B1,19.265263,926.25,0.0,0.5,681.58,0,2026-02-01,1,681.58,0.7358488529014845,0.7358488529014845
retention_outreach_2025q4,ASG-41aca2e35256a455,CUST003463,2025-11-01,treatment,success_plan_outreach,AM0040,SMB,B1,19.830035,1409.46,350.0,0.5,1409.46,0,2026-02-01,1,1409.46,1.0,1.0
retention_outreach_2025q4,ASG-41fe66e9640ac8a3,CUST000330,2025-11-01,treatment,success_plan_outreach,AM0039,SMB,B2,25.521089,743.27,350.0,0.5,743.27,0,2026-02-01,1,743.27,1.0,1.0
retention_outreach_2025q4,ASG-425c468a2b60f614,CUST001081,2025-11-01,control,no_action_control,AM0012,Mid-Market,B3,29.214979,4619.16,0.0,0.5,4619.16,0,2026-02-01,1,4619.16,1.0,1.0
retention_outreach_2025q4,ASG-42bdb86bed251f98,CUST004144,2025-11-01,control,no_action_control,AM0037,Mid-Market,B3,30.759102,2409.38,0.0,0.5,2409.38,0,2026-02-01,1,2409.38,1.0,1.0
retention_outreach_2025q4,ASG-42c7e793fd6a8226,CUST001143,2025-11-01,treatment,success_plan_outreach,AM0011,SMB,B1,20.308073,327.6,350.0,0.5,327.6,0,2026-02-01,1,327.6,1.0,1.0
retention_outreach_2025q4,ASG-42f467cdf1e081fa,CUST000029,2025-11-01,control,no_action_control,AM0020,Mid-Market,B4,45.10837,1492.98,0.0,0.5,1617.98,0,2026-02-01,1,1492.98,1.0,1.0837251671154335
retention_outreach_2025q4,ASG-43069e5e63649572,CUST003010,2025-11-01,control,no_action_control,AM0034,Enterprise,B1,18.768576,5278.8,0.0,0.5,6340.52,0,2026-02-01,1,5278.8,1.0,1.201129044479806
retention_outreach_2025q4,ASG-434285855ba3418d,CUST002600,2025-11-01,control,no_action_control,AM0003,Enterprise,B3,29.396338,10924.42,0.0,0.5,10924.42,0,2026-02-01,1,10924.42,1.0,1.0
retention_outreach_2025q4,ASG-437b92435b41f83d,CUST001648,2025-11-01,control,no_action_control,AM0037,SMB,B2,29.263841,936.1,0.0,0.5,936.1,0,2026-02-01,1,936.1,1.0,1.0
retention_outreach_2025q4,ASG-438971ae731a6e99,CUST001896,2025-11-01,control,no_action_control,AM0009,Mid-Market,B3,29.6938,2146.88,0.0,0.5,2146.88,0,2026-02-01,1,2146.88,1.0,1.0
retention_outreach_2025q4,ASG-439e3f78020f9225,CUST001469,2025-11-01,treatment,success_plan_outreach,AM0007,SMB,B2,28.512988,999.91,350.0,0.5,999.91,0,2026-02-01,1,999.91,1.0,1.0
retention_outreach_2025q4,ASG-43a28e92ef66941e,CUST003234,2025-11-01,control,no_action_control,AM0006,SMB,B4,35.125405,335.0,0.0,0.5,335.0,0,2026-02-01,1,335.0,1.0,1.0
retention_outreach_2025q4,ASG-43b76937127a8213,CUST001117,2025-11-01,treatment,success_plan_outreach,AM0010,SMB,B2,29.887989,523.59,350.0,0.5,523.59,0,2026-02-01,1,523.59,1.0,1.0
retention_outreach_2025q4,ASG-442c34cac82c17e7,CUST001021,2025-11-01,control,no_action_control,AM0011,SMB,B1,18.9381,932.73,0.0,0.5,932.73,0,2026-02-01,1,932.73,1.0,1.0
retention_outreach_2025q4,ASG-443d96d97956bcb6,CUST003155,2025-11-01,control,no_action_control,AM0020,SMB,B2,26.395236,721.99,0.0,0.5,721.99,0,2026-02-01,1,721.99,1.0,1.0
retention_outreach_2025q4,ASG-448845285dcd3cbe,CUST003124,2025-11-01,treatment,success_plan_outreach,AM0035,SMB,B3,32.488108,798.88,350.0,0.5,798.88,0,2026-02-01,1,798.88,1.0,1.0
retention_outreach_2025q4,ASG-448ec5acd64359f9,CUST003448,2025-11-01,treatment,success_plan_outreach,AM0028,Mid-Market,B3,31.29237,1111.5,900.0,0.5,1111.5,0,2026-02-01,1,1111.5,1.0,1.0
retention_outreach_2025q4,ASG-449c6948afc18ecf,CUST004205,2025-11-01,treatment,success_plan_outreach,AM0012,SMB,B1,23.055658,398.21,350.0,0.5,398.21,0,2026-02-01,1,398.21,1.0,1.0
retention_outreach_2025q4,ASG-449d82c2e647d8c3,CUST004062,2025-11-01,control,no_action_control,AM0037,Mid-Market,B1,18.884831,3189.33,0.0,0.5,3189.33,0,2026-02-01,1,3189.33,1.0,1.0
retention_outreach_2025q4,ASG-44d60ac65579dc97,CUST002687,2025-11-01,control,no_action_control,AM0035,SMB,B1,23.162655,340.94,0.0,0.5,340.94,0,2026-02-01,1,340.94,1.0,1.0
retention_outreach_2025q4,ASG-44dc98230de1e64e,CUST003912,2025-11-01,control,no_action_control,AM0011,Mid-Market,B4,77.462415,3850.28,0.0,0.5,3850.28,0,2026-02-01,1,3850.28,1.0,1.0
retention_outreach_2025q4,ASG-45293f531ea49df1,CUST001785,2025-11-01,control,no_action_control,AM0025,SMB,B4,46.26826,1035.84,0.0,0.5,1035.84,0,2026-02-01,1,1035.84,1.0,1.0
retention_outreach_2025q4,ASG-452e268ea1be92c7,CUST003636,2025-11-01,treatment,success_plan_outreach,AM0003,Mid-Market,B1,18.13338,3915.98,900.0,0.5,4151.94,0,2026-02-01,1,3915.98,1.0,1.060255670355824
retention_outreach_2025q4,ASG-4532d93870da348f,CUST002413,2025-11-01,treatment,success_plan_outreach,AM0002,SMB,B4,65.019019,1176.46,350.0,0.5,995.25,0,2026-02-01,1,995.25,0.8459701137310236,0.8459701137310236
retention_outreach_2025q4,ASG-4538ee5a571e9c51,CUST002361,2025-11-01,control,no_action_control,AM0014,Enterprise,B1,18.725886,8587.35,0.0,0.5,8587.35,0,2026-02-01,1,8587.35,1.0,1.0
retention_outreach_2025q4,ASG-45985a61ae51ea3c,CUST003962,2025-11-01,treatment,success_plan_outreach,AM0024,SMB,B3,30.768971,420.36,350.0,0.5,365.24,0,2026-02-01,1,365.24,0.8688742982205728,0.8688742982205728
retention_outreach_2025q4,ASG-45ace185acaa53e9,CUST000957,2025-11-01,control,no_action_control,AM0016,Mid-Market,B4,32.202972,1253.3,0.0,0.5,1253.3,0,2026-02-01,1,1253.3,1.0,1.0
retention_outreach_2025q4,ASG-45c40ae31356f8ba,CUST000385,2025-11-01,control,no_action_control,AM0014,Enterprise,B4,31.141068,10782.22,0.0,0.5,10782.22,0,2026-02-01,1,10782.22,1.0,1.0
retention_outreach_2025q4,ASG-45ec8a05a8d1e090,CUST001260,2025-11-01,treatment,success_plan_outreach,AM0026,SMB,B4,50.972689,235.26,350.0,0.5,253.75,0,2026-02-01,1,235.26,1.0,1.0785938961149366
retention_outreach_2025q4,ASG-45ff8d70a29580e9,CUST002984,2025-11-01,treatment,success_plan_outreach,AM0040,Mid-Market,B3,30.514597,2231.25,900.0,0.5,2231.25,0,2026-02-01,1,2231.25,1.0,1.0
retention_outreach_2025q4,ASG-461ae8170bfb8e8f,CUST003021,2025-11-01,treatment,success_plan_outreach,AM0036,Mid-Market,B2,25.885112,2931.5,900.0,0.5,2931.5,0,2026-02-01,1,2931.5,1.0,1.0
retention_outreach_2025q4,ASG-4629b7bcd4d52bc3,CUST002358,2025-11-01,treatment,success_plan_outreach,AM0038,SMB,B2,26.2,280.0,350.0,0.5,280.0,0,2026-02-01,1,280.0,1.0,1.0
retention_outreach_2025q4,ASG-46329bb279cf16bd,CUST001065,2025-11-01,treatment,success_plan_outreach,AM0040,Enterprise,B3,28.962582,2456.44,2500.0,0.5,2962.1,0,2026-02-01,1,2456.44,1.0,1.2058507433521681
retention_outreach_2025q4,ASG-4641143220cff0b5,CUST001335,2025-11-01,treatment,success_plan_outreach,AM0009,SMB,B3,33.281067,1518.42,350.0,0.5,1518.42,0,2026-02-01,1,1518.42,1.0,1.0
retention_outreach_2025q4,ASG-46774a8261ce83fc,CUST002854,2025-11-01,treatment,success_plan_outreach,AM0007,Mid-Market,B1,22.608271,3182.83,900.0,0.5,2592.71,0,2026-02-01,1,2592.71,0.814592673815441,0.814592673815441
retention_outreach_2025q4,ASG-46b0e0d93a02a376,CUST000079,2025-11-01,treatment,success_plan_outreach,AM0010,Mid-Market,B1,21.071862,2822.25,900.0,0.5,2089.79,0,2026-02-01,1,2089.79,0.7404694835680751,0.7404694835680751
retention_outreach_2025q4,ASG-46b1d7937832f3c0,CUST003573,2025-11-01,control,no_action_control,AM0027,Mid-Market,B2,25.851351,4099.25,0.0,0.5,4099.25,0,2026-02-01,1,4099.25,1.0,1.0
retention_outreach_2025q4,ASG-46c25c9012132305,CUST003905,2025-11-01,control,no_action_control,AM0006,SMB,B4,36.173255,462.5,0.0,0.5,462.5,0,2026-02-01,1,462.5,1.0,1.0
retention_outreach_2025q4,ASG-46c727d13f5f071e,CUST001665,2025-11-01,control,no_action_control,AM0012,SMB,B3,33.323032,1121.18,0.0,0.5,1121.18,0,2026-02-01,1,1121.18,1.0,1.0
retention_outreach_2025q4,ASG-46ca16747e157096,CUST000479,2025-11-01,control,no_action_control,AM0013,Mid-Market,B1,22.995811,1754.8,0.0,0.5,1754.8,0,2026-02-01,1,1754.8,1.0,1.0
retention_outreach_2025q4,ASG-46e141fb0d9e882f,CUST000856,2025-11-01,treatment,success_plan_outreach,AM0030,SMB,B4,39.838068,969.77,350.0,0.5,969.77,0,2026-02-01,1,969.77,1.0,1.0
retention_outreach_2025q4,ASG-46ea092a0bb6dab1,CUST001662,2025-11-01,treatment,success_plan_outreach,AM0001,Enterprise,B2,20.835708,7321.84,2500.0,0.5,8485.51,0,2026-02-01,1,7321.84,1.0,1.1589313615156847
retention_outreach_2025q4,ASG-46f4b099ab9f40c9,CUST000258,2025-11-01,treatment,success_plan_outreach,AM0012,Enterprise,B4,65.570824,9226.94,2500.0,0.5,9226.94,0,2026-02-01,1,9226.94,1.0,1.0
retention_outreach_2025q4,ASG-470d585b3236da34,CUST002672,2025-11-01,treatment,success_plan_outreach,AM0015,SMB,B2,24.28886,193.0,350.0,0.5,193.0,0,2026-02-01,1,193.0,1.0,1.0
retention_outreach_2025q4,ASG-470ef9c7a62d3a1f,CUST003914,2025-11-01,control,no_action_control,AM0007,Enterprise,B3,25.800168,7744.0,0.0,0.5,7744.0,0,2026-02-01,1,7744.0,1.0,1.0
retention_outreach_2025q4,ASG-475a75c9bb0abe46,CUST001728,2025-11-01,control,no_action_control,AM0005,Enterprise,B4,31.60914,7125.33,0.0,0.5,7125.33,0,2026-02-01,1,7125.33,1.0,1.0
retention_outreach_2025q4,ASG-4770343c6c52ee9a,CUST003067,2025-11-01,control,no_action_control,AM0031,SMB,B1,22.270034,1035.34,0.0,0.5,1035.34,0,2026-02-01,1,1035.34,1.0,1.0
retention_outreach_2025q4,ASG-47775b5da7432737,CUST000348,2025-11-01,treatment,success_plan_outreach,AM0030,Mid-Market,B3,29.101046,4506.06,900.0,0.5,4506.06,0,2026-02-01,1,4506.06,1.0,1.0
retention_outreach_2025q4,ASG-478b229467584543,CUST000415,2025-11-01,control,no_action_control,AM0014,SMB,B3,30.233811,194.74,0.0,0.5,194.74,0,2026-02-01,1,194.74,1.0,1.0
retention_outreach_2025q4,ASG-479ee429d9ab4817,CUST004010,2025-11-01,treatment,success_plan_outreach,AM0001,SMB,B3,32.425003,327.45,350.0,0.5,327.45,0,2026-02-01,1,327.45,1.0,1.0
retention_outreach_2025q4,ASG-47b93780893fd030,CUST001269,2025-11-01,control,no_action_control,AM0009,SMB,B4,36.264988,1121.78,0.0,0.5,1121.78,0,2026-02-01,1,1121.78,1.0,1.0
retention_outreach_2025q4,ASG-47d95b692f207581,CUST000572,2025-11-01,treatment,success_plan_outreach,AM0007,SMB,B2,26.082167,328.6,350.0,0.5,328.6,0,2026-02-01,1,328.6,1.0,1.0
retention_outreach_2025q4,ASG-48359c63abbd1436,CUST004150,2025-11-01,control,no_action_control,AM0027,Mid-Market,B2,27.113959,2193.75,0.0,0.5,2328.13,0,2026-02-01,1,2193.75,1.0,1.0612558404558405
retention_outreach_2025q4,ASG-48fa4a64fcaeec8d,CUST003343,2025-11-01,control,no_action_control,AM0027,SMB,B2,27.149621,1678.96,0.0,0.5,1477.28,0,2026-02-01,1,1477.28,0.8798780197264974,0.8798780197264974
retention_outreach_2025q4,ASG-491c51aa08170c66,CUST003577,2025-11-01,treatment,success_plan_outreach,AM0016,SMB,B4,53.811854,1404.35,350.0,0.5,1404.35,0,2026-02-01,1,1404.35,1.0,1.0
retention_outreach_2025q4,ASG-4928ea25b55c1860,CUST000419,2025-11-01,control,no_action_control,AM0004,Mid-Market,B1,21.650231,3465.12,0.0,0.5,3465.12,0,2026-02-01,1,3465.12,1.0,1.0
retention_outreach_2025q4,ASG-493d145687432a37,CUST004381,2025-11-01,control,no_action_control,AM0004,SMB,B3,31.50949,717.5,0.0,0.5,717.5,0,2026-02-01,1,717.5,1.0,1.0
retention_outreach_2025q4,ASG-4949fd418f63c133,CUST002444,2025-11-01,control,no_action_control,AM0029,SMB,B1,20.101595,830.0,0.0,0.5,830.0,0,2026-02-01,1,830.0,1.0,1.0
retention_outreach_2025q4,ASG-4991dd10e6e0ee48,CUST003256,2025-11-01,control,no_action_control,AM0014,Enterprise,B2,21.939647,9190.05,0.0,0.5,9190.05,0,2026-02-01,1,9190.05,1.0,1.0
retention_outreach_2025q4,ASG-49956af96108ad49,CUST002351,2025-11-01,control,no_action_control,AM0034,Enterprise,B3,29.557549,4502.73,0.0,0.5,4502.73,0,2026-02-01,1,4502.73,1.0,1.0
retention_outreach_2025q4,ASG-49af1a7887779e2b,CUST000402,2025-11-01,control,no_action_control,AM0005,SMB,B4,43.396358,533.35,0.0,0.5,533.35,0,2026-02-01,1,533.35,1.0,1.0
retention_outreach_2025q4,ASG-49e79eb712a4056e,CUST001263,2025-11-01,treatment,success_plan_outreach,AM0012,SMB,B4,37.813544,950.0,350.0,0.5,950.0,0,2026-02-01,1,950.0,1.0,1.0
retention_outreach_2025q4,ASG-4a25768f2722bfa2,CUST000439,2025-11-01,treatment,success_plan_outreach,AM0003,Enterprise,B1,17.986607,11164.91,2500.0,0.5,11164.91,0,2026-02-01,1,11164.91,1.0,1.0
retention_outreach_2025q4,ASG-4a2f71416e0380c6,CUST003838,2025-11-01,control,no_action_control,AM0020,SMB,B4,36.028877,756.26,0.0,0.5,0.0,0,2026-02-01,0,0.0,0.0,0.0
retention_outreach_2025q4,ASG-4a662704d6c32486,CUST003279,2025-11-01,treatment,success_plan_outreach,AM0030,Mid-Market,B3,29.709696,3146.93,900.0,0.5,3146.93,0,2026-02-01,1,3146.93,1.0,1.0
retention_outreach_2025q4,ASG-4aa2ababe27bf7e8,CUST000121,2025-11-01,treatment,success_plan_outreach,AM0032,Enterprise,B4,33.330368,8389.54,2500.0,0.5,8389.54,0,2026-02-01,1,8389.54,1.0,1.0
retention_outreach_2025q4,ASG-4ad8cdd6c7acdf6e,CUST002326,2025-11-01,treatment,success_plan_outreach,AM0006,Mid-Market,B3,30.821059,1232.62,900.0,0.5,1232.62,0,2026-02-01,1,1232.62,1.0,1.0
retention_outreach_2025q4,ASG-4add329b04b657aa,CUST002485,2025-11-01,treatment,success_plan_outreach,AM0013,Mid-Market,B2,23.272161,3507.74,900.0,0.5,3507.74,0,2026-02-01,1,3507.74,1.0,1.0
retention_outreach_2025q4,ASG-4ae7a440a0a4deff,CUST003936,2025-11-01,control,no_action_control,AM0022,Mid-Market,B2,23.599754,1305.48,0.0,0.5,1305.48,0,2026-02-01,1,1305.48,1.0,1.0
retention_outreach_2025q4,ASG-4b0e501d06fde58a,CUST000282,2025-11-01,control,no_action_control,AM0002,Mid-Market,B1,19.474976,2622.14,0.0,0.5,2622.14,0,2026-02-01,1,2622.14,1.0,1.0
retention_outreach_2025q4,ASG-4b29ebda91df14ca,CUST001121,2025-11-01,control,no_action_control,AM0004,Enterprise,B3,28.102633,11990.3,0.0,0.5,11990.3,0,2026-02-01,1,11990.3,1.0,1.0
retention_outreach_2025q4,ASG-4b51039322debd6a,CUST003079,2025-11-01,treatment,success_plan_outreach,AM0031,SMB,B2,28.884375,929.23,350.0,0.5,929.23,0,2026-02-01,1,929.23,1.0,1.0
retention_outreach_2025q4,ASG-4b5dbbce4b49174d,CUST001534,2025-11-01,treatment,success_plan_outreach,AM0021,SMB,B3,30.437578,296.54,350.0,0.5,296.54,0,2026-02-01,1,296.54,1.0,1.0
retention_outreach_2025q4,ASG-4b66246bd1b8b2ba,CUST000467,2025-11-01,treatment,success_plan_outreach,AM0020,SMB,B2,25.126178,518.0,350.0,0.5,518.0,0,2026-02-01,1,518.0,1.0,1.0
retention_outreach_2025q4,ASG-4b8cd40d8d634d58,CUST003185,2025-11-01,control,no_action_control,AM0030,SMB,B3,32.0392,250.0,0.0,0.5,250.0,0,2026-02-01,1,250.0,1.0,1.0
retention_outreach_2025q4,ASG-4bb6c72a30c04ba4,CUST002170,2025-11-01,treatment,success_plan_outreach,AM0021,SMB,B4,45.977482,508.42,350.0,0.5,508.42,0,2026-02-01,1,508.42,1.0,1.0
retention_outreach_2025q4,ASG-4bba36a546b969a8,CUST000262,2025-11-01,control,no_action_control,AM0011,SMB,B1,22.44,280.0,0.0,0.5,326.11,0,2026-02-01,1,280.0,1.0,1.1646785714285715
retention_outreach_2025q4,ASG-4bc10dbe715d8a7e,CUST003679,2025-11-01,treatment,success_plan_outreach,AM0028,Mid-Market,B3,29.539773,885.82,900.0,0.5,992.46,0,2026-02-01,1,885.82,1.0,1.1203856313923821
retention_outreach_2025q4,ASG-4bd69b7c12f66e8b,CUST003070,2025-11-01,control,no_action_control,AM0001,Mid-Market,B3,31.004947,1479.5,0.0,0.5,1479.5,0,2026-02-01,1,1479.5,1.0,1.0
retention_outreach_2025q4,ASG-4c3ea4fc9b7e6528,CUST002104,2025-11-01,treatment,success_plan_outreach,AM0001,SMB,B1,23.463411,422.8,350.0,0.5,422.8,0,2026-02-01,1,422.8,1.0,1.0
retention_outreach_2025q4,ASG-4c4c1895733fac7e,CUST002074,2025-11-01,control,no_action_control,AM0040,SMB,B1,21.348134,375.2,0.0,0.5,375.2,0,2026-02-01,1,375.2,1.0,1.0
retention_outreach_2025q4,ASG-4c869994c4453f17,CUST003873,2025-11-01,control,no_action_control,AM0003,Enterprise,B2,23.224858,3263.0,0.0,0.5,3628.43,0,2026-02-01,1,3263.0,1.0,1.1119920318725098
retention_outreach_2025q4,ASG-4cc5bd04c170aa48,CUST003479,2025-11-01,control,no_action_control,AM0018,SMB,B3,33.580347,348.95,0.0,0.5,348.95,0,2026-02-01,1,348.95,1.0,1.0
retention_outreach_2025q4,ASG-4ccebbd7bb4b581a,CUST000548,2025-11-01,control,no_action_control,AM0018,SMB,B3,34.307054,926.25,0.0,0.5,926.25,0,2026-02-01,1,926.25,1.0,1.0
retention_outreach_2025q4,ASG-4cdcfbf8f181b7aa,CUST001214,2025-11-01,control,no_action_control,AM0002,SMB,B3,32.741773,1192.25,0.0,0.5,1192.25,0,2026-02-01,1,1192.25,1.0,1.0
retention_outreach_2025q4,ASG-4cf5dad0e4ef0c7b,CUST002756,2025-11-01,treatment,success_plan_outreach,AM0036,SMB,B1,23.959705,1565.2,350.0,0.5,0.0,1,2026-02-01,0,0.0,0.0,0.0
retention_outreach_2025q4,ASG-4cf86c64fc13fcb2,CUST003142,2025-11-01,treatment,success_plan_outreach,AM0032,SMB,B3,32.492938,647.76,350.0,0.5,647.76,0,2026-02-01,1,647.76,1.0,1.0
retention_outreach_2025q4,ASG-4d092613d74149aa,CUST002259,2025-11-01,control,no_action_control,AM0031,Mid-Market,B4,35.020955,2568.75,0.0,0.5,3429.07,0,2026-02-01,1,2568.75,1.0,1.3349177615571777
retention_outreach_2025q4,ASG-4d124ad572e36373,CUST003246,2025-11-01,control,no_action_control,AM0039,Mid-Market,B3,30.68131,1148.89,0.0,0.5,1148.89,0,2026-02-01,1,1148.89,1.0,1.0
retention_outreach_2025q4,ASG-4d217d14ddc97916,CUST003707,2025-11-01,treatment,success_plan_outreach,AM0031,Mid-Market,B3,31.880504,2988.53,900.0,0.5,2988.53,0,2026-02-01,1,2988.53,1.0,1.0
retention_outreach_2025q4,ASG-4d4626ab91c2450e,CUST003724,2025-11-01,treatment,success_plan_outreach,AM0038,SMB,B1,19.851282,327.6,350.0,0.5,327.6,0,2026-02-01,1,327.6,1.0,1.0
retention_outreach_2025q4,ASG-4d6b8c0fe33b6ea0,CUST001584,2025-11-01,treatment,success_plan_outreach,AM0039,SMB,B2,25.030308,613.2,350.0,0.5,613.2,0,2026-02-01,1,613.2,1.0,1.0
retention_outreach_2025q4,ASG-4d969985182588cf,CUST002910,2025-11-01,treatment,success_plan_outreach,AM0010,Mid-Market,B3,29.905724,2441.25,900.0,0.5,2441.25,0,2026-02-01,1,2441.25,1.0,1.0
retention_outreach_2025q4,ASG-4d9aba53173f4098,CUST001544,2025-11-01,treatment,success_plan_outreach,AM0023,SMB,B3,32.392238,327.6,350.0,0.5,327.6,0,2026-02-01,1,327.6,1.0,1.0
retention_outreach_2025q4,ASG-4da88b32ff137fdb,CUST004244,2025-11-01,control,no_action_control,AM0018,Enterprise,B3,26.562513,5067.83,0.0,0.5,5067.83,0,2026-02-01,1,5067.83,1.0,1.0
retention_outreach_2025q4,ASG-4dc4387446574d0e,CUST000398,2025-11-01,treatment,success_plan_outreach,AM0009,Mid-Market,B2,27.336929,2480.83,900.0,0.5,2480.83,0,2026-02-01,1,2480.83,1.0,1.0
retention_outreach_2025q4,ASG-4de86231b75634f9,CUST002310,2025-11-01,treatment,success_plan_outreach,AM0018,Mid-Market,B3,31.476865,1988.59,900.0,0.5,1988.59,0,2026-02-01,1,1988.59,1.0,1.0
retention_outreach_2025q4,ASG-4df4f7e80a72eea4,CUST003539,2025-11-01,treatment,success_plan_outreach,AM0009,SMB,B4,41.784527,885.41,350.0,0.5,885.41,0,2026-02-01,1,885.41,1.0,1.0
retention_outreach_2025q4,ASG-4e1ab7c018658324,CUST003957,2025-11-01,control,no_action_control,AM0013,Mid-Market,B4,33.522791,3078.83,0.0,0.5,3078.83,0,2026-02-01,1,3078.83,1.0,1.0
retention_outreach_2025q4,ASG-4e41d6e94d2c6408,CUST000143,2025-11-01,treatment,success_plan_outreach,AM0025,SMB,B4,35.060111,772.62,350.0,0.5,772.62,0,2026-02-01,1,772.62,1.0,1.0
retention_outreach_2025q4,ASG-4e728ce9490af49e,CUST001196,2025-11-01,treatment,success_plan_outreach,AM0017,Mid-Market,B2,26.146833,1143.8,900.0,0.5,1312.82,0,2026-02-01,1,1143.8,1.0,1.1477705892638572
retention_outreach_2025q4,ASG-4e7fa9b188d53113,CUST000322,2025-11-01,control,no_action_control,AM0021,SMB,B4,52.375947,746.08,0.0,0.5,746.08,0,2026-02-01,1,746.08,1.0,1.0
retention_outreach_2025q4,ASG-4e84e86b4957b480,CUST003370,2025-11-01,control,no_action_control,AM0032,Mid-Market,B2,26.971546,2857.83,0.0,0.5,2857.83,0,2026-02-01,1,2857.83,1.0,1.0
retention_outreach_2025q4,ASG-4e86257f6b5e6987,CUST004165,2025-11-01,control,no_action_control,AM0038,Enterprise,B3,26.487866,39704.0,0.0,0.5,39704.0,0,2026-02-01,1,39704.0,1.0,1.0
retention_outreach_2025q4,ASG-4eee5da2f7ed2413,CUST001284,2025-11-01,control,no_action_control,AM0031,SMB,B1,18.7875,327.6,0.0,0.5,327.6,0,2026-02-01,1,327.6,1.0,1.0
retention_outreach_2025q4,ASG-4ef26133765b17c7,CUST000082,2025-11-01,treatment,success_plan_outreach,AM0032,Mid-Market,B1,22.818604,3005.74,900.0,0.5,3005.74,0,2026-02-01,1,3005.74,1.0,1.0
retention_outreach_2025q4,ASG-4efa63b172355ce5,CUST001713,2025-11-01,treatment,success_plan_outreach,AM0004,Mid-Market,B4,33.619431,2017.27,900.0,0.5,2017.27,0,2026-02-01,1,2017.27,1.0,1.0
retention_outreach_2025q4,ASG-4f397219384d7e5f,CUST003024,2025-11-01,control,no_action_control,AM0037,SMB,B4,39.503346,250.0,0.0,0.5,250.0,0,2026-02-01,1,250.0,1.0,1.0
retention_outreach_2025q4,ASG-4f3f47f9a68dc69e,CUST004076,2025-11-01,treatment,success_plan_outreach,AM0020,SMB,B1,23.246536,873.91,350.0,0.5,873.91,0,2026-02-01,1,873.91,1.0,1.0
retention_outreach_2025q4,ASG-4f40b303e68c2e4d,CUST002643,2025-11-01,treatment,success_plan_outreach,AM0038,SMB,B1,20.069986,396.48,350.0,0.5,396.48,0,2026-02-01,1,396.48,1.0,1.0
retention_outreach_2025q4,ASG-4fce2705be78a52e,CUST001928,2025-11-01,treatment,success_plan_outreach,AM0009,Enterprise,B1,18.858086,6778.81,2500.0,0.5,6778.81,0,2026-02-01,1,6778.81,1.0,1.0
retention_outreach_2025q4,ASG-4fd0c0a79ace5b99,CUST003892,2025-11-01,control,no_action_control,AM0025,Mid-Market,B1,18.473998,2188.46,0.0,0.5,2188.46,0,2026-02-01,1,2188.46,1.0,1.0
retention_outreach_2025q4,ASG-500943550f19533d,CUST003680,2025-11-01,control,no_action_control,AM0014,SMB,B3,30.831447,327.6,0.0,0.5,327.6,0,2026-02-01,1,327.6,1.0,1.0
retention_outreach_2025q4,ASG-50124911587b5484,CUST001829,2025-11-01,treatment,success_plan_outreach,AM0036,Enterprise,B1,18.3884,9296.3,2500.0,0.5,9296.3,0,2026-02-01,1,9296.3,1.0,1.0
retention_outreach_2025q4,ASG-503f98ab917b9f48,CUST002869,2025-11-01,treatment,success_plan_outreach,AM0011,SMB,B2,24.822917,470.4,350.0,0.5,470.4,0,2026-02-01,1,470.4,1.0,1.0
retention_outreach_2025q4,ASG-5040022ddf5fc7a7,CUST002072,2025-11-01,control,no_action_control,AM0010,Mid-Market,B4,40.297818,2799.83,0.0,0.5,2799.83,0,2026-02-01,1,2799.83,1.0,1.0
retention_outreach_2025q4,ASG-5061972f61ae94a7,CUST001518,2025-11-01,control,no_action_control,AM0024,SMB,B2,26.647032,613.2,0.0,0.5,613.2,0,2026-02-01,1,613.2,1.0,1.0
retention_outreach_2025q4,ASG-506229000b1cecf6,CUST000352,2025-11-01,treatment,success_plan_outreach,AM0028,SMB,B3,33.05702,935.82,350.0,0.5,935.82,0,2026-02-01,1,935.82,1.0,1.0
retention_outreach_2025q4,ASG-50a16dd9b556a076,CUST000449,2025-11-01,control,no_action_control,AM0026,Mid-Market,B3,31.88118,2791.88,0.0,0.5,2791.88,0,2026-02-01,1,2791.88,1.0,1.0
retention_outreach_2025q4,ASG-50cc120f691e73df,CUST000912,2025-11-01,control,no_action_control,AM0018,SMB,B2,28.227568,348.98,0.0,0.5,348.98,0,2026-02-01,1,348.98,1.0,1.0
retention_outreach_2025q4,ASG-50d7db7a5da0fdbf,CUST003127,2025-11-01,control,no_action_control,AM0026,Mid-Market,B2,23.549363,833.99,0.0,0.5,833.99,0,2026-02-01,1,833.99,1.0,1.0
retention_outreach_2025q4,ASG-5109b71e5f0214cb,CUST000817,2025-11-01,treatment,success_plan_outreach,AM0007,SMB,B1,19.252531,1449.08,350.0,0.5,1449.08,0,2026-02-01,1,1449.08,1.0,1.0
retention_outreach_2025q4,ASG-512306651cf293f5,CUST003058,2025-11-01,treatment,success_plan_outreach,AM0007,Mid-Market,B4,33.876951,2229.63,900.0,0.5,2229.63,0,2026-02-01,1,2229.63,1.0,1.0
retention_outreach_2025q4,ASG-5163b76842f6f30c,CUST000592,2025-11-01,treatment,success_plan_outreach,AM0036,SMB,B3,31.332051,505.0,350.0,0.5,505.0,0,2026-02-01,1,505.0,1.0,1.0
retention_outreach_2025q4,ASG-516cbbdd7d253218,CUST002567,2025-11-01,control,no_action_control,AM0032,SMB,B1,21.773073,759.56,0.0,0.5,759.56,0,2026-02-01,1,759.56,1.0,1.0
retention_outreach_2025q4,ASG-5190cf1b4e67adc9,CUST002383,2025-11-01,treatment,success_plan_outreach,AM0028,SMB,B4,34.850927,590.0,350.0,0.5,502.14,0,2026-02-01,1,502.14,0.8510847457627119,0.8510847457627119
retention_outreach_2025q4,ASG-51a81449bbe12575,CUST002725,2025-11-01,treatment,success_plan_outreach,AM0019,Mid-Market,B1,18.21421,958.23,900.0,0.5,958.23,0,2026-02-01,1,958.23,1.0,1.0
retention_outreach_2025q4,ASG-51d362bbb6ee935c,CUST002965,2025-11-01,control,no_action_control,AM0034,SMB,B2,27.6195,376.91,0.0,0.5,457.58,0,2026-02-01,1,376.91,1.0,1.21402987450585
retention_outreach_2025q4,ASG-521051a272a242f1,CUST000818,2025-11-01,control,no_action_control,AM0027,SMB,B1,22.350248,422.8,0.0,0.5,422.8,0,2026-02-01,1,422.8,1.0,1.0
retention_outreach_2025q4,ASG-527255c403738ca0,CUST000067,2025-11-01,control,no_action_control,AM0001,SMB,B4,34.482342,549.31,0.0,0.5,549.31,0,2026-02-01,1,549.31,1.0,1.0
retention_outreach_2025q4,ASG-52bffa685cc493ef,CUST002239,2025-11-01,treatment,success_plan_outreach,AM0026,Enterprise,B3,26.784541,9248.55,2500.0,0.5,9248.55,0,2026-02-01,1,9248.55,1.0,1.0
retention_outreach_2025q4,ASG-52c7745a713429e7,CUST002616,2025-11-01,treatment,success_plan_outreach,AM0003,SMB,B3,31.495983,2486.31,350.0,0.5,2486.31,0,2026-02-01,1,2486.31,1.0,1.0
retention_outreach_2025q4,ASG-530cff2d55bc8c0c,CUST001206,2025-11-01,control,no_action_control,AM0007,Mid-Market,B4,34.155467,1555.62,0.0,0.5,1555.62,0,2026-02-01,1,1555.62,1.0,1.0
retention_outreach_2025q4,ASG-534bae67d98e741e,CUST001586,2025-11-01,control,no_action_control,AM0005,Enterprise,B1,17.901187,7869.84,0.0,0.5,7869.84,0,2026-02-01,1,7869.84,1.0,1.0
retention_outreach_2025q4,ASG-535484b7b1ff37cf,CUST002992,2025-11-01,treatment,success_plan_outreach,AM0008,SMB,B3,32.191392,874.86,350.0,0.5,874.86,0,2026-02-01,1,874.86,1.0,1.0
retention_outreach_2025q4,ASG-53915ab770a762a5,CUST000058,2025-11-01,treatment,success_plan_outreach,AM0015,SMB,B2,30.080507,938.12,350.0,0.5,938.12,0,2026-02-01,1,938.12,1.0,1.0
retention_outreach_2025q4,ASG-539be04040f6972e,CUST000697,2025-11-01,control,no_action_control,AM0024,SMB,B3,31.273157,357.03,0.0,0.5,357.03,0,2026-02-01,1,357.03,1.0,1.0
retention_outreach_2025q4,ASG-53ad52c85931a8ac,CUST001253,2025-11-01,control,no_action_control,AM0036,SMB,B3,30.505869,851.2,0.0,0.5,851.2,0,2026-02-01,1,851.2,1.0,1.0
retention_outreach_2025q4,ASG-53d11091a585669d,CUST001952,2025-11-01,treatment,success_plan_outreach,AM0036,SMB,B2,27.290621,787.96,350.0,0.5,787.96,0,2026-02-01,1,787.96,1.0,1.0
retention_outreach_2025q4,ASG-53d70ddcbaf69d73,CUST003984,2025-11-01,treatment,success_plan_outreach,AM0021,SMB,B3,33.662734,470.4,350.0,0.5,470.4,0,2026-02-01,1,470.4,1.0,1.0
retention_outreach_2025q4,ASG-54db329fbbfed437,CUST002303,2025-11-01,control,no_action_control,AM0022,SMB,B2,26.835948,634.78,0.0,0.5,780.94,0,2026-02-01,1,634.78,1.0,1.2302530010397303
retention_outreach_2025q4,ASG-54df4fec4059e47d,CUST003367,2025-11-01,control,no_action_control,AM0020,Mid-Market,B3,32.065198,2221.88,0.0,0.5,2221.88,0,2026-02-01,1,2221.88,1.0,1.0
retention_outreach_2025q4,ASG-54f0b88153f4af3e,CUST003510,2025-11-01,treatment,success_plan_outreach,AM0035,Enterprise,B2,21.959673,7499.65,2500.0,0.5,7499.65,0,2026-02-01,1,7499.65,1.0,1.0
retention_outreach_2025q4,ASG-55037c857f9e21f0,CUST000241,2025-11-01,control,no_action_control,AM0020,SMB,B3,32.974602,613.2,0.0,0.5,613.2,0,2026-02-01,1,613.2,1.0,1.0
retention_outreach_2025q4,ASG-550a23600ad8a8fd,CUST000173,2025-11-01,control,no_action_control,AM0002,Mid-Market,B3,30.217907,2283.46,0.0,0.5,2283.46,0,2026-02-01,1,2283.46,1.0,1.0
retention_outreach_2025q4,ASG-5526d8f38a436bb1,CUST002662,2025-11-01,control,no_action_control,AM0007,SMB,B2,24.261459,236.13,0.0,0.5,236.13,0,2026-02-01,1,236.13,1.0,1.0
retention_outreach_2025q4,ASG-5552a3ee3dd92267,CUST000196,2025-11-01,treatment,success_plan_outreach,AM0024,SMB,B1,21.078716,518.0,350.0,0.5,684.47,0,2026-02-01,1,518.0,1.0,1.3213706563706564
retention_outreach_2025q4,ASG-559308b96a986512,CUST001672,2025-11-01,control,no_action_control,AM0021,SMB,B4,49.396465,393.6,0.0,0.5,393.6,0,2026-02-01,1,393.6,1.0,1.0
retention_outreach_2025q4,ASG-55c1eae4ce891bc5,CUST002864,2025-11-01,treatment,success_plan_outreach,AM0034,SMB,B4,36.176657,335.0,350.0,0.5,335.0,0,2026-02-01,1,335.0,1.0,1.0
retention_outreach_2025q4,ASG-55f698f092a77a04,CUST002647,2025-11-01,treatment,success_plan_outreach,AM0013,Mid-Market,B3,28.97484,3928.42,900.0,0.5,3928.42,0,2026-02-01,1,3928.42,1.0,1.0
retention_outreach_2025q4,ASG-5627f86230e32a81,CUST002753,2025-11-01,control,no_action_control,AM0018,Mid-Market,B3,28.955199,1636.38,0.0,0.5,1636.38,0,2026-02-01,1,1636.38,1.0,1.0
retention_outreach_2025q4,ASG-56627e2bf6676eaf,CUST000085,2025-11-01,treatment,success_plan_outreach,AM0005,SMB,B3,32.67609,1100.73,350.0,0.5,842.08,0,2026-02-01,1,842.08,0.7650195779164737,0.7650195779164737
retention_outreach_2025q4,ASG-5681d9cdc42699ed,CUST002064,2025-11-01,control,no_action_control,AM0002,SMB,B2,26.073819,332.01,0.0,0.5,332.01,0,2026-02-01,1,332.01,1.0,1.0
retention_outreach_2025q4,ASG-568fb93f70143b05,CUST002747,2025-11-01,control,no_action_control,AM0007,SMB,B2,25.018237,252.12,0.0,0.5,309.77,0,2026-02-01,1,252.12,1.0,1.2286609551007457
retention_outreach_2025q4,ASG-5690818600c19b2a,CUST002161,2025-11-01,control,no_action_control,AM0020,Enterprise,B2,20.95866,6875.75,0.0,0.5,6875.75,0,2026-02-01,1,6875.75,1.0,1.0
retention_outreach_2025q4,ASG-5699fd52285b0da9,CUST001716,2025-11-01,treatment,success_plan_outreach,AM0032,SMB,B2,28.160242,512.6,350.0,0.5,512.6,0,2026-02-01,1,512.6,1.0,1.0
retention_outreach_2025q4,ASG-569f173c1e08b36a,CUST002541,2025-11-01,treatment,success_plan_outreach,AM0018,SMB,B3,32.328968,339.13,350.0,0.5,0.0,0,2026-02-01,0,0.0,0.0,0.0
retention_outreach_2025q4,ASG-5740f9fd3a90f5e3,CUST002004,2025-11-01,treatment,success_plan_outreach,AM0002,SMB,B4,37.221027,971.1,350.0,0.5,971.1,0,2026-02-01,1,971.1,1.0,1.0
retention_outreach_2025q4,ASG-574cbfa547ce65a9,CUST001979,2025-11-01,control,no_action_control,AM0040,SMB,B3,30.201828,504.97,0.0,0.5,0.0,1,2026-02-01,0,0.0,0.0,0.0
retention_outreach_2025q4,ASG-5755eaa2ff70a490,CUST001024,2025-11-01,control,no_action_control,AM0028,SMB,B4,43.971437,1178.54,0.0,0.5,1178.54,0,2026-02-01,1,1178.54,1.0,1.0
retention_outreach_2025q4,ASG-578ec22a47bef035,CUST000900,2025-11-01,control,no_action_control,AM0001,Enterprise,B1,17.956846,7110.0,0.0,0.5,7110.0,0,2026-02-01,1,7110.0,1.0,1.0
retention_outreach_2025q4,ASG-57ecdd4680d2e085,CUST004351,2025-11-01,treatment,success_plan_outreach,AM0015,Mid-Market,B4,32.540872,2165.62,900.0,0.5,2165.62,0,2026-02-01,1,2165.62,1.0,1.0
retention_outreach_2025q4,ASG-57ed42e735aa0cd7,CUST001630,2025-11-01,treatment,success_plan_outreach,AM0016,Mid-Market,B2,25.715044,1153.36,900.0,0.5,1153.36,0,2026-02-01,1,1153.36,1.0,1.0
retention_outreach_2025q4,ASG-57f188410321f312,CUST001650,2025-11-01,treatment,success_plan_outreach,AM0007,SMB,B4,50.529541,1030.75,350.0,0.5,951.84,0,2026-02-01,1,951.84,0.9234440941062334,0.9234440941062334
retention_outreach_2025q4,ASG-58349874b66de840,CUST003596,2025-11-01,treatment,success_plan_outreach,AM0007,Mid-Market,B3,31.469941,3189.33,900.0,0.5,3189.33,0,2026-02-01,1,3189.33,1.0,1.0
retention_outreach_2025q4,ASG-58afce8ac220b25e,CUST001056,2025-11-01,treatment,success_plan_outreach,AM0036,Mid-Market,B1,19.235499,1760.84,900.0,0.5,1760.84,0,2026-02-01,1,1760.84,1.0,1.0
retention_outreach_2025q4,ASG-58bbfcd4faea227d,CUST003341,2025-11-01,treatment,success_plan_outreach,AM0022,Enterprise,B1,17.705189,7034.67,2500.0,0.5,7034.67,0,2026-02-01,1,7034.67,1.0,1.0
retention_outreach_2025q4,ASG-58edb143ba255f94,CUST003260,2025-11-01,treatment,success_plan_outreach,AM0013,Mid-Market,B4,32.166502,2441.25,900.0,0.5,2441.25,0,2026-02-01,1,2441.25,1.0,1.0
retention_outreach_2025q4,ASG-5908aef3aedfe17b,CUST002625,2025-11-01,treatment,success_plan_outreach,AM0030,Enterprise,B1,18.332514,6460.44,2500.0,0.5,7773.13,0,2026-02-01,1,6460.44,1.0,1.203188946882875
retention_outreach_2025q4,ASG-5911cb6c4aff0ecc,CUST001998,2025-11-01,control,no_action_control,AM0008,Mid-Market,B2,23.07963,3189.53,0.0,0.5,3189.53,0,2026-02-01,1,3189.53,1.0,1.0
retention_outreach_2025q4,ASG-593f48de35868d22,CUST001722,2025-11-01,treatment,success_plan_outreach,AM0035,Mid-Market,B1,18.975969,2221.88,900.0,0.5,2221.88,0,2026-02-01,1,2221.88,1.0,1.0
retention_outreach_2025q4,ASG-595e6dbeba5e0241,CUST004264,2025-11-01,control,no_action_control,AM0025,SMB,B1,19.357472,247.28,0.0,0.5,247.28,0,2026-02-01,1,247.28,1.0,1.0
retention_outreach_2025q4,ASG-5969f914ea9afc55,CUST001289,2025-11-01,control,no_action_control,AM0029,Mid-Market,B3,31.365199,2664.38,0.0,0.5,2664.38,0,2026-02-01,1,2664.38,1.0,1.0
retention_outreach_2025q4,ASG-59743a0e28d58b02,CUST003348,2025-11-01,treatment,success_plan_outreach,AM0018,Mid-Market,B3,30.511462,1053.45,900.0,0.5,1053.45,0,2026-02-01,1,1053.45,1.0,1.0
retention_outreach_2025q4,ASG-597a9da8a41e4895,CUST002537,2025-11-01,treatment,success_plan_outreach,AM0028,Enterprise,B2,20.809006,12021.33,2500.0,0.5,13932.63,0,2026-02-01,1,12021.33,1.0,1.158992391024953
retention_outreach_2025q4,ASG-598398ad78eb69f9,CUST001865,2025-11-01,treatment,success_plan_outreach,AM0037,Enterprise,B2,23.127709,7837.99,2500.0,0.5,7837.99,0,2026-02-01,1,7837.99,1.0,1.0
retention_outreach_2025q4,ASG-599b9334c9a24614,CUST001486,2025-11-01,treatment,success_plan_outreach,AM0032,Mid-Market,B2,28.591128,2831.58,900.0,0.5,2831.58,0,2026-02-01,1,2831.58,1.0,1.0
retention_outreach_2025q4,ASG-59bb2ae5de103ac5,CUST002590,2025-11-01,treatment,success_plan_outreach,AM0036,SMB,B3,30.777013,377.5,350.0,0.5,377.5,0,2026-02-01,1,377.5,1.0,1.0
retention_outreach_2025q4,ASG-59e850059d26caf4,CUST002225,2025-11-01,control,no_action_control,AM0033,Enterprise,B2,20.513905,6031.73,0.0,0.5,6031.73,0,2026-02-01,1,6031.73,1.0,1.0
retention_outreach_2025q4,ASG-59f7199fb7b4cd9b,CUST001315,2025-11-01,control,no_action_control,AM0003,SMB,B3,32.71875,335.0,0.0,0.5,335.0,0,2026-02-01,1,335.0,1.0,1.0
retention_outreach_2025q4,ASG-5a052f88525e9d93,CUST004347,2025-11-01,treatment,success_plan_outreach,AM0011,SMB,B2,26.391886,745.18,350.0,0.5,745.18,0,2026-02-01,1,745.18,1.0,1.0
retention_outreach_2025q4,ASG-5a1efb0e5fbba5eb,CUST000675,2025-11-01,control,no_action_control,AM0038,Mid-Market,B4,45.533554,982.94,0.0,0.5,982.94,0,2026-02-01,1,982.94,1.0,1.0
retention_outreach_2025q4,ASG-5a3ec354d6399221,CUST000081,2025-11-01,control,no_action_control,AM0033,SMB,B3,31.54869,517.83,0.0,0.5,517.83,0,2026-02-01,1,517.83,1.0,1.0
retention_outreach_2025q4,ASG-5a7c376fa76021c4,CUST000037,2025-11-01,control,no_action_control,AM0040,SMB,B2,26.705712,422.8,0.0,0.5,422.8,0,2026-02-01,1,422.8,1.0,1.0
retention_outreach_2025q4,ASG-5ac0c9e75ecc14d5,CUST000889,2025-11-01,treatment,success_plan_outreach,AM0031,SMB,B4,49.813421,376.48,350.0,0.5,376.48,0,2026-02-01,1,376.48,1.0,1.0
retention_outreach_2025q4,ASG-5aef74d3db0484de,CUST003633,2025-11-01,treatment,success_plan_outreach,AM0020,SMB,B3,33.115397,292.5,350.0,0.5,292.5,0,2026-02-01,1,292.5,1.0,1.0
retention_outreach_2025q4,ASG-5b0bbf7308684269,CUST000942,2025-11-01,control,no_action_control,AM0002,Enterprise,B3,30.633541,6581.33,0.0,0.5,6581.33,0,2026-02-01,1,6581.33,1.0,1.0
retention_outreach_2025q4,ASG-5b0c4bd64279e0f6,CUST003122,2025-11-01,treatment,success_plan_outreach,AM0031,SMB,B1,23.369223,280.0,350.0,0.5,255.77,0,2026-02-01,1,255.77,0.9134642857142857,0.9134642857142857
retention_outreach_2025q4,ASG-5b3b33add8ca9616,CUST001403,2025-11-01,treatment,success_plan_outreach,AM0017,SMB,B2,29.2138,250.0,350.0,0.5,250.0,0,2026-02-01,1,250.0,1.0,1.0
retention_outreach_2025q4,ASG-5b577e6fc50b9154,CUST001044,2025-11-01,treatment,success_plan_outreach,AM0035,SMB,B3,32.612426,527.31,350.0,0.5,527.31,0,2026-02-01,1,527.31,1.0,1.0
retention_outreach_2025q4,ASG-5b754ae527ac17d8,CUST003947,2025-11-01,control,no_action_control,AM0040,Mid-Market,B2,23.682933,1163.06,0.0,0.5,1163.06,0,2026-02-01,1,1163.06,1.0,1.0
retention_outreach_2025q4,ASG-5b777212d7274b84,CUST001016,2025-11-01,treatment,success_plan_outreach,AM0022,SMB,B1,19.474185,400.73,350.0,0.5,293.58,0,2026-02-01,1,293.58,0.7326129813091108,0.7326129813091108
retention_outreach_2025q4,ASG-5b79de6273a48dec,CUST004389,2025-11-01,treatment,success_plan_outreach,AM0034,SMB,B4,47.18345,1182.91,350.0,0.5,1182.91,0,2026-02-01,1,1182.91,1.0,1.0
retention_outreach_2025q4,ASG-5bb14f53ace487da,CUST003226,2025-11-01,control,no_action_control,AM0025,SMB,B1,19.650079,231.17,0.0,0.5,246.72,0,2026-02-01,1,231.17,1.0,1.0672665138209976
retention_outreach_2025q4,ASG-5bc66f5d90d5dade,CUST003236,2025-11-01,control,no_action_control,AM0004,Mid-Market,B2,26.012176,3611.86,0.0,0.5,3611.86,0,2026-02-01,1,3611.86,1.0,1.0
retention_outreach_2025q4,ASG-5bf73415d0198d3c,CUST003732,2025-11-01,treatment,success_plan_outreach,AM0023,SMB,B4,46.175525,278.28,350.0,0.5,278.28,0,2026-02-01,1,278.28,1.0,1.0
retention_outreach_2025q4,ASG-5c0493ff4ff3b39e,CUST001172,2025-11-01,control,no_action_control,AM0022,SMB,B1,19.071361,829.02,0.0,0.5,829.02,0,2026-02-01,1,829.02,1.0,1.0
retention_outreach_2025q4,ASG-5c0ce3d5691b054a,CUST003863,2025-11-01,treatment,success_plan_outreach,AM0032,SMB,B1,22.957817,510.13,350.0,0.5,510.13,0,2026-02-01,1,510.13,1.0,1.0
retention_outreach_2025q4,ASG-5c2aa6ae7949b812,CUST003362,2025-11-01,treatment,success_plan_outreach,AM0032,Enterprise,B4,50.112883,9668.59,2500.0,0.5,9668.59,0,2026-02-01,1,9668.59,1.0,1.0
retention_outreach_2025q4,ASG-5c3c8e9eb2681556,CUST001190,2025-11-01,treatment,success_plan_outreach,AM0013,Enterprise,B3,30.611597,7724.49,2500.0,0.5,7724.49,0,2026-02-01,1,7724.49,1.0,1.0
retention_outreach_2025q4,ASG-5c5c071b65e6d8dd,CUST002229,2025-11-01,treatment,success_plan_outreach,AM0034,Mid-Market,B3,32.15708,952.86,900.0,0.5,952.86,0,2026-02-01,1,952.86,1.0,1.0
retention_outreach_2025q4,ASG-5ca42e62ade62f86,CUST003439,2025-11-01,treatment,success_plan_outreach,AM0017,Enterprise,B2,24.344624,9870.03,2500.0,0.5,12123.8,0,2026-02-01,1,9870.03,1.0,1.2283447973309096
retention_outreach_2025q4,ASG-5cb203d09b7cc5ab,CUST004275,2025-11-01,treatment,success_plan_outreach,AM0030,Enterprise,B3,28.563373,7190.0,2500.0,0.5,8375.07,0,2026-02-01,1,7190.0,1.0,1.1648219749652295
retention_outreach_2025q4,ASG-5cd2103cd8665b3e,CUST001606,2025-11-01,control,no_action_control,AM0022,SMB,B2,26.000037,617.21,0.0,0.5,659.56,0,2026-02-01,1,617.21,1.0,1.0686152201033683
retention_outreach_2025q4,ASG-5ce11fca8df7aa0c,CUST002909,2025-11-01,control,no_action_control,AM0025,Enterprise,B2,21.07522,8599.71,0.0,0.5,8599.71,0,2026-02-01,1,8599.71,1.0,1.0
retention_outreach_2025q4,ASG-5d119fcf3ca4305c,CUST002396,2025-11-01,control,no_action_control,AM0011,Mid-Market,B4,33.681971,1076.93,0.0,0.5,1076.93,0,2026-02-01,1,1076.93,1.0,1.0
retention_outreach_2025q4,ASG-5d1eb829460707d4,CUST000995,2025-11-01,control,no_action_control,AM0012,SMB,B3,31.400052,367.13,0.0,0.5,367.13,0,2026-02-01,1,367.13,1.0,1.0
retention_outreach_2025q4,ASG-5d420f0b24649b09,CUST001399,2025-11-01,treatment,success_plan_outreach,AM0016,Enterprise,B1,18.079156,36244.8,2500.0,0.5,36244.8,0,2026-02-01,1,36244.8,1.0,1.0
retention_outreach_2025q4,ASG-5d4e969f3c1d7ee8,CUST003020,2025-11-01,treatment,success_plan_outreach,AM0016,Enterprise,B2,24.858322,6765.42,2500.0,0.5,6765.42,0,2026-02-01,1,6765.42,1.0,1.0
retention_outreach_2025q4,ASG-5d9728acad121a05,CUST004208,2025-11-01,control,no_action_control,AM0012,SMB,B4,34.340611,327.6,0.0,0.5,327.6,0,2026-02-01,1,327.6,1.0,1.0
retention_outreach_2025q4,ASG-5dc77fc4cfb2b723,CUST000412,2025-11-01,control,no_action_control,AM0009,SMB,B3,30.453058,926.25,0.0,0.5,926.25,0,2026-02-01,1,926.25,1.0,1.0
retention_outreach_2025q4,ASG-5dcf3830a443473f,CUST001564,2025-11-01,control,no_action_control,AM0038,SMB,B1,20.891646,1071.12,0.0,0.5,1071.12,0,2026-02-01,1,1071.12,1.0,1.0
retention_outreach_2025q4,ASG-5dd78d247432762d,CUST004307,2025-11-01,control,no_action_control,AM0027,SMB,B4,57.99658,1238.44,0.0,0.5,1238.44,0,2026-02-01,1,1238.44,1.0,1.0
retention_outreach_2025q4,ASG-5debbe9132929942,CUST000236,2025-11-01,control,no_action_control,AM0040,SMB,B4,34.839602,197.31,0.0,0.5,175.85,0,2026-02-01,1,175.85,0.8912371395266332,0.8912371395266332
retention_outreach_2025q4,ASG-5e92a72d5be60fcb,CUST002824,2025-11-01,treatment,success_plan_outreach,AM0032,SMB,B3,33.237459,978.15,350.0,0.5,978.15,0,2026-02-01,1,978.15,1.0,1.0
retention_outreach_2025q4,ASG-5ebe1f9f7f484b53,CUST003601,2025-11-01,control,no_action_control,AM0032,SMB,B1,23.123265,554.89,0.0,0.5,554.89,0,2026-02-01,1,554.89,1.0,1.0
retention_outreach_2025q4,ASG-5ebf51e9df636116,CUST003395,2025-11-01,control,no_action_control,AM0013,Mid-Market,B1,20.187675,2892.91,0.0,0.5,2892.91,0,2026-02-01,1,2892.91,1.0,1.0
retention_outreach_2025q4,ASG-5ec08eb4e756b395,CUST003939,2025-11-01,treatment,success_plan_outreach,AM0014,SMB,B1,20.054296,1111.5,350.0,0.5,1111.5,0,2026-02-01,1,1111.5,1.0,1.0
retention_outreach_2025q4,ASG-5ec8146aff24158c,CUST003731,2025-11-01,control,no_action_control,AM0025,SMB,B4,37.918341,420.0,0.0,0.5,420.0,0,2026-02-01,1,420.0,1.0,1.0
retention_outreach_2025q4,ASG-5ed33384007b16a4,CUST003253,2025-11-01,treatment,success_plan_outreach,AM0008,Enterprise,B3,30.580044,23146.0,2500.0,0.5,0.0,0,2026-02-01,0,0.0,0.0,0.0
retention_outreach_2025q4,ASG-5ef383aadd964ffc,CUST000611,2025-11-01,treatment,success_plan_outreach,AM0003,Enterprise,B2,20.467158,8199.66,2500.0,0.5,8199.66,0,2026-02-01,1,8199.66,1.0,1.0
retention_outreach_2025q4,ASG-5f6dd8b3f89a9031,CUST000465,2025-11-01,treatment,success_plan_outreach,AM0011,SMB,B4,36.956904,314.06,350.0,0.5,314.06,0,2026-02-01,1,314.06,1.0,1.0
retention_outreach_2025q4,ASG-5f7ed758378d71c4,CUST003359,2025-11-01,control,no_action_control,AM0040,Mid-Market,B4,32.712533,2536.88,0.0,0.5,2536.88,0,2026-02-01,1,2536.88,1.0,1.0
retention_outreach_2025q4,ASG-5f906ab81abe79ee,CUST003416,2025-11-01,treatment,success_plan_outreach,AM0013,SMB,B2,27.690074,753.81,350.0,0.5,718.74,0,2026-02-01,1,718.74,0.9534763401918256,0.9534763401918256
retention_outreach_2025q4,ASG-5f96730d2ca9bdb7,CUST003718,2025-11-01,control,no_action_control,AM0020,SMB,B1,23.779225,994.0,0.0,0.5,994.0,0,2026-02-01,1,994.0,1.0,1.0
retention_outreach_2025q4,ASG-5fadc68f2f2fd7ac,CUST004497,2025-11-01,treatment,success_plan_outreach,AM0036,SMB,B2,26.148593,422.8,350.0,0.5,0.0,1,2026-02-01,0,0.0,0.0,0.0
retention_outreach_2025q4,ASG-5fdee81603b91169,CUST002613,2025-11-01,control,no_action_control,AM0008,SMB,B4,58.453176,1305.43,0.0,0.5,1305.43,0,2026-02-01,1,1305.43,1.0,1.0
retention_outreach_2025q4,ASG-5fedc78a0ca6cdbb,CUST000701,2025-11-01,treatment,success_plan_outreach,AM0005,SMB,B1,23.158547,327.6,350.0,0.5,327.6,0,2026-02-01,1,327.6,1.0,1.0
retention_outreach_2025q4,ASG-601e8b2af9e1d6d3,CUST001261,2025-11-01,treatment,success_plan_outreach,AM0030,SMB,B1,19.429792,349.6,350.0,0.5,349.6,0,2026-02-01,1,349.6,1.0,1.0
retention_outreach_2025q4,ASG-603b751e937dff50,CUST001183,2025-11-01,treatment,success_plan_outreach,AM0009,SMB,B4,50.903017,520.29,350.0,0.5,520.29,0,2026-02-01,1,520.29,1.0,1.0
retention_outreach_2025q4,ASG-605a06b83e18640a,CUST000649,2025-11-01,treatment,success_plan_outreach,AM0010,SMB,B2,29.720513,327.6,350.0,0.5,327.6,0,2026-02-01,1,327.6,1.0,1.0
retention_outreach_2025q4,ASG-60647258df97d54d,CUST004255,2025-11-01,control,no_action_control,AM0016,SMB,B1,24.172317,613.2,0.0,0.5,613.2,0,2026-02-01,1,613.2,1.0,1.0
retention_outreach_2025q4,ASG-6069fdbfc9a20fcc,CUST001264,2025-11-01,control,no_action_control,AM0007,SMB,B3,30.927481,722.74,0.0,0.5,722.74,0,2026-02-01,1,722.74,1.0,1.0
retention_outreach_2025q4,ASG-607352a3fd444309,CUST002398,2025-11-01,control,no_action_control,AM0001,Mid-Market,B1,18.583747,3130.25,0.0,0.5,3869.68,0,2026-02-01,1,3130.25,1.0,1.2362207491414423
retention_outreach_2025q4,ASG-6077687d971508dd,CUST000180,2025-11-01,control,no_action_control,AM0034,Enterprise,B2,22.39274,11612.71,0.0,0.5,12774.85,0,2026-02-01,1,11612.71,1.0,1.1000748318006737
retention_outreach_2025q4,ASG-60aff61a0e177441,CUST002797,2025-11-01,control,no_action_control,AM0004,Mid-Market,B4,63.340875,1318.68,0.0,0.5,0.0,1,2026-02-01,0,0.0,0.0,0.0
retention_outreach_2025q4,ASG-60d99f9e647a9c3c,CUST001723,2025-11-01,control,no_action_control,AM0005,Mid-Market,B3,31.103115,2185.55,0.0,0.5,2185.55,0,2026-02-01,1,2185.55,1.0,1.0
retention_outreach_2025q4,ASG-60edc2c7fd46c80c,CUST000667,2025-11-01,treatment,success_plan_outreach,AM0020,Enterprise,B4,32.493427,2664.38,2500.0,0.5,2664.38,0,2026-02-01,1,2664.38,1.0,1.0
retention_outreach_2025q4,ASG-60f215142827a27d,CUST002087,2025-11-01,treatment,success_plan_outreach,AM0038,SMB,B4,37.696924,798.88,350.0,0.5,0.0,1,2026-02-01,0,0.0,0.0,0.0
retention_outreach_2025q4,ASG-60f5f3515ce0c2ec,CUST003449,2025-11-01,control,no_action_control,AM0032,Mid-Market,B3,29.758813,2231.25,0.0,0.5,2231.25,0,2026-02-01,1,2231.25,1.0,1.0
retention_outreach_2025q4,ASG-60fa9265130f6bb4,CUST000349,2025-11-01,control,no_action_control,AM0035,SMB,B4,37.03766,292.5,0.0,0.5,225.24,0,2026-02-01,1,225.24,0.770051282051282,0.770051282051282
retention_outreach_2025q4,ASG-612544de78cc61a8,CUST002278,2025-11-01,treatment,success_plan_outreach,AM0021,SMB,B2,29.887562,400.02,350.0,0.5,400.02,0,2026-02-01,1,400.02,1.0,1.0
retention_outreach_2025q4,ASG-6143010be05c7728,CUST001925,2025-11-01,control,no_action_control,AM0029,SMB,B3,32.134478,914.38,0.0,0.5,914.38,0,2026-02-01,1,914.38,1.0,1.0
retention_outreach_2025q4,ASG-61454e48c637ff1c,CUST000303,2025-11-01,control,no_action_control,AM0034,SMB,B3,33.035722,944.89,0.0,0.5,944.89,0,2026-02-01,1,944.89,1.0,1.0
retention_outreach_2025q4,ASG-615c9cdcddcad4e6,CUST004269,2025-11-01,treatment,success_plan_outreach,AM0020,SMB,B1,18.716999,745.03,350.0,0.5,745.03,0,2026-02-01,1,745.03,1.0,1.0
retention_outreach_2025q4,ASG-615ff116d5acc0ae,CUST003640,2025-11-01,treatment,success_plan_outreach,AM0036,Mid-Market,B4,35.520676,1427.76,900.0,0.5,1427.76,0,2026-02-01,1,1427.76,1.0,1.0
retention_outreach_2025q4,ASG-618bdb8e7677c8ef,CUST002026,2025-11-01,control,no_action_control,AM0005,Enterprise,B4,35.076811,6257.78,0.0,0.5,6257.78,0,2026-02-01,1,6257.78,1.0,1.0
retention_outreach_2025q4,ASG-6190765bb21388cc,CUST003525,2025-11-01,control,no_action_control,AM0020,Enterprise,B2,24.989483,3275.66,0.0,0.5,3275.66,0,2026-02-01,1,3275.66,1.0,1.0
retention_outreach_2025q4,ASG-61b6c4f8210f8e98,CUST000915,2025-11-01,control,no_action_control,AM0020,SMB,B1,19.233868,327.6,0.0,0.5,327.6,0,2026-02-01,1,327.6,1.0,1.0
retention_outreach_2025q4,ASG-61d48022e0a8450b,CUST003336,2025-11-01,treatment,success_plan_outreach,AM0026,SMB,B1,22.787169,422.8,350.0,0.5,422.8,0,2026-02-01,1,422.8,1.0,1.0
retention_outreach_2025q4,ASG-6264044867d2a90a,CUST003777,2025-11-01,treatment,success_plan_outreach,AM0017,Mid-Market,B2,26.388815,2776.79,900.0,0.5,2776.79,0,2026-02-01,1,2776.79,1.0,1.0
retention_outreach_2025q4,ASG-62dd5948ab15ca64,CUST001605,2025-11-01,treatment,success_plan_outreach,AM0008,Mid-Market,B1,22.143341,3570.48,900.0,0.5,3570.48,0,2026-02-01,1,3570.48,1.0,1.0
retention_outreach_2025q4,ASG-6339eec96c772cce,CUST002940,2025-11-01,treatment,success_plan_outreach,AM0018,Enterprise,B3,28.228325,26511.68,2500.0,0.5,0.0,0,2026-02-01,0,0.0,0.0,0.0
retention_outreach_2025q4,ASG-63889e82f95d1d67,CUST001073,2025-11-01,treatment,success_plan_outreach,AM0022,Enterprise,B3,30.932718,5519.39,2500.0,0.5,5519.39,0,2026-02-01,1,5519.39,1.0,1.0
retention_outreach_2025q4,ASG-63b99db72f551245,CUST002696,2025-11-01,control,no_action_control,AM0023,Mid-Market,B2,25.858318,1555.62,0.0,0.5,1555.62,0,2026-02-01,1,1555.62,1.0,1.0
retention_outreach_2025q4,ASG-63d00e7642823d1d,CUST000204,2025-11-01,treatment,success_plan_outreach,AM0015,Mid-Market,B1,19.385911,1323.85,900.0,0.5,1323.85,0,2026-02-01,1,1323.85,1.0,1.0
retention_outreach_2025q4,ASG-640a80d20e0075a8,CUST000451,2025-11-01,control,no_action_control,AM0026,Mid-Market,B2,26.369947,3468.36,0.0,0.5,3468.36,0,2026-02-01,1,3468.36,1.0,1.0
retention_outreach_2025q4,ASG-64da7784eae96237,CUST004176,2025-11-01,treatment,success_plan_outreach,AM0011,Mid-Market,B1,19.013335,2974.0,900.0,0.5,2974.0,0,2026-02-01,1,2974.0,1.0,1.0
retention_outreach_2025q4,ASG-64f22231fd1fd5dc,CUST003224,2025-11-01,treatment,success_plan_outreach,AM0034,SMB,B3,30.157779,847.33,350.0,0.5,847.33,0,2026-02-01,1,847.33,1.0,1.0
retention_outreach_2025q4,ASG-6593b6b49e6f0f12,CUST000026,2025-11-01,treatment,success_plan_outreach,AM0034,SMB,B4,49.6802,380.94,350.0,0.5,380.94,0,2026-02-01,1,380.94,1.0,1.0
retention_outreach_2025q4,ASG-65a3f8603266ba02,CUST003287,2025-11-01,control,no_action_control,AM0033,SMB,B3,31.613157,250.0,0.0,0.5,329.63,0,2026-02-01,1,250.0,1.0,1.31852
retention_outreach_2025q4,ASG-65c82b505433a213,CUST000243,2025-11-01,control,no_action_control,AM0029,Enterprise,B4,31.286522,18442.5,0.0,0.5,18442.5,0,2026-02-01,1,18442.5,1.0,1.0
retention_outreach_2025q4,ASG-65cc818ce1cb70e6,CUST003610,2025-11-01,treatment,success_plan_outreach,AM0036,SMB,B3,33.52962,950.0,350.0,0.5,950.0,0,2026-02-01,1,950.0,1.0,1.0
retention_outreach_2025q4,ASG-65f843de33ac1033,CUST004186,2025-11-01,treatment,success_plan_outreach,AM0016,Mid-Market,B4,39.925339,1019.81,900.0,0.5,1019.81,0,2026-02-01,1,1019.81,1.0,1.0
retention_outreach_2025q4,ASG-662bb00726e587b4,CUST004229,2025-11-01,control,no_action_control,AM0017,SMB,B4,41.129009,462.72,0.0,0.5,462.72,0,2026-02-01,1,462.72,1.0,1.0
retention_outreach_2025q4,ASG-663c66e36aedce60,CUST003549,2025-11-01,control,no_action_control,AM0006,Enterprise,B3,28.36481,6284.44,0.0,0.5,7434.97,0,2026-02-01,1,6284.44,1.0,1.183075978130112
retention_outreach_2025q4,ASG-66b189cc32858573,CUST002886,2025-11-01,treatment,success_plan_outreach,AM0021,SMB,B3,32.812151,327.6,350.0,0.5,327.6,0,2026-02-01,1,327.6,1.0,1.0
retention_outreach_2025q4,ASG-66dbc091629eb27a,CUST001633,2025-11-01,treatment,success_plan_outreach,AM0018,Enterprise,B3,28.900807,5699.14,2500.0,0.5,5699.14,0,2026-02-01,1,5699.14,1.0,1.0
retention_outreach_2025q4,ASG-6716870c732ab7ed,CUST002148,2025-11-01,control,no_action_control,AM0015,SMB,B1,19.135467,344.12,0.0,0.5,344.12,0,2026-02-01,1,344.12,1.0,1.0
retention_outreach_2025q4,ASG-671a471ccf6514af,CUST004101,2025-11-01,control,no_action_control,AM0033,SMB,B4,47.719125,422.8,0.0,0.5,422.8,0,2026-02-01,1,422.8,1.0,1.0
retention_outreach_2025q4,ASG-671eed30b1c4eda4,CUST001032,2025-11-01,control,no_action_control,AM0002,SMB,B4,49.840934,928.4,0.0,0.5,928.4,0,2026-02-01,1,928.4,1.0,1.0
retention_outreach_2025q4,ASG-674d75e2868589c0,CUST001027,2025-11-01,treatment,success_plan_outreach,AM0037,SMB,B3,32.42197,281.89,350.0,0.5,281.89,0,2026-02-01,1,281.89,1.0,1.0
retention_outreach_2025q4,ASG-675c43a98990217d,CUST001658,2025-11-01,treatment,success_plan_outreach,AM0017,SMB,B3,31.400113,458.34,350.0,0.5,458.34,0,2026-02-01,1,458.34,1.0,1.0
retention_outreach_2025q4,ASG-6781054cec614194,CUST001290,2025-11-01,control,no_action_control,AM0006,SMB,B4,36.50015,565.6,0.0,0.5,565.6,0,2026-02-01,1,565.6,1.0,1.0
retention_outreach_2025q4,ASG-678befe969c87457,CUST002788,2025-11-01,control,no_action_control,AM0020,SMB,B4,40.05577,1178.42,0.0,0.5,1178.42,0,2026-02-01,1,1178.42,1.0,1.0
retention_outreach_2025q4,ASG-6797fa51157a09e6,CUST002333,2025-11-01,treatment,success_plan_outreach,AM0024,SMB,B4,57.538888,1120.41,350.0,0.5,837.04,0,2026-02-01,1,837.04,0.747083656875608,0.747083656875608
retention_outreach_2025q4,ASG-679869e86fbe770b,CUST002664,2025-11-01,control,no_action_control,AM0031,Mid-Market,B4,38.674211,2629.42,0.0,0.5,3025.56,0,2026-02-01,1,2629.42,1.0,1.1506567988377665
retention_outreach_2025q4,ASG-67db02abd07a5007,CUST004258,2025-11-01,treatment,success_plan_outreach,AM0007,Enterprise,B1,19.549387,6179.76,2500.0,0.5,6179.76,0,2026-02-01,1,6179.76,1.0,1.0
retention_outreach_2025q4,ASG-67f95290964d5ecb,CUST001797,2025-11-01,treatment,success_plan_outreach,AM0007,Mid-Market,B4,33.122188,1838.25,900.0,0.5,1838.25,0,2026-02-01,1,1838.25,1.0,1.0
retention_outreach_2025q4,ASG-6811c0f11abec01a,CUST000924,2025-11-01,control,no_action_control,AM0021,Mid-Market,B1,18.62692,2665.48,0.0,0.5,2665.48,0,2026-02-01,1,2665.48,1.0,1.0
retention_outreach_2025q4,ASG-681e7013b0092b0f,CUST004374,2025-11-01,treatment,success_plan_outreach,AM0030,SMB,B3,30.539911,1320.01,350.0,0.5,1320.01,0,2026-02-01,1,1320.01,1.0,1.0
retention_outreach_2025q4,ASG-6823407fe4cda29d,CUST002096,2025-11-01,treatment,success_plan_outreach,AM0006,Mid-Market,B3,29.918162,1429.68,900.0,0.5,1429.68,0,2026-02-01,1,1429.68,1.0,1.0
retention_outreach_2025q4,ASG-68418c68c70f0da6,CUST004198,2025-11-01,control,no_action_control,AM0021,SMB,B2,26.44007,518.0,0.0,0.5,518.0,0,2026-02-01,1,518.0,1.0,1.0
retention_outreach_2025q4,ASG-68dac86e4f66c139,CUST000835,2025-11-01,control,no_action_control,AM0009,SMB,B3,34.206686,250.0,0.0,0.5,289.38,0,2026-02-01,1,250.0,1.0,1.1575199999999999
retention_outreach_2025q4,ASG-68ec68df8f107a15,CUST000975,2025-11-01,treatment,success_plan_outreach,AM0031,Mid-Market,B4,35.077699,2575.99,900.0,0.5,2575.99,0,2026-02-01,1,2575.99,1.0,1.0
retention_outreach_2025q4,ASG-694fe0aeb9d30a55,CUST001414,2025-11-01,control,no_action_control,AM0008,Mid-Market,B2,28.095541,2038.13,0.0,0.5,2480.8,0,2026-02-01,1,2038.13,1.0,1.217194192715872
retention_outreach_2025q4,ASG-695d609753662cbe,CUST002729,2025-11-01,control,no_action_control,AM0011,SMB,B2,27.623694,375.2,0.0,0.5,375.2,0,2026-02-01,1,375.2,1.0,1.0
retention_outreach_2025q4,ASG-699e6d26ddbdf02d,CUST002623,2025-11-01,treatment,success_plan_outreach,AM0020,SMB,B3,33.112985,302.0,350.0,0.5,302.0,0,2026-02-01,1,302.0,1.0,1.0
retention_outreach_2025q4,ASG-69a0061d8ad22788,CUST004477,2025-11-01,control,no_action_control,AM0017,Mid-Market,B2,23.522279,2532.21,0.0,0.5,2532.21,0,2026-02-01,1,2532.21,1.0,1.0
retention_outreach_2025q4,ASG-69e803ec72ac637f,CUST004221,2025-11-01,control,no_action_control,AM0004,Enterprise,B2,21.924032,7646.37,0.0,0.5,7646.37,0,2026-02-01,1,7646.37,1.0,1.0
retention_outreach_2025q4,ASG-69f61a2a251df6ab,CUST002948,2025-11-01,control,no_action_control,AM0031,SMB,B3,33.679955,832.19,0.0,0.5,832.19,0,2026-02-01,1,832.19,1.0,1.0
retention_outreach_2025q4,ASG-6a00d230f0c5b042,CUST003452,2025-11-01,control,no_action_control,AM0001,Enterprise,B3,26.050981,7595.49,0.0,0.5,7595.49,0,2026-02-01,1,7595.49,1.0,1.0
retention_outreach_2025q4,ASG-6a2c783dd710ceef,CUST003956,2025-11-01,control,no_action_control,AM0018,SMB,B2,30.018042,327.6,0.0,0.5,359.94,0,2026-02-01,1,327.6,1.0,1.0987179487179486
retention_outreach_2025q4,ASG-6a446c29d77d84cc,CUST000662,2025-11-01,control,no_action_control,AM0029,Enterprise,B1,18.394504,25651.56,0.0,0.5,25651.56,0,2026-02-01,1,25651.56,1.0,1.0
retention_outreach_2025q4,ASG-6a4b8a757a6d6e82,CUST003915,2025-11-01,control,no_action_control,AM0020,SMB,B4,40.207414,335.0,0.0,0.5,243.7,0,2026-02-01,1,243.7,0.7274626865671642,0.7274626865671642
retention_outreach_2025q4,ASG-6a53f716597526c8,CUST001653,2025-11-01,treatment,success_plan_outreach,AM0008,SMB,B2,25.503629,377.5,350.0,0.5,377.5,0,2026-02-01,1,377.5,1.0,1.0
retention_outreach_2025q4,ASG-6a5e3a6c8984eefa,CUST002591,2025-11-01,control,no_action_control,AM0016,SMB,B1,22.93358,403.56,0.0,0.5,403.56,0,2026-02-01,1,403.56,1.0,1.0
retention_outreach_2025q4,ASG-6a8714ddf8534a5c,CUST001384,2025-11-01,treatment,success_plan_outreach,AM0025,SMB,B2,24.7875,565.6,350.0,0.5,565.6,0,2026-02-01,1,565.6,1.0,1.0
retention_outreach_2025q4,ASG-6a98a5ddf9453eb4,CUST003175,2025-11-01,treatment,success_plan_outreach,AM0019,SMB,B3,30.783956,547.5,350.0,0.5,547.5,0,2026-02-01,1,547.5,1.0,1.0
retention_outreach_2025q4,ASG-6abd013116573d83,CUST000845,2025-11-01,treatment,success_plan_outreach,AM0037,SMB,B2,29.336009,1151.88,350.0,0.5,874.76,0,2026-02-01,1,874.76,0.7594193839636072,0.7594193839636072
retention_outreach_2025q4,ASG-6acedf2a18611b83,CUST000929,2025-11-01,control,no_action_control,AM0023,Mid-Market,B1,20.287508,1759.33,0.0,0.5,1759.33,0,2026-02-01,1,1759.33,1.0,1.0
retention_outreach_2025q4,ASG-6adf31f573131329,CUST002800,2025-11-01,treatment,success_plan_outreach,AM0033,SMB,B2,30.138657,377.5,350.0,0.5,377.5,0,2026-02-01,1,377.5,1.0,1.0
retention_outreach_2025q4,ASG-6af60c774603b46a,CUST002549,2025-11-01,control,no_action_control,AM0025,Mid-Market,B1,21.365849,4909.5,0.0,0.5,5756.64,0,2026-02-01,1,4909.5,1.0,1.1725511762908647
retention_outreach_2025q4,ASG-6b5ce9dac95aa65d,CUST003417,2025-11-01,treatment,success_plan_outreach,AM0037,SMB,B2,24.374074,756.0,350.0,0.5,900.01,0,2026-02-01,1,756.0,1.0,1.1904894179894179
retention_outreach_2025q4,ASG-6bb5078a6415f6bf,CUST000483,2025-11-01,treatment,success_plan_outreach,AM0034,Enterprise,B1,18.092347,2887.5,2500.0,0.5,2887.5,0,2026-02-01,1,2887.5,1.0,1.0
retention_outreach_2025q4,ASG-6bec0457f680836a,CUST001126,2025-11-01,treatment,success_plan_outreach,AM0034,Enterprise,B2,23.271216,7071.16,2500.0,0.5,7071.16,0,2026-02-01,1,7071.16,1.0,1.0
retention_outreach_2025q4,ASG-6c7acf10bd3a0548,CUST003277,2025-11-01,treatment,success_plan_outreach,AM0020,SMB,B4,34.48344,1375.68,350.0,0.5,1375.68,0,2026-02-01,1,1375.68,1.0,1.0
retention_outreach_2025q4,ASG-6ca8514c2ddbc344,CUST003481,2025-11-01,control,no_action_control,AM0010,SMB,B2,24.847966,1192.25,0.0,0.5,1192.25,0,2026-02-01,1,1192.25,1.0,1.0
retention_outreach_2025q4,ASG-6cb63cb9f36d3972,CUST001223,2025-11-01,treatment,success_plan_outreach,AM0028,Enterprise,B2,20.153311,10097.47,2500.0,0.5,10097.47,0,2026-02-01,1,10097.47,1.0,1.0
retention_outreach_2025q4,ASG-6cc0351ba8a374d4,CUST003797,2025-11-01,control,no_action_control,AM0019,Enterprise,B4,32.684091,5781.93,0.0,0.5,5781.93,0,2026-02-01,1,5781.93,1.0,1.0
retention_outreach_2025q4,ASG-6cd20a2d80799e5f,CUST001029,2025-11-01,control,no_action_control,AM0026,Enterprise,B3,25.85451,7472.0,0.0,0.5,7472.0,0,2026-02-01,1,7472.0,1.0,1.0
retention_outreach_2025q4,ASG-6cd43b5a70eed456,CUST002491,2025-11-01,control,no_action_control,AM0039,Mid-Market,B1,18.898546,2175.0,0.0,0.5,2175.0,0,2026-02-01,1,2175.0,1.0,1.0
retention_outreach_2025q4,ASG-6cdf2754fc7a03c8,CUST000547,2025-11-01,treatment,success_plan_outreach,AM0006,Enterprise,B2,20.541396,9064.16,2500.0,0.5,9064.16,0,2026-02-01,1,9064.16,1.0,1.0
retention_outreach_2025q4,ASG-6ce5d919332d1b41,CUST001496,2025-11-01,treatment,success_plan_outreach,AM0028,SMB,B4,35.113144,289.95,350.0,0.5,289.95,0,2026-02-01,1,289.95,1.0,1.0
retention_outreach_2025q4,ASG-6cfaa0d2f1ca299f,CUST002478,2025-11-01,treatment,success_plan_outreach,AM0006,Mid-Market,B3,28.846298,1160.34,900.0,0.5,1160.34,0,2026-02-01,1,1160.34,1.0,1.0
retention_outreach_2025q4,ASG-6d119dc2a26708a7,CUST001153,2025-11-01,treatment,success_plan_outreach,AM0004,Mid-Market,B3,31.528953,3263.0,900.0,0.5,3263.0,0,2026-02-01,1,3263.0,1.0,1.0
retention_outreach_2025q4,ASG-6d177f7cff5b2351,CUST002011,2025-11-01,treatment,success_plan_outreach,AM0032,SMB,B3,34.052917,546.27,350.0,0.5,546.27,0,2026-02-01,1,546.27,1.0,1.0
retention_outreach_2025q4,ASG-6d1b96295d7c6d54,CUST003064,2025-11-01,control,no_action_control,AM0012,Mid-Market,B4,35.176904,1359.12,0.0,0.5,1359.12,0,2026-02-01,1,1359.12,1.0,1.0
retention_outreach_2025q4,ASG-6d1d7462286db0d2,CUST000001,2025-11-01,control,no_action_control,AM0028,Enterprise,B3,28.827833,6821.32,0.0,0.5,7715.83,0,2026-02-01,1,6821.32,1.0,1.1311344431869492
retention_outreach_2025q4,ASG-6d558d45bc92447a,CUST003429,2025-11-01,control,no_action_control,AM0020,SMB,B4,34.477865,237.5,0.0,0.5,237.5,0,2026-02-01,1,237.5,1.0,1.0
retention_outreach_2025q4,ASG-6da3f477b02e47dc,CUST002837,2025-11-01,treatment,success_plan_outreach,AM0035,SMB,B1,21.303406,1033.13,350.0,0.5,1033.13,0,2026-02-01,1,1033.13,1.0,1.0
retention_outreach_2025q4,ASG-6dc56879069875f8,CUST001510,2025-11-01,control,no_action_control,AM0012,Enterprise,B4,32.817791,8118.0,0.0,0.5,8118.0,0,2026-02-01,1,8118.0,1.0,1.0
retention_outreach_2025q4,ASG-6e0d93f03e490b49,CUST002422,2025-11-01,treatment,success_plan_outreach,AM0010,Mid-Market,B4,33.460672,1392.13,900.0,0.5,1392.13,0,2026-02-01,1,1392.13,1.0,1.0
retention_outreach_2025q4,ASG-6e2a42b900ed6ec3,CUST004352,2025-11-01,control,no_action_control,AM0040,Enterprise,B4,37.11609,34366.08,0.0,0.5,34366.08,0,2026-02-01,1,34366.08,1.0,1.0
retention_outreach_2025q4,ASG-6e2eff8f648749b8,CUST002820,2025-11-01,control,no_action_control,AM0038,SMB,B2,27.0472,926.25,0.0,0.5,926.25,0,2026-02-01,1,926.25,1.0,1.0
retention_outreach_2025q4,ASG-6e4f0ade0e678417,CUST000169,2025-11-01,treatment,success_plan_outreach,AM0028,Enterprise,B1,18.046468,19939.56,2500.0,0.5,19939.56,0,2026-02-01,1,19939.56,1.0,1.0
retention_outreach_2025q4,ASG-6ea16650cf7211d9,CUST003271,2025-11-01,treatment,success_plan_outreach,AM0001,SMB,B1,19.743056,1433.82,350.0,0.5,1433.82,0,2026-02-01,1,1433.82,1.0,1.0
retention_outreach_2025q4,ASG-6ecc0f38f73c657f,CUST003258,2025-11-01,treatment,success_plan_outreach,AM0004,Enterprise,B2,23.427453,11773.55,2500.0,0.5,11773.55,0,2026-02-01,1,11773.55,1.0,1.0
retention_outreach_2025q4,ASG-6ed270b9f00b76e5,CUST004480,2025-11-01,control,no_action_control,AM0010,SMB,B4,45.951572,458.18,0.0,0.5,458.18,0,2026-02-01,1,458.18,1.0,1.0
retention_outreach_2025q4,ASG-6f4a934d9f5df1e8,CUST001075,2025-11-01,control,no_action_control,AM0029,Enterprise,B2,19.703726,14135.09,0.0,0.5,14135.09,0,2026-02-01,1,14135.09,1.0,1.0
retention_outreach_2025q4,ASG-6f6953b03522c34f,CUST003812,2025-11-01,treatment,success_plan_outreach,AM0030,SMB,B4,46.517672,301.55,350.0,0.5,301.55,0,2026-02-01,1,301.55,1.0,1.0
retention_outreach_2025q4,ASG-6f6bff6caaf60f35,CUST001703,2025-11-01,treatment,success_plan_outreach,AM0025,SMB,B2,29.714515,335.0,350.0,0.5,335.0,0,2026-02-01,1,335.0,1.0,1.0
retention_outreach_2025q4,ASG-6f6ce3229bc4a25a,CUST003091,2025-11-01,treatment,success_plan_outreach,AM0014,SMB,B4,53.060698,422.8,350.0,0.5,422.8,0,2026-02-01,1,422.8,1.0,1.0
retention_outreach_2025q4,ASG-6f78a39c3c05052b,CUST003678,2025-11-01,control,no_action_control,AM0013,SMB,B4,52.298362,613.2,0.0,0.5,613.2,0,2026-02-01,1,613.2,1.0,1.0
retention_outreach_2025q4,ASG-6fc14c8397b6e2b9,CUST000489,2025-11-01,treatment,success_plan_outreach,AM0004,SMB,B1,19.416082,490.13,350.0,0.5,490.13,0,2026-02-01,1,490.13,1.0,1.0
retention_outreach_2025q4,ASG-6fd58697ceaaab76,CUST000725,2025-11-01,treatment,success_plan_outreach,AM0037,Mid-Market,B1,19.602197,4575.21,900.0,0.5,4575.21,0,2026-02-01,1,4575.21,1.0,1.0
retention_outreach_2025q4,ASG-6fda2800cdb8a1d7,CUST001527,2025-11-01,control,no_action_control,AM0025,SMB,B2,24.486094,278.88,0.0,0.5,278.88,0,2026-02-01,1,278.88,1.0,1.0
retention_outreach_2025q4,ASG-6fe622dcce905f3d,CUST003492,2025-11-01,treatment,success_plan_outreach,AM0019,SMB,B4,44.958967,419.41,350.0,0.5,419.41,0,2026-02-01,1,419.41,1.0,1.0
retention_outreach_2025q4,ASG-7036b018641334d7,CUST002891,2025-11-01,treatment,success_plan_outreach,AM0007,Mid-Market,B1,18.265297,1323.85,900.0,0.5,1323.85,0,2026-02-01,1,1323.85,1.0,1.0
retention_outreach_2025q4,ASG-706431e77d3a63c1,CUST002289,2025-11-01,treatment,success_plan_outreach,AM0021,Enterprise,B2,20.764193,7349.1,2500.0,0.5,7349.1,0,2026-02-01,1,7349.1,1.0,1.0
retention_outreach_2025q4,ASG-7097aa0d059fe2fc,CUST002159,2025-11-01,control,no_action_control,AM0015,Enterprise,B1,18.86578,7760.0,0.0,0.5,7760.0,0,2026-02-01,1,7760.0,1.0,1.0
retention_outreach_2025q4,ASG-709e72cf3c13cc8c,CUST000325,2025-11-01,control,no_action_control,AM0007,SMB,B1,23.271201,458.47,0.0,0.5,458.47,0,2026-02-01,1,458.47,1.0,1.0
retention_outreach_2025q4,ASG-70b7f8e3145aa746,CUST004411,2025-11-01,control,no_action_control,AM0005,SMB,B3,31.570396,430.19,0.0,0.5,430.19,0,2026-02-01,1,430.19,1.0,1.0
retention_outreach_2025q4,ASG-70f58cbd523ddc14,CUST004402,2025-11-01,treatment,success_plan_outreach,AM0032,SMB,B4,38.943432,250.0,350.0,0.5,250.0,0,2026-02-01,1,250.0,1.0,1.0
retention_outreach_2025q4,ASG-710ed542c4a7df4f,CUST000804,2025-11-01,control,no_action_control,AM0040,SMB,B3,30.778493,1071.12,0.0,0.5,838.56,0,2026-02-01,1,838.56,0.7828814698633206,0.7828814698633206
retention_outreach_2025q4,ASG-7122212a1686c685,CUST004124,2025-11-01,treatment,success_plan_outreach,AM0002,Mid-Market,B4,34.432287,1006.37,900.0,0.5,1006.37,0,2026-02-01,1,1006.37,1.0,1.0
retention_outreach_2025q4,ASG-715c68d86ed4e8fc,CUST003949,2025-11-01,control,no_action_control,AM0021,SMB,B3,30.441982,256.56,0.0,0.5,256.56,0,2026-02-01,1,256.56,1.0,1.0
retention_outreach_2025q4,ASG-715cc24ebb5b647e,CUST003499,2025-11-01,treatment,success_plan_outreach,AM0010,SMB,B3,33.968357,1192.25,350.0,0.5,1438.54,0,2026-02-01,1,1192.25,1.0,1.2065758020549382
retention_outreach_2025q4,ASG-71917e35d50d8207,CUST000206,2025-11-01,treatment,success_plan_outreach,AM0024,SMB,B4,70.521329,370.15,350.0,0.5,277.81,0,2026-02-01,1,277.81,0.7505335674726463,0.7505335674726463
retention_outreach_2025q4,ASG-7192e84cc753facf,CUST003775,2025-11-01,control,no_action_control,AM0010,Mid-Market,B4,33.369934,2345.62,0.0,0.5,2345.62,0,2026-02-01,1,2345.62,1.0,1.0
retention_outreach_2025q4,ASG-71dc19cf7b4d4d42,CUST003565,2025-11-01,control,no_action_control,AM0040,SMB,B1,21.375,280.0,0.0,0.5,280.0,0,2026-02-01,1,280.0,1.0,1.0
retention_outreach_2025q4,ASG-71f68841c9d54988,CUST003888,2025-11-01,treatment,success_plan_outreach,AM0037,Mid-Market,B4,32.929075,809.25,900.0,0.5,809.25,0,2026-02-01,1,809.25,1.0,1.0
retention_outreach_2025q4,ASG-727fe3f5cfb61f43,CUST001317,2025-11-01,treatment,success_plan_outreach,AM0027,SMB,B1,20.478614,796.32,350.0,0.5,796.32,0,2026-02-01,1,796.32,1.0,1.0
retention_outreach_2025q4,ASG-728f79313106c540,CUST001981,2025-11-01,treatment,success_plan_outreach,AM0017,Mid-Market,B3,28.745242,3267.26,900.0,0.5,3267.26,0,2026-02-01,1,3267.26,1.0,1.0
retention_outreach_2025q4,ASG-728f8d6d91c31bfa,CUST002436,2025-11-01,treatment,success_plan_outreach,AM0019,SMB,B2,26.67961,533.35,350.0,0.5,533.35,0,2026-02-01,1,533.35,1.0,1.0
retention_outreach_2025q4,ASG-72aafa494d755709,CUST003790,2025-11-01,control,no_action_control,AM0025,Enterprise,B1,18.302459,12075.74,0.0,0.5,12075.74,0,2026-02-01,1,12075.74,1.0,1.0
retention_outreach_2025q4,ASG-72dab5a7d0f81257,CUST003169,2025-11-01,treatment,success_plan_outreach,AM0028,SMB,B3,33.808684,281.51,350.0,0.5,262.23,0,2026-02-01,1,262.23,0.9315122020532132,0.9315122020532132
retention_outreach_2025q4,ASG-732b15588f21e0d9,CUST003646,2025-11-01,treatment,success_plan_outreach,AM0038,Mid-Market,B3,28.766073,1081.81,900.0,0.5,1081.81,0,2026-02-01,1,1081.81,1.0,1.0
retention_outreach_2025q4,ASG-7385db89af09462f,CUST003457,2025-11-01,control,no_action_control,AM0034,SMB,B3,31.389721,492.84,0.0,0.5,492.84,0,2026-02-01,1,492.84,1.0,1.0
retention_outreach_2025q4,ASG-739ebf236adee1d0,CUST000178,2025-11-01,treatment,success_plan_outreach,AM0029,SMB,B2,26.510569,1151.88,350.0,0.5,1151.88,0,2026-02-01,1,1151.88,1.0,1.0
retention_outreach_2025q4,ASG-73a22c635d260cf8,CUST002419,2025-11-01,control,no_action_control,AM0029,Enterprise,B4,46.07582,2887.5,0.0,0.5,2887.5,0,2026-02-01,1,2887.5,1.0,1.0
retention_outreach_2025q4,ASG-73b86c5504bb4ddd,CUST000309,2025-11-01,treatment,success_plan_outreach,AM0009,Mid-Market,B1,18.72577,4543.59,900.0,0.5,4543.59,0,2026-02-01,1,4543.59,1.0,1.0
retention_outreach_2025q4,ASG-73e4a3010de0eefa,CUST003373,2025-11-01,control,no_action_control,AM0029,SMB,B1,19.21032,1045.89,0.0,0.5,1045.89,0,2026-02-01,1,1045.89,1.0,1.0
retention_outreach_2025q4,ASG-73fcf3b5d1e1777a,CUST004080,2025-11-01,control,no_action_control,AM0024,SMB,B3,33.448339,470.4,0.0,0.5,470.4,0,2026-02-01,1,470.4,1.0,1.0
retention_outreach_2025q4,ASG-7414c692963cb408,CUST002208,2025-11-01,control,no_action_control,AM0029,Mid-Market,B2,28.561121,3486.99,0.0,0.5,3486.99,0,2026-02-01,1,3486.99,1.0,1.0
retention_outreach_2025q4,ASG-74217715319f4d68,CUST001552,2025-11-01,treatment,success_plan_outreach,AM0001,SMB,B3,34.143472,518.12,350.0,0.5,518.12,0,2026-02-01,1,518.12,1.0,1.0
retention_outreach_2025q4,ASG-74517312814a6ce6,CUST003182,2025-11-01,treatment,success_plan_outreach,AM0031,SMB,B2,29.933609,182.43,350.0,0.5,182.43,0,2026-02-01,1,182.43,1.0,1.0
retention_outreach_2025q4,ASG-745b29ed4cffc5a5,CUST000535,2025-11-01,control,no_action_control,AM0003,Enterprise,B1,19.162239,9718.95,0.0,0.5,9718.95,0,2026-02-01,1,9718.95,1.0,1.0
retention_outreach_2025q4,ASG-7468b3cf52c32d5a,CUST003424,2025-11-01,treatment,success_plan_outreach,AM0001,SMB,B2,28.182542,299.83,350.0,0.5,299.83,0,2026-02-01,1,299.83,1.0,1.0
retention_outreach_2025q4,ASG-747dcb334158171c,CUST004183,2025-11-01,control,no_action_control,AM0031,Mid-Market,B3,31.535175,1274.9,0.0,0.5,1274.9,0,2026-02-01,1,1274.9,1.0,1.0
retention_outreach_2025q4,ASG-749c86edbe2c3259,CUST003622,2025-11-01,control,no_action_control,AM0035,SMB,B4,50.43475,942.45,0.0,0.5,942.45,0,2026-02-01,1,942.45,1.0,1.0
retention_outreach_2025q4,ASG-74ac2ce79878dbf4,CUST000571,2025-11-01,control,no_action_control,AM0012,Enterprise,B3,29.814426,7691.13,0.0,0.5,7691.13,0,2026-02-01,1,7691.13,1.0,1.0
retention_outreach_2025q4,ASG-74d819237fd3fccc,CUST001904,2025-11-01,control,no_action_control,AM0018,SMB,B1,19.134609,327.6,0.0,0.5,327.6,0,2026-02-01,1,327.6,1.0,1.0
retention_outreach_2025q4,ASG-74db3194ecd65b86,CUST003793,2025-11-01,control,no_action_control,AM0039,Enterprise,B4,31.825535,2854.26,0.0,0.5,2854.26,0,2026-02-01,1,2854.26,1.0,1.0
retention_outreach_2025q4,ASG-74f0ad135af97060,CUST001202,2025-11-01,control,no_action_control,AM0021,Mid-Market,B1,20.069367,1895.9,0.0,0.5,2105.39,0,2026-02-01,1,1895.9,1.0,1.1104963341948413
retention_outreach_2025q4,ASG-74f2d41a5e8206d2,CUST002128,2025-11-01,control,no_action_control,AM0034,Mid-Market,B3,30.97573,3974.41,0.0,0.5,3974.41,0,2026-02-01,1,3974.41,1.0,1.0
retention_outreach_2025q4,ASG-75138e1da9162948,CUST003118,2025-11-01,treatment,success_plan_outreach,AM0012,SMB,B1,20.267298,950.0,350.0,0.5,950.0,0,2026-02-01,1,950.0,1.0,1.0
retention_outreach_2025q4,ASG-752873fa411baf30,CUST000407,2025-11-01,control,no_action_control,AM0019,SMB,B1,23.031764,265.36,0.0,0.5,265.36,0,2026-02-01,1,265.36,1.0,1.0
retention_outreach_2025q4,ASG-7564edf05c5a6467,CUST001352,2025-11-01,treatment,success_plan_outreach,AM0009,SMB,B4,36.059055,534.99,350.0,0.5,477.72,0,2026-02-01,1,477.72,0.8929512701171984,0.8929512701171984
retention_outreach_2025q4,ASG-757ee3f518e94de4,CUST002918,2025-11-01,treatment,success_plan_outreach,AM0025,SMB,B3,30.68559,518.0,350.0,0.5,518.0,0,2026-02-01,1,518.0,1.0,1.0
retention_outreach_2025q4,ASG-758300a3d699bbd4,CUST002366,2025-11-01,treatment,success_plan_outreach,AM0004,Mid-Market,B4,34.700492,1041.65,900.0,0.5,1041.65,0,2026-02-01,1,1041.65,1.0,1.0
retention_outreach_2025q4,ASG-759643c911c1bb26,CUST002317,2025-11-01,control,no_action_control,AM0007,SMB,B2,29.58657,720.47,0.0,0.5,720.47,0,2026-02-01,1,720.47,1.0,1.0
retention_outreach_2025q4,ASG-75aa0db5444c9f44,CUST002448,2025-11-01,treatment,success_plan_outreach,AM0018,SMB,B1,19.719767,780.01,350.0,0.5,780.01,0,2026-02-01,1,780.01,1.0,1.0
retention_outreach_2025q4,ASG-75b236127e0f5b92,CUST003929,2025-11-01,treatment,success_plan_outreach,AM0031,Mid-Market,B4,40.7593,4156.26,900.0,0.5,4156.26,0,2026-02-01,1,4156.26,1.0,1.0
retention_outreach_2025q4,ASG-75e2d3b8eb6b846f,CUST003874,2025-11-01,control,no_action_control,AM0034,Mid-Market,B4,35.242202,971.1,0.0,0.5,971.1,0,2026-02-01,1,971.1,1.0,1.0
retention_outreach_2025q4,ASG-7647443a2904c4a5,CUST001152,2025-11-01,control,no_action_control,AM0014,Mid-Market,B4,38.972937,10782.47,0.0,0.5,0.0,0,2026-02-01,0,0.0,0.0,0.0
retention_outreach_2025q4,ASG-766380be5d045ef3,CUST002949,2025-11-01,control,no_action_control,AM0011,Enterprise,B1,19.361828,2568.75,0.0,0.5,2810.48,0,2026-02-01,1,2568.75,1.0,1.0941041362530413
retention_outreach_2025q4,ASG-7666c80e7f237e33,CUST003648,2025-11-01,treatment,success_plan_outreach,AM0020,SMB,B4,48.417718,1144.39,350.0,0.5,0.0,1,2026-02-01,0,0.0,0.0,0.0
retention_outreach_2025q4,ASG-766955ac333b6c59,CUST000858,2025-11-01,treatment,success_plan_outreach,AM0008,SMB,B4,56.116617,242.49,350.0,0.5,242.49,0,2026-02-01,1,242.49,1.0,1.0
retention_outreach_2025q4,ASG-76855eead52df446,CUST001861,2025-11-01,treatment,success_plan_outreach,AM0010,SMB,B1,22.913281,1451.51,350.0,0.5,1451.51,0,2026-02-01,1,1451.51,1.0,1.0
retention_outreach_2025q4,ASG-768a47495dec86a4,CUST000759,2025-11-01,control,no_action_control,AM0001,SMB,B4,36.134678,359.2,0.0,0.5,359.2,0,2026-02-01,1,359.2,1.0,1.0
retention_outreach_2025q4,ASG-76a2bbac9bf15f8d,CUST003167,2025-11-01,control,no_action_control,AM0040,SMB,B4,34.757413,392.39,0.0,0.5,443.47,0,2026-02-01,1,392.39,1.0,1.1301766100053519
retention_outreach_2025q4,ASG-76a42c9611c6edb8,CUST000622,2025-11-01,control,no_action_control,AM0038,Enterprise,B4,33.876312,24049.78,0.0,0.5,24049.78,0,2026-02-01,1,24049.78,1.0,1.0
retention_outreach_2025q4,ASG-76c827da24102c20,CUST003017,2025-11-01,treatment,success_plan_outreach,AM0035,Enterprise,B2,23.214947,12825.65,2500.0,0.5,12825.65,0,2026-02-01,1,12825.65,1.0,1.0
retention_outreach_2025q4,ASG-76ccb2cc08540897,CUST000248,2025-11-01,treatment,success_plan_outreach,AM0036,Mid-Market,B2,26.088235,4371.69,900.0,0.5,4371.69,0,2026-02-01,1,4371.69,1.0,1.0
retention_outreach_2025q4,ASG-770178c8dcecedfd,CUST004193,2025-11-01,control,no_action_control,AM0035,Mid-Market,B3,29.996337,3168.09,0.0,0.5,3168.09,0,2026-02-01,1,3168.09,1.0,1.0
retention_outreach_2025q4,ASG-7728c0f372529690,CUST000002,2025-11-01,control,no_action_control,AM0034,SMB,B4,37.615025,809.25,0.0,0.5,809.25,0,2026-02-01,1,809.25,1.0,1.0
retention_outreach_2025q4,ASG-7738ffe195687600,CUST003631,2025-11-01,treatment,success_plan_outreach,AM0029,Enterprise,B3,30.639922,8757.33,2500.0,0.5,8757.33,0,2026-02-01,1,8757.33,1.0,1.0
retention_outreach_2025q4,ASG-775afb6685a634dd,CUST002991,2025-11-01,treatment,success_plan_outreach,AM0009,SMB,B2,25.105655,470.4,350.0,0.5,470.4,0,2026-02-01,1,470.4,1.0,1.0
retention_outreach_2025q4,ASG-775b527996bb40b2,CUST003920,2025-11-01,control,no_action_control,AM0012,Mid-Market,B1,19.383255,2813.21,0.0,0.5,2813.21,0,2026-02-01,1,2813.21,1.0,1.0
retention_outreach_2025q4,ASG-775eb3e8e2f06a0f,CUST002728,2025-11-01,treatment,success_plan_outreach,AM0011,SMB,B4,35.297829,1006.37,350.0,0.5,1006.37,0,2026-02-01,1,1006.37,1.0,1.0
retention_outreach_2025q4,ASG-77780ebe73f7cce5,CUST000287,2025-11-01,control,no_action_control,AM0014,Mid-Market,B1,18.616198,3111.35,0.0,0.5,3111.35,0,2026-02-01,1,3111.35,1.0,1.0
retention_outreach_2025q4,ASG-7787c9738145e372,CUST002107,2025-11-01,treatment,success_plan_outreach,AM0017,SMB,B2,29.064908,350.3,350.0,0.5,350.3,0,2026-02-01,1,350.3,1.0,1.0
retention_outreach_2025q4,ASG-7795a7f5169a404c,CUST000288,2025-11-01,treatment,success_plan_outreach,AM0035,Mid-Market,B2,27.915679,1161.63,900.0,0.5,1301.89,0,2026-02-01,1,1161.63,1.0,1.120744126787359
retention_outreach_2025q4,ASG-77a82ec4069e2838,CUST000738,2025-11-01,control,no_action_control,AM0004,Mid-Market,B2,26.540468,1425.92,0.0,0.5,0.0,1,2026-02-01,0,0.0,0.0,0.0
retention_outreach_2025q4,ASG-77c97e131fd94065,CUST004015,2025-11-01,control,no_action_control,AM0039,Mid-Market,B2,26.898553,1305.97,0.0,0.5,1305.97,0,2026-02-01,1,1305.97,1.0,1.0
retention_outreach_2025q4,ASG-77cc32fab5d8c768,CUST003674,2025-11-01,control,no_action_control,AM0012,SMB,B3,31.606489,788.5,0.0,0.5,788.5,0,2026-02-01,1,788.5,1.0,1.0
retention_outreach_2025q4,ASG-77d18381d7b9221c,CUST003442,2025-11-01,treatment,success_plan_outreach,AM0001,Mid-Market,B4,32.369283,938.12,900.0,0.5,1379.35,0,2026-02-01,1,938.12,1.0,1.4703342855924615
retention_outreach_2025q4,ASG-77f17863aab74254,CUST003435,2025-11-01,treatment,success_plan_outreach,AM0001,Mid-Market,B1,19.442089,1641.33,900.0,0.5,1641.33,0,2026-02-01,1,1641.33,1.0,1.0
retention_outreach_2025q4,ASG-78100156077f24db,CUST003454,2025-11-01,treatment,success_plan_outreach,AM0039,SMB,B3,33.277199,1192.25,350.0,0.5,1192.25,0,2026-02-01,1,1192.25,1.0,1.0
retention_outreach_2025q4,ASG-781a6697f7a95b66,CUST001592,2025-11-01,treatment,success_plan_outreach,AM0016,SMB,B1,18.777828,256.4,350.0,0.5,256.4,0,2026-02-01,1,256.4,1.0,1.0
retention_outreach_2025q4,ASG-7829176ca698bf5f,CUST000948,2025-11-01,treatment,success_plan_outreach,AM0014,SMB,B3,30.2239,819.62,350.0,0.5,819.62,0,2026-02-01,1,819.62,1.0,1.0
retention_outreach_2025q4,ASG-784197b18c52cda8,CUST003460,2025-11-01,treatment,success_plan_outreach,AM0001,SMB,B2,25.464158,395.06,350.0,0.5,360.9,0,2026-02-01,1,360.9,0.9135321217030324,0.9135321217030324
retention_outreach_2025q4,ASG-78601d746bd587ce,CUST004055,2025-11-01,treatment,success_plan_outreach,AM0037,SMB,B2,28.606897,1071.12,350.0,0.5,1071.12,0,2026-02-01,1,1071.12,1.0,1.0
retention_outreach_2025q4,ASG-7867e0d2d9fcd111,CUST004226,2025-11-01,treatment,success_plan_outreach,AM0028,SMB,B1,19.472755,280.0,350.0,0.5,280.0,0,2026-02-01,1,280.0,1.0,1.0
retention_outreach_2025q4,ASG-789b44c64458938f,CUST000083,2025-11-01,treatment,success_plan_outreach,AM0021,SMB,B4,35.65084,432.19,350.0,0.5,432.19,0,2026-02-01,1,432.19,1.0,1.0
retention_outreach_2025q4,ASG-78c444598721d76f,CUST000217,2025-11-01,treatment,success_plan_outreach,AM0038,Mid-Market,B1,22.990523,2589.17,900.0,0.5,2785.1,0,2026-02-01,1,2589.17,1.0,1.0756728990371431
retention_outreach_2025q4,ASG-78c9884f5a3412f2,CUST004185,2025-11-01,treatment,success_plan_outreach,AM0025,Mid-Market,B4,35.29581,2760.01,900.0,0.5,2760.01,0,2026-02-01,1,2760.01,1.0,1.0
retention_outreach_2025q4,ASG-78e3f57dd48418a7,CUST000997,2025-11-01,control,no_action_control,AM0035,Mid-Market,B3,29.28479,2663.77,0.0,0.5,2663.77,0,2026-02-01,1,2663.77,1.0,1.0
retention_outreach_2025q4,ASG-78f9e80869dc77bc,CUST001385,2025-11-01,control,no_action_control,AM0034,SMB,B3,31.827005,697.97,0.0,0.5,697.97,0,2026-02-01,1,697.97,1.0,1.0
retention_outreach_2025q4,ASG-7925cb63fdefcd8c,CUST001506,2025-11-01,control,no_action_control,AM0013,Mid-Market,B2,25.963523,1256.07,0.0,0.5,1256.07,0,2026-02-01,1,1256.07,1.0,1.0
retention_outreach_2025q4,ASG-797f793ebe2da8d4,CUST000591,2025-11-01,treatment,success_plan_outreach,AM0035,SMB,B1,22.817438,682.53,350.0,0.5,682.53,0,2026-02-01,1,682.53,1.0,1.0
retention_outreach_2025q4,ASG-798f7d1832281fc8,CUST001793,2025-11-01,treatment,success_plan_outreach,AM0010,SMB,B3,32.360177,422.8,350.0,0.5,523.53,0,2026-02-01,1,422.8,1.0,1.2382450331125827
retention_outreach_2025q4,ASG-79bcce4794839420,CUST000497,2025-11-01,control,no_action_control,AM0029,Mid-Market,B3,31.794391,2857.83,0.0,0.5,2857.83,0,2026-02-01,1,2857.83,1.0,1.0
retention_outreach_2025q4,ASG-79d793d3124b1c23,CUST000077,2025-11-01,control,no_action_control,AM0013,SMB,B2,24.579721,317.98,0.0,0.5,317.98,0,2026-02-01,1,317.98,1.0,1.0
retention_outreach_2025q4,ASG-79e36678d327347c,CUST001733,2025-11-01,control,no_action_control,AM0031,SMB,B3,33.335433,280.28,0.0,0.5,280.28,0,2026-02-01,1,280.28,1.0,1.0
retention_outreach_2025q4,ASG-7a0427185d37c664,CUST002042,2025-11-01,control,no_action_control,AM0016,Enterprise,B1,19.330569,7457.78,0.0,0.5,7457.78,0,2026-02-01,1,7457.78,1.0,1.0
retention_outreach_2025q4,ASG-7a0fd9baa7cb4521,CUST000603,2025-11-01,control,no_action_control,AM0010,Enterprise,B2,23.816684,26252.45,0.0,0.5,26252.45,0,2026-02-01,1,26252.45,1.0,1.0
retention_outreach_2025q4,ASG-7a389acc67e58206,CUST004064,2025-11-01,treatment,success_plan_outreach,AM0007,SMB,B4,41.813352,1194.53,350.0,0.5,1194.53,0,2026-02-01,1,1194.53,1.0,1.0
retention_outreach_2025q4,ASG-7af6eab333d6cef9,CUST001877,2025-11-01,treatment,success_plan_outreach,AM0031,Mid-Market,B1,22.22559,990.38,900.0,0.5,990.38,0,2026-02-01,1,990.38,1.0,1.0
retention_outreach_2025q4,ASG-7b0ea0853b32bc95,CUST001995,2025-11-01,treatment,success_plan_outreach,AM0005,SMB,B2,25.84366,391.15,350.0,0.5,391.15,0,2026-02-01,1,391.15,1.0,1.0
retention_outreach_2025q4,ASG-7b35f9a19a08e716,CUST000830,2025-11-01,treatment,success_plan_outreach,AM0001,SMB,B4,35.486635,716.9,350.0,0.5,716.9,0,2026-02-01,1,716.9,1.0,1.0
retention_outreach_2025q4,ASG-7b7abca507d854c0,CUST001262,2025-11-01,treatment,success_plan_outreach,AM0025,Mid-Market,B2,25.091154,2507.44,900.0,0.5,2507.44,0,2026-02-01,1,2507.44,1.0,1.0
retention_outreach_2025q4,ASG-7ba0183b9d9ee832,CUST000031,2025-11-01,control,no_action_control,AM0035,SMB,B1,19.161245,505.0,0.0,0.5,505.0,0,2026-02-01,1,505.0,1.0,1.0
retention_outreach_2025q4,ASG-7bad2b7cfda4b66b,CUST004200,2025-11-01,control,no_action_control,AM0011,SMB,B3,30.234491,311.85,0.0,0.5,311.85,0,2026-02-01,1,311.85,1.0,1.0
retention_outreach_2025q4,ASG-7bb9b9641b1a2efb,CUST002136,2025-11-01,treatment,success_plan_outreach,AM0033,Mid-Market,B4,53.822968,1453.42,900.0,0.5,1453.42,0,2026-02-01,1,1453.42,1.0,1.0
retention_outreach_2025q4,ASG-7c1474c2528e925e,CUST002031,2025-11-01,control,no_action_control,AM0015,SMB,B2,28.274679,327.6,0.0,0.5,327.6,0,2026-02-01,1,327.6,1.0,1.0
retention_outreach_2025q4,ASG-7c345240550518ba,CUST002667,2025-11-01,control,no_action_control,AM0032,SMB,B4,35.890146,266.0,0.0,0.5,245.54,0,2026-02-01,1,245.54,0.9230827067669173,0.9230827067669173
retention_outreach_2025q4,ASG-7c585d77b2b23699,CUST004261,2025-11-01,control,no_action_control,AM0028,Mid-Market,B1,22.145792,1996.01,0.0,0.5,1996.01,0,2026-02-01,1,1996.01,1.0,1.0
retention_outreach_2025q4,ASG-7c783c8e2de75fa2,CUST002252,2025-11-01,control,no_action_control,AM0011,Mid-Market,B3,30.543059,2353.72,0.0,0.5,2353.72,0,2026-02-01,1,2353.72,1.0,1.0
retention_outreach_2025q4,ASG-7d144c6226b44d7e,CUST000564,2025-11-01,control,no_action_control,AM0004,SMB,B1,20.666182,392.65,0.0,0.5,392.65,0,2026-02-01,1,392.65,1.0,1.0
retention_outreach_2025q4,ASG-7d30fe391c1bcff1,CUST002037,2025-11-01,treatment,success_plan_outreach,AM0014,SMB,B1,22.257375,1114.2,350.0,0.5,1114.2,0,2026-02-01,1,1114.2,1.0,1.0
retention_outreach_2025q4,ASG-7e12d0142514e4f7,CUST003919,2025-11-01,treatment,success_plan_outreach,AM0001,SMB,B2,25.664803,234.52,350.0,0.5,234.52,0,2026-02-01,1,234.52,1.0,1.0
retention_outreach_2025q4,ASG-7e317c3c6110a7b6,CUST002683,2025-11-01,treatment,success_plan_outreach,AM0032,SMB,B4,41.159732,282.08,350.0,0.5,282.08,0,2026-02-01,1,282.08,1.0,1.0
retention_outreach_2025q4,ASG-7e32d98b8ae5325f,CUST002642,2025-11-01,treatment,success_plan_outreach,AM0020,Enterprise,B3,30.790244,7050.0,2500.0,0.5,7050.0,0,2026-02-01,1,7050.0,1.0,1.0
retention_outreach_2025q4,ASG-7e5d47d7f2d0e155,CUST001596,2025-11-01,treatment,success_plan_outreach,AM0032,Mid-Market,B1,18.442996,2373.02,900.0,0.5,2764.16,0,2026-02-01,1,2373.02,1.0,1.1648279407674609
retention_outreach_2025q4,ASG-7e621c2f6fd1444b,CUST000807,2025-11-01,control,no_action_control,AM0019,SMB,B3,33.599854,708.4,0.0,0.5,708.4,0,2026-02-01,1,708.4,1.0,1.0
retention_outreach_2025q4,ASG-7e7d4c3abee2ec38,CUST000165,2025-11-01,treatment,success_plan_outreach,AM0039,SMB,B1,21.072569,938.12,350.0,0.5,938.12,0,2026-02-01,1,938.12,1.0,1.0
retention_outreach_2025q4,ASG-7e86914483b66c0b,CUST004492,2025-11-01,control,no_action_control,AM0004,SMB,B2,27.360075,375.2,0.0,0.5,375.2,0,2026-02-01,1,375.2,1.0,1.0
retention_outreach_2025q4,ASG-7f00f4fbbedb955b,CUST003602,2025-11-01,control,no_action_control,AM0031,Mid-Market,B2,23.234244,1151.88,0.0,0.5,1151.88,0,2026-02-01,1,1151.88,1.0,1.0
retention_outreach_2025q4,ASG-7f0234b9f6a8c294,CUST004453,2025-11-01,control,no_action_control,AM0039,SMB,B2,27.604343,258.81,0.0,0.5,258.81,0,2026-02-01,1,258.81,1.0,1.0
retention_outreach_2025q4,ASG-7f62fec193be8a75,CUST003440,2025-11-01,control,no_action_control,AM0007,SMB,B2,27.539681,902.5,0.0,0.5,902.5,0,2026-02-01,1,902.5,1.0,1.0
retention_outreach_2025q4,ASG-7fa7dbf8a878ce27,CUST002676,2025-11-01,treatment,success_plan_outreach,AM0039,Mid-Market,B3,29.426584,935.82,900.0,0.5,935.82,0,2026-02-01,1,935.82,1.0,1.0
retention_outreach_2025q4,ASG-7fa8a5864750b0cc,CUST004143,2025-11-01,treatment,success_plan_outreach,AM0031,SMB,B3,32.952918,887.52,350.0,0.5,887.52,0,2026-02-01,1,887.52,1.0,1.0
retention_outreach_2025q4,ASG-7fb10cc0a8251047,CUST000816,2025-11-01,control,no_action_control,AM0014,SMB,B1,20.891447,266.0,0.0,0.5,266.0,0,2026-02-01,1,266.0,1.0,1.0
retention_outreach_2025q4,ASG-7fb185ba15cf373e,CUST000787,2025-11-01,control,no_action_control,AM0040,SMB,B1,23.249271,1298.77,0.0,0.5,0.0,0,2026-02-01,0,0.0,0.0,0.0
retention_outreach_2025q4,ASG-80129cc00d75089c,CUST001435,2025-11-01,treatment,success_plan_outreach,AM0022,SMB,B4,48.286355,451.7,350.0,0.5,451.7,0,2026-02-01,1,451.7,1.0,1.0
retention_outreach_2025q4,ASG-80a5a21088f5d80e,CUST003126,2025-11-01,treatment,success_plan_outreach,AM0022,Mid-Market,B3,31.196787,2894.67,900.0,0.5,2894.67,0,2026-02-01,1,2894.67,1.0,1.0
retention_outreach_2025q4,ASG-80df98e4db256aa3,CUST001932,2025-11-01,treatment,success_plan_outreach,AM0025,SMB,B4,64.413913,1950.97,350.0,0.5,0.0,1,2026-02-01,0,0.0,0.0,0.0
retention_outreach_2025q4,ASG-80e52b63012a9535,CUST000568,2025-11-01,control,no_action_control,AM0001,SMB,B4,34.316071,802.5,0.0,0.5,802.5,0,2026-02-01,1,802.5,1.0,1.0
retention_outreach_2025q4,ASG-8111948b2452bb64,CUST002049,2025-11-01,treatment,success_plan_outreach,AM0032,SMB,B1,20.206648,477.46,350.0,0.5,477.46,0,2026-02-01,1,477.46,1.0,1.0
retention_outreach_2025q4,ASG-811f1eb7dfff5616,CUST003304,2025-11-01,control,no_action_control,AM0024,SMB,B2,24.811439,825.74,0.0,0.5,825.74,0,2026-02-01,1,825.74,1.0,1.0
retention_outreach_2025q4,ASG-8136144b005f5ae5,CUST001374,2025-11-01,treatment,success_plan_outreach,AM0019,Enterprise,B4,46.859007,9336.32,2500.0,0.5,10879.32,0,2026-02-01,1,9336.32,1.0,1.1652685426377845
retention_outreach_2025q4,ASG-818ac8108a5c8570,CUST003675,2025-11-01,treatment,success_plan_outreach,AM0022,Mid-Market,B1,18.10512,1151.88,900.0,0.5,1151.88,0,2026-02-01,1,1151.88,1.0,1.0
retention_outreach_2025q4,ASG-81cbc5f2d5f375cf,CUST003800,2025-11-01,control,no_action_control,AM0031,Enterprise,B4,34.261768,7229.21,0.0,0.5,7229.21,0,2026-02-01,1,7229.21,1.0,1.0
retention_outreach_2025q4,ASG-8205940b6278b937,CUST002103,2025-11-01,control,no_action_control,AM0032,Mid-Market,B4,32.438909,2689.19,0.0,0.5,3205.34,0,2026-02-01,1,2689.19,1.0,1.1919351180095121
retention_outreach_2025q4,ASG-823e7bca273b7cf0,CUST000376,2025-11-01,control,no_action_control,AM0009,Enterprise,B4,32.375625,20893.87,0.0,0.5,20893.87,0,2026-02-01,1,20893.87,1.0,1.0
retention_outreach_2025q4,ASG-824bc0c13930028f,CUST002769,2025-11-01,control,no_action_control,AM0025,Enterprise,B1,18.206132,11361.21,0.0,0.5,11361.21,0,2026-02-01,1,11361.21,1.0,1.0
retention_outreach_2025q4,ASG-824ee3eee4b9351d,CUST000796,2025-11-01,control,no_action_control,AM0005,SMB,B4,34.553639,505.0,0.0,0.5,481.81,0,2026-02-01,1,481.81,0.954079207920792,0.954079207920792
retention_outreach_2025q4,ASG-827f7e40daac72f8,CUST001015,2025-11-01,control,no_action_control,AM0024,Enterprise,B1,18.572566,11746.45,0.0,0.5,11746.45,0,2026-02-01,1,11746.45,1.0,1.0
retention_outreach_2025q4,ASG-82da78869b80b28e,CUST000855,2025-11-01,treatment,success_plan_outreach,AM0004,Enterprise,B3,26.239829,20152.96,2500.0,0.5,20152.96,0,2026-02-01,1,20152.96,1.0,1.0
retention_outreach_2025q4,ASG-83324e3577a013c5,CUST001569,2025-11-01,control,no_action_control,AM0034,SMB,B1,21.11704,1245.94,0.0,0.5,1245.94,0,2026-02-01,1,1245.94,1.0,1.0
retention_outreach_2025q4,ASG-83a0bafaf40e11b2,CUST002524,2025-11-01,treatment,success_plan_outreach,AM0034,SMB,B4,39.38108,1097.09,350.0,0.5,1097.09,0,2026-02-01,1,1097.09,1.0,1.0
retention_outreach_2025q4,ASG-83b6ea323d298fb9,CUST002681,2025-11-01,treatment,success_plan_outreach,AM0018,SMB,B2,24.601207,1065.29,350.0,0.5,1065.29,0,2026-02-01,1,1065.29,1.0,1.0
retention_outreach_2025q4,ASG-83c4c8be8089a313,CUST000644,2025-11-01,control,no_action_control,AM0012,SMB,B2,25.526792,336.73,0.0,0.5,336.73,0,2026-02-01,1,336.73,1.0,1.0
retention_outreach_2025q4,ASG-83f07315551e80c1,CUST002437,2025-11-01,treatment,success_plan_outreach,AM0019,SMB,B4,35.117494,798.88,350.0,0.5,798.88,0,2026-02-01,1,798.88,1.0,1.0
retention_outreach_2025q4,ASG-8401f57a9a1bdaf7,CUST000871,2025-11-01,treatment,success_plan_outreach,AM0017,Mid-Market,B3,29.18511,2510.93,900.0,0.5,2510.93,0,2026-02-01,1,2510.93,1.0,1.0
retention_outreach_2025q4,ASG-8441630ce7c2838e,CUST000699,2025-11-01,treatment,success_plan_outreach,AM0038,Mid-Market,B3,30.308623,935.82,900.0,0.5,935.82,0,2026-02-01,1,935.82,1.0,1.0
retention_outreach_2025q4,ASG-84644107bddd329d,CUST001439,2025-11-01,control,no_action_control,AM0012,SMB,B4,35.011447,292.5,0.0,0.5,292.5,0,2026-02-01,1,292.5,1.0,1.0
retention_outreach_2025q4,ASG-846ed47935b504ec,CUST003400,2025-11-01,control,no_action_control,AM0030,Mid-Market,B1,22.458022,3688.2,0.0,0.5,3916.35,0,2026-02-01,1,3688.2,1.0,1.0618594436310396
retention_outreach_2025q4,ASG-848755a09db56f30,CUST002715,2025-11-01,control,no_action_control,AM0028,SMB,B1,18.766083,935.82,0.0,0.5,935.82,0,2026-02-01,1,935.82,1.0,1.0
retention_outreach_2025q4,ASG-848c584bad032343,CUST001913,2025-11-01,control,no_action_control,AM0005,Mid-Market,B1,18.019069,2426.49,0.0,0.5,2863.39,0,2026-02-01,1,2426.49,1.0,1.1800543171412206
retention_outreach_2025q4,ASG-84a5188837ddd253,CUST000532,2025-11-01,treatment,success_plan_outreach,AM0028,SMB,B2,24.7975,280.0,350.0,0.5,280.0,0,2026-02-01,1,280.0,1.0,1.0
retention_outreach_2025q4,ASG-84a89cfb16e47048,CUST004132,2025-11-01,control,no_action_control,AM0012,SMB,B1,21.496082,508.63,0.0,0.5,508.63,0,2026-02-01,1,508.63,1.0,1.0
retention_outreach_2025q4,ASG-84d38ab8ae91cca2,CUST003349,2025-11-01,control,no_action_control,AM0029,Mid-Market,B4,37.366545,3092.7,0.0,0.5,3092.7,0,2026-02-01,1,3092.7,1.0,1.0
retention_outreach_2025q4,ASG-84d57463c5c96ba4,CUST003372,2025-11-01,treatment,success_plan_outreach,AM0009,SMB,B1,23.467853,535.87,350.0,0.5,535.87,0,2026-02-01,1,535.87,1.0,1.0
retention_outreach_2025q4,ASG-84e0011a5029c026,CUST002923,2025-11-01,treatment,success_plan_outreach,AM0033,Mid-Market,B3,29.304631,2175.0,900.0,0.5,2175.0,0,2026-02-01,1,2175.0,1.0,1.0
retention_outreach_2025q4,ASG-8511b5ca62af352a,CUST002516,2025-11-01,treatment,success_plan_outreach,AM0003,SMB,B4,46.534017,393.63,350.0,0.5,393.63,0,2026-02-01,1,393.63,1.0,1.0
retention_outreach_2025q4,ASG-851cd493d823e82c,CUST000778,2025-11-01,control,no_action_control,AM0016,Enterprise,B2,21.567589,30173.74,0.0,0.5,30173.74,0,2026-02-01,1,30173.74,1.0,1.0
retention_outreach_2025q4,ASG-8563f2da34b84787,CUST001593,2025-11-01,treatment,success_plan_outreach,AM0040,SMB,B3,33.553177,335.0,350.0,0.5,301.26,0,2026-02-01,1,301.26,0.8992835820895522,0.8992835820895522
retention_outreach_2025q4,ASG-8565215b61567c39,CUST001740,2025-11-01,control,no_action_control,AM0026,SMB,B2,28.1897,250.0,0.0,0.5,250.0,0,2026-02-01,1,250.0,1.0,1.0
retention_outreach_2025q4,ASG-8565f2b5335f791e,CUST003111,2025-11-01,treatment,success_plan_outreach,AM0030,SMB,B3,31.896493,444.0,350.0,0.5,444.0,0,2026-02-01,1,444.0,1.0,1.0
retention_outreach_2025q4,ASG-8571b6a11f8ca796,CUST004123,2025-11-01,treatment,success_plan_outreach,AM0034,SMB,B1,22.819499,907.89,350.0,0.5,907.89,1,2026-02-01,1,907.89,1.0,1.0
retention_outreach_2025q4,ASG-857e114a582bf58d,CUST004279,2025-11-01,treatment,success_plan_outreach,AM0028,Enterprise,B1,18.564703,18343.26,2500.0,0.5,16476.69,0,2026-02-01,1,16476.69,0.8982421881388586,0.8982421881388586
retention_outreach_2025q4,ASG-85934c02e546492e,CUST003465,2025-11-01,control,no_action_control,AM0001,SMB,B3,31.373108,1123.38,0.0,0.5,1123.38,0,2026-02-01,1,1123.38,1.0,1.0
retention_outreach_2025q4,ASG-85a312e7f37f4c98,CUST002694,2025-11-01,treatment,success_plan_outreach,AM0006,SMB,B2,25.243491,189.28,350.0,0.5,189.28,0,2026-02-01,1,189.28,1.0,1.0
retention_outreach_2025q4,ASG-85d1529430f789d1,CUST002274,2025-11-01,treatment,success_plan_outreach,AM0025,Mid-Market,B3,30.22261,1006.37,900.0,0.5,1006.37,0,2026-02-01,1,1006.37,1.0,1.0
retention_outreach_2025q4,ASG-85d1cf68aef62cda,CUST000864,2025-11-01,control,no_action_control,AM0030,SMB,B3,31.614603,914.23,0.0,0.5,806.09,0,2026-02-01,1,806.09,0.8817146669875195,0.8817146669875195
retention_outreach_2025q4,ASG-85d991dbe141df4d,CUST000560,2025-11-01,treatment,success_plan_outreach,AM0001,SMB,B4,35.963336,1151.88,350.0,0.5,1151.88,0,2026-02-01,1,1151.88,1.0,1.0
retention_outreach_2025q4,ASG-860a2496326b23eb,CUST000821,2025-11-01,treatment,success_plan_outreach,AM0040,SMB,B3,32.585988,655.01,350.0,0.5,655.01,0,2026-02-01,1,655.01,1.0,1.0
retention_outreach_2025q4,ASG-862c68dd467f4f4a,CUST003608,2025-11-01,treatment,success_plan_outreach,AM0023,Mid-Market,B4,48.306056,3009.61,900.0,0.5,3009.61,0,2026-02-01,1,3009.61,1.0,1.0
retention_outreach_2025q4,ASG-867a1c6537e561dd,CUST000104,2025-11-01,treatment,success_plan_outreach,AM0032,SMB,B2,27.595499,938.1,350.0,0.5,938.1,0,2026-02-01,1,938.1,1.0,1.0
retention_outreach_2025q4,ASG-86b09b6260ef0b62,CUST002793,2025-11-01,treatment,success_plan_outreach,AM0037,Mid-Market,B1,19.835657,2231.25,900.0,0.5,2231.25,0,2026-02-01,1,2231.25,1.0,1.0
retention_outreach_2025q4,ASG-86bca187dbe6d18d,CUST002883,2025-11-01,treatment,success_plan_outreach,AM0001,Enterprise,B3,30.852035,6151.08,2500.0,0.5,6151.08,0,2026-02-01,1,6151.08,1.0,1.0
retention_outreach_2025q4,ASG-874d537738409e43,CUST002069,2025-11-01,control,no_action_control,AM0027,SMB,B3,31.859163,547.5,0.0,0.5,547.5,0,2026-02-01,1,547.5,1.0,1.0
retention_outreach_2025q4,ASG-876a52a8a3b32cb1,CUST003564,2025-11-01,control,no_action_control,AM0013,SMB,B2,29.996116,660.8,0.0,0.5,0.0,0,2026-02-01,0,0.0,0.0,0.0
retention_outreach_2025q4,ASG-877a51253c1c6f3e,CUST001767,2025-11-01,control,no_action_control,AM0027,SMB,B4,36.150428,377.5,0.0,0.5,377.5,0,2026-02-01,1,377.5,1.0,1.0
retention_outreach_2025q4,ASG-87d8592dcff12097,CUST001909,2025-11-01,treatment,success_plan_outreach,AM0014,Enterprise,B4,31.098426,15217.84,2500.0,0.5,15217.84,0,2026-02-01,1,15217.84,1.0,1.0
retention_outreach_2025q4,ASG-88068403950366e6,CUST002770,2025-11-01,treatment,success_plan_outreach,AM0023,Mid-Market,B4,33.529689,1173.2,900.0,0.5,1173.2,0,2026-02-01,1,1173.2,1.0,1.0
retention_outreach_2025q4,ASG-880a46af850c25cc,CUST001634,2025-11-01,treatment,success_plan_outreach,AM0025,SMB,B1,19.213817,377.5,350.0,0.5,377.5,0,2026-02-01,1,377.5,1.0,1.0
retention_outreach_2025q4,ASG-881c3c459045c1ad,CUST003890,2025-11-01,control,no_action_control,AM0016,Mid-Market,B3,29.88362,4178.5,0.0,0.5,4178.5,0,2026-02-01,1,4178.5,1.0,1.0
retention_outreach_2025q4,ASG-885f307ddb64a3a2,CUST003136,2025-11-01,control,no_action_control,AM0013,SMB,B3,34.081817,565.6,0.0,0.5,565.6,0,2026-02-01,1,565.6,1.0,1.0
retention_outreach_2025q4,ASG-88871fff12968b74,CUST002899,2025-11-01,treatment,success_plan_outreach,AM0008,Enterprise,B1,19.277226,11822.03,2500.0,0.5,11822.03,0,2026-02-01,1,11822.03,1.0,1.0
retention_outreach_2025q4,ASG-888ef42ee4befcd4,CUST002493,2025-11-01,control,no_action_control,AM0013,SMB,B1,20.739609,824.19,0.0,0.5,824.19,0,2026-02-01,1,824.19,1.0,1.0
retention_outreach_2025q4,ASG-889c6f505b25caa6,CUST001537,2025-11-01,treatment,success_plan_outreach,AM0016,SMB,B2,28.951473,721.82,350.0,0.5,0.0,0,2026-02-01,0,0.0,0.0,0.0
retention_outreach_2025q4,ASG-88d68678cc55ca0d,CUST002629,2025-11-01,treatment,success_plan_outreach,AM0019,SMB,B4,49.98513,776.65,350.0,0.5,776.65,0,2026-02-01,1,776.65,1.0,1.0
retention_outreach_2025q4,ASG-88e2f1fa6cae0914,CUST004274,2025-11-01,treatment,success_plan_outreach,AM0018,Mid-Market,B1,19.222316,3005.17,900.0,0.5,3005.17,0,2026-02-01,1,3005.17,1.0,1.0
retention_outreach_2025q4,ASG-8932da264101b677,CUST000981,2025-11-01,treatment,success_plan_outreach,AM0005,Mid-Market,B2,26.06645,2995.69,900.0,0.5,2995.69,0,2026-02-01,1,2995.69,1.0,1.0
retention_outreach_2025q4,ASG-893d8edc54774bea,CUST001644,2025-11-01,treatment,success_plan_outreach,AM0003,Mid-Market,B1,21.506391,963.02,900.0,0.5,963.02,0,2026-02-01,1,963.02,1.0,1.0
retention_outreach_2025q4,ASG-89557f29d88eb8b3,CUST003294,2025-11-01,control,no_action_control,AM0037,Mid-Market,B1,19.639405,2212.5,0.0,0.5,2212.5,0,2026-02-01,1,2212.5,1.0,1.0
retention_outreach_2025q4,ASG-897962bb5432162c,CUST000910,2025-11-01,control,no_action_control,AM0024,SMB,B3,33.272979,372.16,0.0,0.5,372.16,0,2026-02-01,1,372.16,1.0,1.0
retention_outreach_2025q4,ASG-89807606c7e82232,CUST002452,2025-11-01,treatment,success_plan_outreach,AM0021,Mid-Market,B1,18.377163,3255.26,900.0,0.5,3255.26,0,2026-02-01,1,3255.26,1.0,1.0
retention_outreach_2025q4,ASG-89a2b3dcc4d9bf7a,CUST000530,2025-11-01,treatment,success_plan_outreach,AM0028,Mid-Market,B1,21.38961,1188.19,900.0,0.5,1188.19,0,2026-02-01,1,1188.19,1.0,1.0
retention_outreach_2025q4,ASG-89ab08df80962e26,CUST000953,2025-11-01,treatment,success_plan_outreach,AM0004,Mid-Market,B4,44.874135,1131.32,900.0,0.5,1131.32,0,2026-02-01,1,1131.32,1.0,1.0
retention_outreach_2025q4,ASG-89b403a3614f8ca3,CUST000741,2025-11-01,treatment,success_plan_outreach,AM0012,SMB,B1,23.002162,816.15,350.0,0.5,816.15,0,2026-02-01,1,816.15,1.0,1.0
retention_outreach_2025q4,ASG-89b66e38f2b3708f,CUST002465,2025-11-01,control,no_action_control,AM0021,Enterprise,B2,20.359225,16341.42,0.0,0.5,18984.28,0,2026-02-01,1,16341.42,1.0,1.161727683395935
retention_outreach_2025q4,ASG-8a0654e774f2adb9,CUST003239,2025-11-01,control,no_action_control,AM0018,SMB,B2,28.496418,335.0,0.0,0.5,335.0,0,2026-02-01,1,335.0,1.0,1.0
retention_outreach_2025q4,ASG-8a2343188bbea785,CUST002489,2025-11-01,control,no_action_control,AM0024,Mid-Market,B1,18.141541,3345.37,0.0,0.5,3345.37,0,2026-02-01,1,3345.37,1.0,1.0
retention_outreach_2025q4,ASG-8a263572c18b326d,CUST000609,2025-11-01,control,no_action_control,AM0039,SMB,B3,31.008742,518.0,0.0,0.5,518.0,0,2026-02-01,1,518.0,1.0,1.0
retention_outreach_2025q4,ASG-8a63534df16ed356,CUST003723,2025-11-01,treatment,success_plan_outreach,AM0003,SMB,B1,20.121303,327.6,350.0,0.5,327.6,0,2026-02-01,1,327.6,1.0,1.0
retention_outreach_2025q4,ASG-8a65bc635232272d,CUST003743,2025-11-01,treatment,success_plan_outreach,AM0014,Mid-Market,B4,59.335972,1772.46,900.0,0.5,1772.46,0,2026-02-01,1,1772.46,1.0,1.0
retention_outreach_2025q4,ASG-8a7becae289bd1c0,CUST001364,2025-11-01,control,no_action_control,AM0009,Mid-Market,B2,23.374934,3634.32,0.0,0.5,3634.32,0,2026-02-01,1,3634.32,1.0,1.0
retention_outreach_2025q4,ASG-8a9a5a6fb87742bd,CUST002896,2025-11-01,control,no_action_control,AM0018,SMB,B3,32.789984,477.95,0.0,0.5,477.95,0,2026-02-01,1,477.95,1.0,1.0
retention_outreach_2025q4,ASG-8aa72b5c2d5ecf34,CUST004289,2025-11-01,treatment,success_plan_outreach,AM0012,SMB,B1,21.810764,938.12,350.0,0.5,787.02,0,2026-02-01,1,787.02,0.8389331855199761,0.8389331855199761
retention_outreach_2025q4,ASG-8ae1a61941d10f7d,CUST002956,2025-11-01,control,no_action_control,AM0036,SMB,B4,38.900954,275.4,0.0,0.5,275.4,0,2026-02-01,1,275.4,1.0,1.0
retention_outreach_2025q4,ASG-8af5ed4ac608c781,CUST000726,2025-11-01,control,no_action_control,AM0029,SMB,B3,33.928126,258.51,0.0,0.5,258.51,0,2026-02-01,1,258.51,1.0,1.0
retention_outreach_2025q4,ASG-8afba0234d8fd327,CUST000720,2025-11-01,control,no_action_control,AM0034,SMB,B1,19.555949,971.09,0.0,0.5,0.0,1,2026-02-01,0,0.0,0.0,0.0
retention_outreach_2025q4,ASG-8b7301d06d1cb5df,CUST002070,2025-11-01,treatment,success_plan_outreach,AM0037,Mid-Market,B3,30.843436,1051.7,900.0,0.5,1051.7,0,2026-02-01,1,1051.7,1.0,1.0
retention_outreach_2025q4,ASG-8bdac47605ec823a,CUST000581,2025-11-01,control,no_action_control,AM0037,SMB,B1,19.09465,411.47,0.0,0.5,411.47,0,2026-02-01,1,411.47,1.0,1.0
retention_outreach_2025q4,ASG-8bfa4ed9718f5aa2,CUST003057,2025-11-01,treatment,success_plan_outreach,AM0037,Mid-Market,B4,34.406356,2591.75,900.0,0.5,2988.44,0,2026-02-01,1,2591.75,1.0,1.1530587440918298
retention_outreach_2025q4,ASG-8c0968f4dfe1d125,CUST000404,2025-11-01,treatment,success_plan_outreach,AM0017,Enterprise,B1,18.040227,6106.67,2500.0,0.5,6106.67,0,2026-02-01,1,6106.67,1.0,1.0
retention_outreach_2025q4,ASG-8c1411e0e4f3ae3d,CUST002496,2025-11-01,treatment,success_plan_outreach,AM0020,Mid-Market,B3,29.697001,830.0,900.0,0.5,830.0,0,2026-02-01,1,830.0,1.0,1.0
retention_outreach_2025q4,ASG-8c157d0feedb751e,CUST000938,2025-11-01,control,no_action_control,AM0002,SMB,B1,22.776941,578.81,0.0,0.5,578.81,0,2026-02-01,1,578.81,1.0,1.0
retention_outreach_2025q4,ASG-8c392984c6a22e8f,CUST001616,2025-11-01,control,no_action_control,AM0009,SMB,B1,22.240298,301.37,0.0,0.5,301.37,0,2026-02-01,1,301.37,1.0,1.0
retention_outreach_2025q4,ASG-8c422b8d974e8ed7,CUST000614,2025-11-01,treatment,success_plan_outreach,AM0019,SMB,B2,28.752401,422.8,350.0,0.5,422.8,0,2026-02-01,1,422.8,1.0,1.0
retention_outreach_2025q4,ASG-8c63673e876cb92d,CUST003585,2025-11-01,treatment,success_plan_outreach,AM0009,SMB,B2,26.966304,938.12,350.0,0.5,938.12,0,2026-02-01,1,938.12,1.0,1.0
retention_outreach_2025q4,ASG-8c65ead9377d6e5a,CUST003286,2025-11-01,control,no_action_control,AM0015,Enterprise,B1,18.077158,11924.75,0.0,0.5,14136.8,0,2026-02-01,1,11924.75,1.0,1.1855007442504035
retention_outreach_2025q4,ASG-8c6bdc707922a958,CUST003614,2025-11-01,treatment,success_plan_outreach,AM0024,SMB,B3,33.459251,320.44,350.0,0.5,320.44,0,2026-02-01,1,320.44,1.0,1.0
retention_outreach_2025q4,ASG-8c6ffae827ca2a34,CUST001962,2025-11-01,control,no_action_control,AM0031,SMB,B3,33.208469,749.92,0.0,0.5,749.92,0,2026-02-01,1,749.92,1.0,1.0
retention_outreach_2025q4,ASG-8c86e30046415640,CUST003954,2025-11-01,control,no_action_control,AM0024,SMB,B4,46.019092,362.1,0.0,0.5,362.1,0,2026-02-01,1,362.1,1.0,1.0
retention_outreach_2025q4,ASG-8c892e921efdfc12,CUST004435,2025-11-01,control,no_action_control,AM0002,Mid-Market,B1,19.482382,2823.75,0.0,0.5,2823.75,0,2026-02-01,1,2823.75,1.0,1.0
retention_outreach_2025q4,ASG-8c92208e3fbd8126,CUST000390,2025-11-01,treatment,success_plan_outreach,AM0025,SMB,B1,19.427826,293.23,350.0,0.5,293.23,0,2026-02-01,1,293.23,1.0,1.0
retention_outreach_2025q4,ASG-8c941fbe61a99f98,CUST001200,2025-11-01,treatment,success_plan_outreach,AM0026,Mid-Market,B3,30.957666,2377.5,900.0,0.5,2377.5,0,2026-02-01,1,2377.5,1.0,1.0
retention_outreach_2025q4,ASG-8d04d7d9dceb1379,CUST001230,2025-11-01,treatment,success_plan_outreach,AM0040,Enterprise,B3,29.375582,16836.38,2500.0,0.5,16836.38,0,2026-02-01,1,16836.38,1.0,1.0
retention_outreach_2025q4,ASG-8d15a130150d007e,CUST003688,2025-11-01,treatment,success_plan_outreach,AM0035,SMB,B2,25.393899,613.2,350.0,0.5,613.2,0,2026-02-01,1,613.2,1.0,1.0
retention_outreach_2025q4,ASG-8d3d295a280beaff,CUST000456,2025-11-01,treatment,success_plan_outreach,AM0006,Mid-Market,B2,24.94351,965.95,900.0,0.5,965.95,0,2026-02-01,1,965.95,1.0,1.0
retention_outreach_2025q4,ASG-8d3ff7519cb5390c,CUST002340,2025-11-01,control,no_action_control,AM0031,Mid-Market,B1,19.784608,1394.12,0.0,0.5,1394.12,0,2026-02-01,1,1394.12,1.0,1.0
retention_outreach_2025q4,ASG-8d568f210f8a046f,CUST003613,2025-11-01,control,no_action_control,AM0033,Mid-Market,B2,24.013261,2480.83,0.0,0.5,2480.83,0,2026-02-01,1,2480.83,1.0,1.0
retention_outreach_2025q4,ASG-8d6de0065d6358f4,CUST003521,2025-11-01,treatment,success_plan_outreach,AM0031,Mid-Market,B1,21.116699,802.43,900.0,0.5,802.43,0,2026-02-01,1,802.43,1.0,1.0
retention_outreach_2025q4,ASG-8d8edd876d7cb077,CUST002380,2025-11-01,control,no_action_control,AM0003,Mid-Market,B1,22.831159,2189.53,0.0,0.5,2189.53,0,2026-02-01,1,2189.53,1.0,1.0
retention_outreach_2025q4,ASG-8e0f10542d87c954,CUST001573,2025-11-01,control,no_action_control,AM0007,SMB,B2,29.009868,950.0,0.0,0.5,1154.06,0,2026-02-01,1,950.0,1.0,1.2147999999999999
retention_outreach_2025q4,ASG-8e58f3a4c16a7128,CUST001830,2025-11-01,treatment,success_plan_outreach,AM0011,SMB,B4,50.952038,1030.75,350.0,0.5,1030.75,0,2026-02-01,1,1030.75,1.0,1.0
retention_outreach_2025q4,ASG-8e5a3ac4bf1cdcfa,CUST001177,2025-11-01,control,no_action_control,AM0023,SMB,B3,30.293566,819.62,0.0,0.5,819.62,0,2026-02-01,1,819.62,1.0,1.0
retention_outreach_2025q4,ASG-8e88b09edb2a9bcb,CUST002609,2025-11-01,control,no_action_control,AM0007,SMB,B1,20.0075,280.0,0.0,0.5,280.0,0,2026-02-01,1,280.0,1.0,1.0
retention_outreach_2025q4,ASG-8f057b0135fa8386,CUST002558,2025-11-01,control,no_action_control,AM0036,SMB,B1,20.860813,420.0,0.0,0.5,420.0,0,2026-02-01,1,420.0,1.0,1.0
retention_outreach_2025q4,ASG-8f0aa8be6e75e0fd,CUST002794,2025-11-01,treatment,success_plan_outreach,AM0030,Enterprise,B2,22.592334,11775.95,2500.0,0.5,11775.95,0,2026-02-01,1,11775.95,1.0,1.0
retention_outreach_2025q4,ASG-8f217fadecbb2a86,CUST002061,2025-11-01,treatment,success_plan_outreach,AM0009,SMB,B2,29.441814,301.28,350.0,0.5,301.28,0,2026-02-01,1,301.28,1.0,1.0
retention_outreach_2025q4,ASG-8f2850d6ea6aa373,CUST003495,2025-11-01,control,no_action_control,AM0020,Enterprise,B2,22.896827,21420.44,0.0,0.5,21420.44,0,2026-02-01,1,21420.44,1.0,1.0
retention_outreach_2025q4,ASG-8f5e9e1bd4ccd929,CUST002875,2025-11-01,treatment,success_plan_outreach,AM0015,Enterprise,B4,40.481769,8583.63,2500.0,0.5,6382.69,0,2026-02-01,1,6382.69,0.7435886681974876,0.7435886681974876
retention_outreach_2025q4,ASG-8f73e2795636e723,CUST001772,2025-11-01,treatment,success_plan_outreach,AM0016,SMB,B4,46.382734,1054.78,350.0,0.5,1054.78,0,2026-02-01,1,1054.78,1.0,1.0
retention_outreach_2025q4,ASG-8f98eeab8f6f0b77,CUST003703,2025-11-01,treatment,success_plan_outreach,AM0020,SMB,B4,58.731046,1380.14,350.0,0.5,1380.14,0,2026-02-01,1,1380.14,1.0,1.0
retention_outreach_2025q4,ASG-8fa80c9e3a367e3c,CUST000370,2025-11-01,control,no_action_control,AM0023,SMB,B2,24.549254,375.2,0.0,0.5,375.2,0,2026-02-01,1,375.2,1.0,1.0
retention_outreach_2025q4,ASG-8faf6364c866eccd,CUST000197,2025-11-01,treatment,success_plan_outreach,AM0006,Mid-Market,B3,31.014219,1394.12,900.0,0.5,1394.12,0,2026-02-01,1,1394.12,1.0,1.0
retention_outreach_2025q4,ASG-8fc0e9122f04f6e9,CUST001030,2025-11-01,treatment,success_plan_outreach,AM0023,SMB,B1,18.836229,355.14,350.0,0.5,355.14,0,2026-02-01,1,355.14,1.0,1.0
retention_outreach_2025q4,ASG-8fc18225deba28e4,CUST003192,2025-11-01,control,no_action_control,AM0035,Mid-Market,B1,18.526386,2848.2,0.0,0.5,2848.2,0,2026-02-01,1,2848.2,1.0,1.0
retention_outreach_2025q4,ASG-8fe0232ec613787d,CUST004423,2025-11-01,treatment,success_plan_outreach,AM0014,SMB,B4,34.98603,375.2,350.0,0.5,375.2,0,2026-02-01,1,375.2,1.0,1.0
retention_outreach_2025q4,ASG-90057172c6dd4494,CUST000480,2025-11-01,treatment,success_plan_outreach,AM0016,Mid-Market,B4,55.19801,4301.47,900.0,0.5,4301.47,0,2026-02-01,1,4301.47,1.0,1.0
retention_outreach_2025q4,ASG-90127683052ede02,CUST002370,2025-11-01,treatment,success_plan_outreach,AM0001,SMB,B3,33.564954,357.91,350.0,0.5,357.91,0,2026-02-01,1,357.91,1.0,1.0
retention_outreach_2025q4,ASG-901a818706fe7a3f,CUST000213,2025-11-01,control,no_action_control,AM0032,Mid-Market,B3,31.463496,1963.26,0.0,0.5,1963.26,0,2026-02-01,1,1963.26,1.0,1.0
retention_outreach_2025q4,ASG-902d46b1ce025c5a,CUST003784,2025-11-01,treatment,success_plan_outreach,AM0011,Enterprise,B1,18.741229,14612.0,2500.0,0.5,15305.64,0,2026-02-01,1,14612.0,1.0,1.0474705721324937
retention_outreach_2025q4,ASG-90400a46a55fad78,CUST000607,2025-11-01,treatment,success_plan_outreach,AM0019,Enterprise,B4,33.799698,6011.25,2500.0,0.5,6011.25,0,2026-02-01,1,6011.25,1.0,1.0
retention_outreach_2025q4,ASG-907c2fa9d521f4f0,CUST002930,2025-11-01,treatment,success_plan_outreach,AM0024,SMB,B4,34.428184,914.38,350.0,0.5,914.38,0,2026-02-01,1,914.38,1.0,1.0
retention_outreach_2025q4,ASG-907d811fdf6489d6,CUST001387,2025-11-01,treatment,success_plan_outreach,AM0024,SMB,B2,28.885282,406.13,350.0,0.5,406.13,0,2026-02-01,1,406.13,1.0,1.0
retention_outreach_2025q4,ASG-90b59f3e9b102ab0,CUST002805,2025-11-01,control,no_action_control,AM0001,SMB,B4,58.854042,1388.25,0.0,0.5,1388.25,0,2026-02-01,1,1388.25,1.0,1.0
retention_outreach_2025q4,ASG-90d1459998b3c837,CUST004273,2025-11-01,treatment,success_plan_outreach,AM0031,Enterprise,B3,26.71547,8951.77,2500.0,0.5,7245.1,0,2026-02-01,1,7245.1,0.8093483188240985,0.8093483188240985
retention_outreach_2025q4,ASG-91331d7070b426ff,CUST001350,2025-11-01,control,no_action_control,AM0004,Mid-Market,B3,28.620903,2524.62,0.0,0.5,2524.62,0,2026-02-01,1,2524.62,1.0,1.0
retention_outreach_2025q4,ASG-916718641766286c,CUST000233,2025-11-01,control,no_action_control,AM0030,SMB,B2,30.043561,1041.65,0.0,0.5,1041.65,0,2026-02-01,1,1041.65,1.0,1.0
retention_outreach_2025q4,ASG-916ad0894611b7d2,CUST002892,2025-11-01,treatment,success_plan_outreach,AM0022,SMB,B3,31.772632,447.39,350.0,0.5,447.39,0,2026-02-01,1,447.39,1.0,1.0
retention_outreach_2025q4,ASG-91b1df4561f4f37f,CUST003094,2025-11-01,control,no_action_control,AM0028,SMB,B4,45.221355,389.92,0.0,0.5,389.92,0,2026-02-01,1,389.92,1.0,1.0
retention_outreach_2025q4,ASG-91c767c77ea75b49,CUST002250,2025-11-01,control,no_action_control,AM0003,Mid-Market,B1,23.009805,1932.83,0.0,0.5,1932.83,0,2026-02-01,1,1932.83,1.0,1.0
retention_outreach_2025q4,ASG-91e98286b6edb98d,CUST003659,2025-11-01,control,no_action_control,AM0002,SMB,B2,24.866418,375.2,0.0,0.5,375.2,0,2026-02-01,1,375.2,1.0,1.0
retention_outreach_2025q4,ASG-91ee46bad617948e,CUST003278,2025-11-01,treatment,success_plan_outreach,AM0032,SMB,B1,19.009105,388.41,350.0,0.5,388.41,0,2026-02-01,1,388.41,1.0,1.0
retention_outreach_2025q4,ASG-91efa0925a3f2817,CUST000719,2025-11-01,control,no_action_control,AM0009,Mid-Market,B2,24.869817,1523.7,0.0,0.5,1523.7,0,2026-02-01,1,1523.7,1.0,1.0
retention_outreach_2025q4,ASG-9212e9edd37fe5bd,CUST002865,2025-11-01,control,no_action_control,AM0007,SMB,B3,32.892336,830.0,0.0,0.5,830.0,0,2026-02-01,1,830.0,1.0,1.0
retention_outreach_2025q4,ASG-9235eebd01321dfc,CUST004043,2025-11-01,control,no_action_control,AM0018,SMB,B3,33.224482,375.2,0.0,0.5,375.2,0,2026-02-01,1,375.2,1.0,1.0
retention_outreach_2025q4,ASG-9237b665207f8551,CUST003081,2025-11-01,control,no_action_control,AM0014,SMB,B4,37.277008,930.0,0.0,0.5,930.0,0,2026-02-01,1,930.0,1.0,1.0
retention_outreach_2025q4,ASG-9258db0f4f18cc5f,CUST000066,2025-11-01,treatment,success_plan_outreach,AM0008,Mid-Market,B3,29.257997,3815.07,900.0,0.5,4716.15,0,2026-02-01,1,3815.07,1.0,1.2361896374116332
retention_outreach_2025q4,ASG-92b98dcee397b754,CUST003061,2025-11-01,treatment,success_plan_outreach,AM0033,Enterprise,B3,28.989259,9361.28,2500.0,0.5,0.0,1,2026-02-01,0,0.0,0.0,0.0
retention_outreach_2025q4,ASG-92ba5742f0b4131d,CUST001140,2025-11-01,control,no_action_control,AM0020,SMB,B1,21.679894,1158.27,0.0,0.5,1158.27,0,2026-02-01,1,1158.27,1.0,1.0
retention_outreach_2025q4,ASG-9343123a34548ade,CUST002514,2025-11-01,control,no_action_control,AM0003,SMB,B4,51.938439,809.25,0.0,0.5,809.25,0,2026-02-01,1,809.25,1.0,1.0
retention_outreach_2025q4,ASG-9347ce592dbe87a7,CUST001598,2025-11-01,control,no_action_control,AM0030,SMB,B1,19.159626,243.31,0.0,0.5,243.31,0,2026-02-01,1,243.31,1.0,1.0
retention_outreach_2025q4,ASG-93874106261828b5,CUST003752,2025-11-01,control,no_action_control,AM0006,Mid-Market,B2,28.534859,2911.81,0.0,0.5,2911.81,0,2026-02-01,1,2911.81,1.0,1.0
retention_outreach_2025q4,ASG-93a0264f10873996,CUST002555,2025-11-01,treatment,success_plan_outreach,AM0007,SMB,B1,22.425645,865.01,350.0,0.5,865.01,0,2026-02-01,1,865.01,1.0,1.0
retention_outreach_2025q4,ASG-93fc00ee690a14f5,CUST003371,2025-11-01,treatment,success_plan_outreach,AM0010,SMB,B1,18.951953,1192.25,350.0,0.5,1192.25,0,2026-02-01,1,1192.25,1.0,1.0
retention_outreach_2025q4,ASG-9426a07ea25cc536,CUST004463,2025-11-01,control,no_action_control,AM0005,SMB,B4,51.196285,317.28,0.0,0.5,317.28,0,2026-02-01,1,317.28,1.0,1.0
retention_outreach_2025q4,ASG-94366eef58a7a56f,CUST004218,2025-11-01,control,no_action_control,AM0016,SMB,B1,19.121121,253.53,0.0,0.5,253.53,0,2026-02-01,1,253.53,1.0,1.0
retention_outreach_2025q4,ASG-9459067884701104,CUST003210,2025-11-01,control,no_action_control,AM0002,SMB,B4,53.716341,1111.5,0.0,0.5,1111.5,0,2026-02-01,1,1111.5,1.0,1.0
retention_outreach_2025q4,ASG-94f6b2d0f36bf4ae,CUST002262,2025-11-01,control,no_action_control,AM0013,SMB,B2,24.683641,896.16,0.0,0.5,896.16,0,2026-02-01,1,896.16,1.0,1.0
retention_outreach_2025q4,ASG-95003e225eae728a,CUST000475,2025-11-01,treatment,success_plan_outreach,AM0028,SMB,B2,26.079167,470.4,350.0,0.5,496.44,0,2026-02-01,1,470.4,1.0,1.0553571428571429
retention_outreach_2025q4,ASG-951c13e47e9ae0e9,CUST001495,2025-11-01,control,no_action_control,AM0010,SMB,B3,32.633691,825.98,0.0,0.5,935.34,0,2026-02-01,1,825.98,1.0,1.1324003002494007
retention_outreach_2025q4,ASG-951dc0f745e0f2dd,CUST003964,2025-11-01,control,no_action_control,AM0020,SMB,B3,32.792572,1250.18,0.0,0.5,1250.18,0,2026-02-01,1,1250.18,1.0,1.0
retention_outreach_2025q4,ASG-95354296eb0ede9c,CUST002825,2025-11-01,treatment,success_plan_outreach,AM0007,Mid-Market,B1,22.15801,1878.62,900.0,0.5,1878.62,0,2026-02-01,1,1878.62,1.0,1.0
retention_outreach_2025q4,ASG-95b45f34a1d65032,CUST001501,2025-11-01,treatment,success_plan_outreach,AM0038,SMB,B3,30.536702,404.73,350.0,0.5,404.73,0,2026-02-01,1,404.73,1.0,1.0
retention_outreach_2025q4,ASG-95c45da4daa8aabe,CUST001035,2025-11-01,control,no_action_control,AM0008,SMB,B3,32.547059,977.37,0.0,0.5,1039.82,0,2026-02-01,1,977.37,1.0,1.0638959657038787
retention_outreach_2025q4,ASG-95e43750156a62e7,CUST004285,2025-11-01,treatment,success_plan_outreach,AM0003,Mid-Market,B4,46.296445,1697.03,900.0,0.5,1697.03,0,2026-02-01,1,1697.03,1.0,1.0
retention_outreach_2025q4,ASG-96212b08d5a2af48,CUST003566,2025-11-01,treatment,success_plan_outreach,AM0039,Mid-Market,B4,47.897089,2857.83,900.0,0.5,2857.83,0,2026-02-01,1,2857.83,1.0,1.0
retention_outreach_2025q4,ASG-9634f2d89f0a7ab3,CUST003817,2025-11-01,control,no_action_control,AM0011,SMB,B1,21.906396,698.3,0.0,0.5,698.3,0,2026-02-01,1,698.3,1.0,1.0
retention_outreach_2025q4,ASG-9635a03dde3be5d9,CUST000810,2025-11-01,control,no_action_control,AM0035,Mid-Market,B3,29.793573,2488.4,0.0,0.5,2488.4,0,2026-02-01,1,2488.4,1.0,1.0
retention_outreach_2025q4,ASG-964da60f5c46791a,CUST000691,2025-11-01,treatment,success_plan_outreach,AM0031,Mid-Market,B1,19.058644,2240.62,900.0,0.5,2240.62,0,2026-02-01,1,2240.62,1.0,1.0
retention_outreach_2025q4,ASG-96852b07ce85c57a,CUST003462,2025-11-01,control,no_action_control,AM0003,Mid-Market,B4,46.664952,2928.79,0.0,0.5,2928.79,0,2026-02-01,1,2928.79,1.0,1.0
retention_outreach_2025q4,ASG-96f7fc3bf5ce01c3,CUST003035,2025-11-01,control,no_action_control,AM0037,Mid-Market,B1,18.593605,2409.38,0.0,0.5,2409.38,0,2026-02-01,1,2409.38,1.0,1.0
retention_outreach_2025q4,ASG-97482e53fb53100e,CUST000843,2025-11-01,treatment,success_plan_outreach,AM0031,Mid-Market,B3,31.662251,2684.2,900.0,0.5,2684.2,0,2026-02-01,1,2684.2,1.0,1.0
retention_outreach_2025q4,ASG-975c243a9e776cf8,CUST001460,2025-11-01,control,no_action_control,AM0020,SMB,B1,19.639207,477.39,0.0,0.5,477.39,0,2026-02-01,1,477.39,1.0,1.0
retention_outreach_2025q4,ASG-9771ccad8284bafe,CUST003586,2025-11-01,treatment,success_plan_outreach,AM0034,SMB,B4,37.992324,462.5,350.0,0.5,462.5,0,2026-02-01,1,462.5,1.0,1.0
retention_outreach_2025q4,ASG-978afef53edea598,CUST004071,2025-11-01,treatment,success_plan_outreach,AM0019,SMB,B3,30.61044,1556.59,350.0,0.5,1556.59,0,2026-02-01,1,1556.59,1.0,1.0
retention_outreach_2025q4,ASG-97da607b5b32befa,CUST001125,2025-11-01,treatment,success_plan_outreach,AM0018,Mid-Market,B4,40.631453,1506.37,900.0,0.5,1506.37,0,2026-02-01,1,1506.37,1.0,1.0
retention_outreach_2025q4,ASG-97ea30312ccb8bb5,CUST000801,2025-11-01,control,no_action_control,AM0027,SMB,B2,28.763388,704.97,0.0,0.5,704.97,0,2026-02-01,1,704.97,1.0,1.0
retention_outreach_2025q4,ASG-98055fdb11953a6c,CUST000964,2025-11-01,treatment,success_plan_outreach,AM0026,SMB,B1,20.314578,1314.5,350.0,0.5,1314.5,0,2026-02-01,1,1314.5,1.0,1.0
retention_outreach_2025q4,ASG-980c35a53b39f99e,CUST000249,2025-11-01,control,no_action_control,AM0024,SMB,B1,23.53409,831.7,0.0,0.5,623.55,0,2026-02-01,1,623.55,0.749729469760731,0.749729469760731
retention_outreach_2025q4,ASG-980cafc892cb3f95,CUST002690,2025-11-01,control,no_action_control,AM0008,SMB,B2,29.916749,375.2,0.0,0.5,375.2,0,2026-02-01,1,375.2,1.0,1.0
retention_outreach_2025q4,ASG-987d8da31208d46b,CUST002736,2025-11-01,control,no_action_control,AM0027,SMB,B2,29.50463,264.97,0.0,0.5,264.97,0,2026-02-01,1,264.97,1.0,1.0
retention_outreach_2025q4,ASG-9889bab42aa12c79,CUST003783,2025-11-01,treatment,success_plan_outreach,AM0003,SMB,B4,51.018567,518.0,350.0,0.5,413.49,0,2026-02-01,1,413.49,0.7982432432432433,0.7982432432432433
retention_outreach_2025q4,ASG-988d5d5697f1706f,CUST003587,2025-11-01,control,no_action_control,AM0024,SMB,B2,24.312145,588.08,0.0,0.5,588.08,0,2026-02-01,1,588.08,1.0,1.0
retention_outreach_2025q4,ASG-989cf05b49f8eb5e,CUST003472,2025-11-01,control,no_action_control,AM0027,Mid-Market,B4,32.989289,1555.62,0.0,0.5,1297.43,0,2026-02-01,1,1297.43,0.8340275902855454,0.8340275902855454
retention_outreach_2025q4,ASG-98f3e11382cb7ee4,CUST000860,2025-11-01,control,no_action_control,AM0002,SMB,B2,24.262665,364.19,0.0,0.5,364.19,0,2026-02-01,1,364.19,1.0,1.0
retention_outreach_2025q4,ASG-99246aa89acd7161,CUST000242,2025-11-01,control,no_action_control,AM0002,SMB,B2,29.107648,938.12,0.0,0.5,938.12,0,2026-02-01,1,938.12,1.0,1.0
retention_outreach_2025q4,ASG-992bb0c3e1b37d10,CUST003012,2025-11-01,treatment,success_plan_outreach,AM0017,Enterprise,B4,43.611878,17291.74,2500.0,0.5,17291.74,0,2026-02-01,1,17291.74,1.0,1.0
retention_outreach_2025q4,ASG-994fa95b25cb77c8,CUST000518,2025-11-01,treatment,success_plan_outreach,AM0037,SMB,B2,24.570652,1554.46,350.0,0.5,1554.46,0,2026-02-01,1,1554.46,1.0,1.0
retention_outreach_2025q4,ASG-996218bdafb48d28,CUST001857,2025-11-01,control,no_action_control,AM0019,Mid-Market,B4,44.0387,4435.27,0.0,0.5,4435.27,0,2026-02-01,1,4435.27,1.0,1.0
retention_outreach_2025q4,ASG-999d4f2785e5fe6c,CUST003357,2025-11-01,control,no_action_control,AM0032,Mid-Market,B4,32.183779,1703.13,0.0,0.5,1703.13,0,2026-02-01,1,1703.13,1.0,1.0
retention_outreach_2025q4,ASG-99ad345274bac0ec,CUST002379,2025-11-01,treatment,success_plan_outreach,AM0014,Enterprise,B3,25.644214,9138.0,2500.0,0.5,7646.16,0,2026-02-01,1,7646.16,0.8367432698621142,0.8367432698621142
retention_outreach_2025q4,ASG-99b1794c1d3872cd,CUST000145,2025-11-01,treatment,success_plan_outreach,AM0038,Mid-Market,B3,31.91994,1829.5,900.0,0.5,1829.5,0,2026-02-01,1,1829.5,1.0,1.0
retention_outreach_2025q4,ASG-99bb228f4199d720,CUST003676,2025-11-01,control,no_action_control,AM0025,Mid-Market,B1,20.370908,4452.78,0.0,0.5,4452.78,0,2026-02-01,1,4452.78,1.0,1.0
retention_outreach_2025q4,ASG-99c9766f59fb7d68,CUST003948,2025-11-01,treatment,success_plan_outreach,AM0009,SMB,B1,20.881845,470.4,350.0,0.5,470.4,0,2026-02-01,1,470.4,1.0,1.0
retention_outreach_2025q4,ASG-99dc7a6f9ceed6f2,CUST003882,2025-11-01,control,no_action_control,AM0029,SMB,B1,19.942948,957.04,0.0,0.5,957.04,0,2026-02-01,1,957.04,1.0,1.0
retention_outreach_2025q4,ASG-99eb5c8ab3bbae91,CUST003354,2025-11-01,treatment,success_plan_outreach,AM0028,SMB,B3,31.829775,375.2,350.0,0.5,375.2,0,2026-02-01,1,375.2,1.0,1.0
retention_outreach_2025q4,ASG-99f7ea2dbd9d2a8b,CUST002454,2025-11-01,control,no_action_control,AM0004,Mid-Market,B1,18.583687,1273.0,0.0,0.5,1576.16,0,2026-02-01,1,1273.0,1.0,1.2381461115475256
retention_outreach_2025q4,ASG-9a071c442795f48e,CUST003308,2025-11-01,control,no_action_control,AM0010,SMB,B3,32.653668,890.4,0.0,0.5,890.4,0,2026-02-01,1,890.4,1.0,1.0
retention_outreach_2025q4,ASG-9a145621855969a0,CUST002968,2025-11-01,treatment,success_plan_outreach,AM0027,SMB,B1,23.712999,902.5,350.0,0.5,902.5,0,2026-02-01,1,902.5,1.0,1.0
retention_outreach_2025q4,ASG-9a23f8cb2ebc357f,CUST003537,2025-11-01,treatment,success_plan_outreach,AM0020,SMB,B1,19.600515,990.38,350.0,0.5,990.38,0,2026-02-01,1,990.38,1.0,1.0
retention_outreach_2025q4,ASG-9a441d2cff6ebc44,CUST003710,2025-11-01,treatment,success_plan_outreach,AM0034,SMB,B3,31.2275,950.0,350.0,0.5,950.0,0,2026-02-01,1,950.0,1.0,1.0
retention_outreach_2025q4,ASG-9a55b107cd8fa543,CUST002970,2025-11-01,control,no_action_control,AM0009,SMB,B2,26.566626,1447.65,0.0,0.5,1447.65,0,2026-02-01,1,1447.65,1.0,1.0
retention_outreach_2025q4,ASG-9b27f87df8935363,CUST000721,2025-11-01,control,no_action_control,AM0038,Mid-Market,B1,18.689048,3189.33,0.0,0.5,3189.33,0,2026-02-01,1,3189.33,1.0,1.0
retention_outreach_2025q4,ASG-9b329217da07a7ad,CUST002349,2025-11-01,treatment,success_plan_outreach,AM0030,SMB,B1,22.828596,1004.06,350.0,0.5,1004.06,0,2026-02-01,1,1004.06,1.0,1.0
retention_outreach_2025q4,ASG-9b3c79633142edb0,CUST004009,2025-11-01,control,no_action_control,AM0039,Enterprise,B3,27.446309,11285.49,0.0,0.5,11285.49,0,2026-02-01,1,11285.49,1.0,1.0
retention_outreach_2025q4,ASG-9b431c08116a3f74,CUST002224,2025-11-01,treatment,success_plan_outreach,AM0031,Enterprise,B1,17.486979,9301.41,2500.0,0.5,9301.41,0,2026-02-01,1,9301.41,1.0,1.0
retention_outreach_2025q4,ASG-9b6a192b44868a0c,CUST001285,2025-11-01,treatment,success_plan_outreach,AM0025,SMB,B2,25.039196,248.19,350.0,0.5,248.19,0,2026-02-01,1,248.19,1.0,1.0
retention_outreach_2025q4,ASG-9b9dbe113cf19fa3,CUST001097,2025-11-01,control,no_action_control,AM0006,SMB,B2,25.757881,333.09,0.0,0.5,333.09,0,2026-02-01,1,333.09,1.0,1.0
retention_outreach_2025q4,ASG-9ba5d3cee0ad510b,CUST002589,2025-11-01,control,no_action_control,AM0007,Mid-Market,B3,29.815685,2636.42,0.0,0.5,2636.42,0,2026-02-01,1,2636.42,1.0,1.0
retention_outreach_2025q4,ASG-9bdc4571b6764acd,CUST003567,2025-11-01,treatment,success_plan_outreach,AM0036,SMB,B2,29.324723,307.16,350.0,0.5,307.16,0,2026-02-01,1,307.16,1.0,1.0
retention_outreach_2025q4,ASG-9c1124e4751fdf4a,CUST000706,2025-11-01,treatment,success_plan_outreach,AM0002,SMB,B1,22.108722,728.29,350.0,0.5,728.29,0,2026-02-01,1,728.29,1.0,1.0
retention_outreach_2025q4,ASG-9c1a7224e8e7f409,CUST003834,2025-11-01,treatment,success_plan_outreach,AM0036,Mid-Market,B4,34.834347,2409.38,900.0,0.5,2409.38,0,2026-02-01,1,2409.38,1.0,1.0
retention_outreach_2025q4,ASG-9c493f7004adcf50,CUST002034,2025-11-01,control,no_action_control,AM0022,SMB,B3,31.342983,444.38,0.0,0.5,444.38,0,2026-02-01,1,444.38,1.0,1.0
retention_outreach_2025q4,ASG-9c739dad3658932c,CUST004128,2025-11-01,treatment,success_plan_outreach,AM0002,SMB,B2,24.484557,184.84,350.0,0.5,184.84,0,2026-02-01,1,184.84,1.0,1.0
retention_outreach_2025q4,ASG-9cd0de1271ec865c,CUST003042,2025-11-01,control,no_action_control,AM0018,SMB,B3,30.315704,926.25,0.0,0.5,926.25,0,2026-02-01,1,926.25,1.0,1.0
retention_outreach_2025q4,ASG-9cdb9f4326aad794,CUST003869,2025-11-01,control,no_action_control,AM0003,SMB,B3,31.177114,941.18,0.0,0.5,941.18,0,2026-02-01,1,941.18,1.0,1.0
retention_outreach_2025q4,ASG-9d0a38d74ff5c503,CUST002325,2025-11-01,treatment,success_plan_outreach,AM0012,Mid-Market,B2,25.161941,2556.67,900.0,0.5,1918.22,0,2026-02-01,1,1918.22,0.7502806384867816,0.7502806384867816
retention_outreach_2025q4,ASG-9d2cf1c0528c656e,CUST000153,2025-11-01,treatment,success_plan_outreach,AM0036,Enterprise,B3,30.754669,8411.54,2500.0,0.5,8411.54,0,2026-02-01,1,8411.54,1.0,1.0
retention_outreach_2025q4,ASG-9d4b38b41d7f869d,CUST002102,2025-11-01,control,no_action_control,AM0030,Enterprise,B4,48.485336,8001.78,0.0,0.5,8001.78,0,2026-02-01,1,8001.78,1.0,1.0
retention_outreach_2025q4,ASG-9d5b0c52e94ffaba,CUST003758,2025-11-01,treatment,success_plan_outreach,AM0038,SMB,B1,20.577667,250.0,350.0,0.5,250.0,0,2026-02-01,1,250.0,1.0,1.0
retention_outreach_2025q4,ASG-9d5b6697970f2a38,CUST002273,2025-11-01,control,no_action_control,AM0008,Mid-Market,B2,25.304808,1284.78,0.0,0.5,1284.78,0,2026-02-01,1,1284.78,1.0,1.0
retention_outreach_2025q4,ASG-9d6d4794a5431219,CUST000682,2025-11-01,treatment,success_plan_outreach,AM0003,Enterprise,B4,32.799954,3410.96,2500.0,0.5,3410.96,0,2026-02-01,1,3410.96,1.0,1.0
retention_outreach_2025q4,ASG-9d7549527aa4935b,CUST003491,2025-11-01,control,no_action_control,AM0012,SMB,B3,33.944269,420.0,0.0,0.5,420.0,0,2026-02-01,1,420.0,1.0,1.0
retention_outreach_2025q4,ASG-9dc751cdde7ce7a5,CUST000383,2025-11-01,control,no_action_control,AM0006,SMB,B3,32.37886,1094.62,0.0,0.5,1259.73,0,2026-02-01,1,1094.62,1.0,1.1508377336427256
retention_outreach_2025q4,ASG-9dd4a6477b29f902,CUST003975,2025-11-01,treatment,success_plan_outreach,AM0011,SMB,B4,35.336429,331.13,350.0,0.5,331.13,0,2026-02-01,1,331.13,1.0,1.0
retention_outreach_2025q4,ASG-9de3571156d87a71,CUST000700,2025-11-01,treatment,success_plan_outreach,AM0002,Mid-Market,B2,24.6322,2636.83,900.0,0.5,2636.83,0,2026-02-01,1,2636.83,1.0,1.0
retention_outreach_2025q4,ASG-9e1958eaab843603,CUST001741,2025-11-01,control,no_action_control,AM0028,SMB,B2,26.4031,1141.77,0.0,0.5,1141.77,0,2026-02-01,1,1141.77,1.0,1.0
retention_outreach_2025q4,ASG-9e21a2a63111b721,CUST003803,2025-11-01,treatment,success_plan_outreach,AM0032,Mid-Market,B4,52.686008,1204.18,900.0,0.5,0.0,0,2026-02-01,0,0.0,0.0,0.0
retention_outreach_2025q4,ASG-9e2514b77aa3f909,CUST001572,2025-11-01,treatment,success_plan_outreach,AM0024,Mid-Market,B1,19.353305,3329.39,900.0,0.5,3329.39,0,2026-02-01,1,3329.39,1.0,1.0
retention_outreach_2025q4,ASG-9e54b15677914c58,CUST000179,2025-11-01,control,no_action_control,AM0001,SMB,B4,35.666675,902.5,0.0,0.5,902.5,0,2026-02-01,1,902.5,1.0,1.0
retention_outreach_2025q4,ASG-9e9bf5efd6758298,CUST003972,2025-11-01,control,no_action_control,AM0025,SMB,B4,46.855737,503.22,0.0,0.5,0.0,1,2026-02-01,0,0.0,0.0,0.0
retention_outreach_2025q4,ASG-9ea40454e5c22694,CUST000459,2025-11-01,control,no_action_control,AM0012,SMB,B3,33.837272,315.67,0.0,0.5,315.67,0,2026-02-01,1,315.67,1.0,1.0
retention_outreach_2025q4,ASG-9ebbfacd731eb164,CUST002280,2025-11-01,control,no_action_control,AM0017,Mid-Market,B3,30.292072,2778.54,0.0,0.5,3205.22,0,2026-02-01,1,2778.54,1.0,1.1535626624054358
retention_outreach_2025q4,ASG-9ebdaff77f37f7f2,CUST002083,2025-11-01,control,no_action_control,AM0012,SMB,B3,33.375213,890.12,0.0,0.5,890.12,0,2026-02-01,1,890.12,1.0,1.0
retention_outreach_2025q4,ASG-9f12935f15594aa8,CUST000632,2025-11-01,control,no_action_control,AM0007,Enterprise,B4,62.12416,8232.75,0.0,0.5,8232.75,0,2026-02-01,1,8232.75,1.0,1.0
retention_outreach_2025q4,ASG-9f1deca69eaad1cc,CUST001430,2025-11-01,treatment,success_plan_outreach,AM0010,SMB,B4,51.568956,322.99,350.0,0.5,322.99,1,2026-02-01,1,322.99,1.0,1.0
retention_outreach_2025q4,ASG-9f40bddff106d49a,CUST002481,2025-11-01,control,no_action_control,AM0040,Mid-Market,B2,24.561793,2565.52,0.0,0.5,2703.13,0,2026-02-01,1,2565.52,1.0,1.0536382487760767
retention_outreach_2025q4,ASG-9f50cb686c47a958,CUST003713,2025-11-01,control,no_action_control,AM0028,SMB,B2,29.621313,190.37,0.0,0.5,190.37,0,2026-02-01,1,190.37,1.0,1.0
retention_outreach_2025q4,ASG-9fb4969db2850cce,CUST004195,2025-11-01,control,no_action_control,AM0001,SMB,B2,27.648536,292.5,0.0,0.5,292.5,0,2026-02-01,1,292.5,1.0,1.0
retention_outreach_2025q4,ASG-9fce52ef362750ad,CUST000838,2025-11-01,treatment,success_plan_outreach,AM0033,SMB,B1,23.308808,377.5,350.0,0.5,377.5,0,2026-02-01,1,377.5,1.0,1.0
retention_outreach_2025q4,ASG-9fd47d196a7a5b2e,CUST003978,2025-11-01,control,no_action_control,AM0018,SMB,B1,21.043441,565.6,0.0,0.5,565.6,0,2026-02-01,1,565.6,1.0,1.0
retention_outreach_2025q4,ASG-a00cd17efff5683e,CUST003654,2025-11-01,control,no_action_control,AM0015,SMB,B3,30.465779,889.07,0.0,0.5,889.07,0,2026-02-01,1,889.07,1.0,1.0
retention_outreach_2025q4,ASG-a0262eb38777c788,CUST003940,2025-11-01,treatment,success_plan_outreach,AM0008,SMB,B3,30.836582,280.0,350.0,0.5,223.73,0,2026-02-01,1,223.73,0.7990357142857143,0.7990357142857143
retention_outreach_2025q4,ASG-a03eb6574acafd91,CUST003018,2025-11-01,treatment,success_plan_outreach,AM0036,Enterprise,B3,30.73887,6672.0,2500.0,0.5,6672.0,0,2026-02-01,1,6672.0,1.0,1.0
retention_outreach_2025q4,ASG-a04463f4ef435f9d,CUST002483,2025-11-01,treatment,success_plan_outreach,AM0033,SMB,B1,20.393016,575.2,350.0,0.5,575.2,0,2026-02-01,1,575.2,1.0,1.0
retention_outreach_2025q4,ASG-a0492330e7d175eb,CUST000127,2025-11-01,treatment,success_plan_outreach,AM0034,Mid-Market,B2,28.613407,914.38,900.0,0.5,914.38,0,2026-02-01,1,914.38,1.0,1.0
retention_outreach_2025q4,ASG-a05c64bef48e0060,CUST000878,2025-11-01,treatment,success_plan_outreach,AM0015,SMB,B3,32.299763,676.09,350.0,0.5,676.09,1,2026-02-01,1,676.09,1.0,1.0
retention_outreach_2025q4,ASG-a0629f3eea935882,CUST003178,2025-11-01,treatment,success_plan_outreach,AM0034,Mid-Market,B2,24.249629,1191.05,900.0,0.5,1191.05,0,2026-02-01,1,1191.05,1.0,1.0
retention_outreach_2025q4,ASG-a07c6561cf096c3c,CUST003860,2025-11-01,control,no_action_control,AM0031,Mid-Market,B3,29.340867,2913.83,0.0,0.5,2913.83,0,2026-02-01,1,2913.83,1.0,1.0
retention_outreach_2025q4,ASG-a09ef29538674d3c,CUST003847,2025-11-01,treatment,success_plan_outreach,AM0019,SMB,B1,21.493662,994.0,350.0,0.5,994.0,0,2026-02-01,1,994.0,1.0,1.0
retention_outreach_2025q4,ASG-a0b8f3e03a3cf216,CUST003188,2025-11-01,control,no_action_control,AM0024,SMB,B4,35.455352,335.0,0.0,0.5,335.0,0,2026-02-01,1,335.0,1.0,1.0
retention_outreach_2025q4,ASG-a0de485d2345f1df,CUST001852,2025-11-01,treatment,success_plan_outreach,AM0035,SMB,B3,34.151216,262.05,350.0,0.5,262.05,0,2026-02-01,1,262.05,1.0,1.0
retention_outreach_2025q4,ASG-a11efbcd50c20537,CUST002055,2025-11-01,treatment,success_plan_outreach,AM0034,Mid-Market,B2,27.841258,2380.98,900.0,0.5,2380.98,0,2026-02-01,1,2380.98,1.0,1.0
retention_outreach_2025q4,ASG-a12326e64e5ccdaf,CUST001147,2025-11-01,treatment,success_plan_outreach,AM0021,Mid-Market,B4,49.17446,2203.12,900.0,0.5,2203.12,0,2026-02-01,1,2203.12,1.0,1.0
retention_outreach_2025q4,ASG-a154d3519984f2b8,CUST001762,2025-11-01,treatment,success_plan_outreach,AM0022,Mid-Market,B1,18.84501,3192.96,900.0,0.5,3192.96,0,2026-02-01,1,3192.96,1.0,1.0
retention_outreach_2025q4,ASG-a16f7139d2161a35,CUST004238,2025-11-01,control,no_action_control,AM0037,SMB,B1,19.171318,660.8,0.0,0.5,660.8,0,2026-02-01,1,660.8,1.0,1.0
retention_outreach_2025q4,ASG-a1764629f8486724,CUST001101,2025-11-01,treatment,success_plan_outreach,AM0010,Enterprise,B2,22.635524,7453.44,2500.0,0.5,7453.44,0,2026-02-01,1,7453.44,1.0,1.0
retention_outreach_2025q4,ASG-a181654fc36edea1,CUST004383,2025-11-01,control,no_action_control,AM0030,Mid-Market,B1,18.14449,2377.5,0.0,0.5,2377.5,0,2026-02-01,1,2377.5,1.0,1.0
retention_outreach_2025q4,ASG-a1ff01743c29f9dd,CUST002431,2025-11-01,treatment,success_plan_outreach,AM0040,SMB,B4,38.643706,819.62,350.0,0.5,819.62,0,2026-02-01,1,819.62,1.0,1.0
retention_outreach_2025q4,ASG-a20272f25e9d7c27,CUST003568,2025-11-01,treatment,success_plan_outreach,AM0017,Enterprise,B3,27.08084,8272.33,2500.0,0.5,8272.33,0,2026-02-01,1,8272.33,1.0,1.0
retention_outreach_2025q4,ASG-a24ff94694029a1e,CUST001575,2025-11-01,treatment,success_plan_outreach,AM0040,SMB,B3,30.287818,788.5,350.0,0.5,788.5,0,2026-02-01,1,788.5,1.0,1.0
retention_outreach_2025q4,ASG-a266da5377da58fd,CUST003013,2025-11-01,treatment,success_plan_outreach,AM0001,SMB,B3,33.433636,241.79,350.0,0.5,202.24,0,2026-02-01,1,202.24,0.8364283055544068,0.8364283055544068
retention_outreach_2025q4,ASG-a2ef439b18ca23db,CUST001509,2025-11-01,control,no_action_control,AM0016,Mid-Market,B2,25.834466,1036.52,0.0,0.5,1036.52,0,2026-02-01,1,1036.52,1.0,1.0
retention_outreach_2025q4,ASG-a33f58df58f45f40,CUST002804,2025-11-01,treatment,success_plan_outreach,AM0031,Enterprise,B3,30.114911,8742.26,2500.0,0.5,8742.26,0,2026-02-01,1,8742.26,1.0,1.0
retention_outreach_2025q4,ASG-a34be1c775802d96,CUST002032,2025-11-01,control,no_action_control,AM0033,Enterprise,B2,19.822526,5016.63,0.0,0.5,6121.64,0,2026-02-01,1,5016.63,1.0,1.2202693840287204
retention_outreach_2025q4,ASG-a36dcf836d29d187,CUST000601,2025-11-01,control,no_action_control,AM0028,Mid-Market,B3,30.409454,2760.0,0.0,0.5,2760.0,0,2026-02-01,1,2760.0,1.0,1.0
retention_outreach_2025q4,ASG-a390a087b899d06a,CUST001831,2025-11-01,treatment,success_plan_outreach,AM0026,Mid-Market,B3,30.147633,2281.88,900.0,0.5,2281.88,0,2026-02-01,1,2281.88,1.0,1.0
retention_outreach_2025q4,ASG-a3cebe18657bc3a5,CUST000996,2025-11-01,treatment,success_plan_outreach,AM0007,Enterprise,B2,22.220594,8577.97,2500.0,0.5,8577.97,0,2026-02-01,1,8577.97,1.0,1.0
retention_outreach_2025q4,ASG-a403f16a865aa1c9,CUST000514,2025-11-01,control,no_action_control,AM0026,SMB,B1,21.733059,351.55,0.0,0.5,351.55,0,2026-02-01,1,351.55,1.0,1.0
retention_outreach_2025q4,ASG-a40f1bbea63219bd,CUST001020,2025-11-01,treatment,success_plan_outreach,AM0002,Enterprise,B4,38.386603,8867.56,2500.0,0.5,8867.56,0,2026-02-01,1,8867.56,1.0,1.0
retention_outreach_2025q4,ASG-a47eeb28e224f9e3,CUST000983,2025-11-01,control,no_action_control,AM0013,SMB,B4,49.556449,1192.25,0.0,0.5,1192.25,0,2026-02-01,1,1192.25,1.0,1.0
retention_outreach_2025q4,ASG-a4cc5f6e02ab448d,CUST002879,2025-11-01,control,no_action_control,AM0023,SMB,B4,38.100662,292.5,0.0,0.5,292.5,0,2026-02-01,1,292.5,1.0,1.0
retention_outreach_2025q4,ASG-a4ddc078f2204f52,CUST003437,2025-11-01,treatment,success_plan_outreach,AM0024,SMB,B4,42.451857,655.07,350.0,0.5,556.86,0,2026-02-01,1,556.86,0.8500770909979086,0.8500770909979086
retention_outreach_2025q4,ASG-a4e35a8481ed8c73,CUST001155,2025-11-01,control,no_action_control,AM0018,Mid-Market,B2,24.510427,1754.02,0.0,0.5,1754.02,0,2026-02-01,1,1754.02,1.0,1.0
retention_outreach_2025q4,ASG-a4f6e26cbe278ba1,CUST002853,2025-11-01,treatment,success_plan_outreach,AM0023,Mid-Market,B2,28.475838,1120.69,900.0,0.5,1120.69,0,2026-02-01,1,1120.69,1.0,1.0
retention_outreach_2025q4,ASG-a51653c53ca31cac,CUST000579,2025-11-01,control,no_action_control,AM0004,SMB,B1,22.117156,422.8,0.0,0.5,422.8,0,2026-02-01,1,422.8,1.0,1.0
retention_outreach_2025q4,ASG-a51e292f807dc970,CUST001848,2025-11-01,control,no_action_control,AM0020,Mid-Market,B2,27.279841,3277.94,0.0,0.5,3277.94,0,2026-02-01,1,3277.94,1.0,1.0
retention_outreach_2025q4,ASG-a5217089d7fc55a4,CUST000665,2025-11-01,treatment,success_plan_outreach,AM0037,SMB,B3,34.251941,292.5,350.0,0.5,292.5,0,2026-02-01,1,292.5,1.0,1.0
retention_outreach_2025q4,ASG-a54b3cfd18147fd7,CUST004377,2025-11-01,treatment,success_plan_outreach,AM0002,SMB,B2,25.755507,320.1,350.0,0.5,320.1,0,2026-02-01,1,320.1,1.0,1.0
retention_outreach_2025q4,ASG-a5744882471a36f5,CUST004249,2025-11-01,control,no_action_control,AM0012,SMB,B4,75.997372,1202.73,0.0,0.5,1202.73,0,2026-02-01,1,1202.73,1.0,1.0
retention_outreach_2025q4,ASG-a58032d9214ff331,CUST003496,2025-11-01,treatment,success_plan_outreach,AM0020,Enterprise,B3,30.552063,7216.0,2500.0,0.5,7216.0,0,2026-02-01,1,7216.0,1.0,1.0
retention_outreach_2025q4,ASG-a58c4d2b56d922ce,CUST003572,2025-11-01,control,no_action_control,AM0023,Enterprise,B2,21.412824,4565.22,0.0,0.5,4565.22,0,2026-02-01,1,4565.22,1.0,1.0
retention_outreach_2025q4,ASG-a5a3f18918b72151,CUST003878,2025-11-01,treatment,success_plan_outreach,AM0007,SMB,B3,33.376384,1142.44,350.0,0.5,1142.44,0,2026-02-01,1,1142.44,1.0,1.0
retention_outreach_2025q4,ASG-a5f751c423afbce5,CUST003284,2025-11-01,treatment,success_plan_outreach,AM0033,Mid-Market,B3,31.770681,1554.31,900.0,0.5,1187.2,0,2026-02-01,1,1187.2,0.7638115948555951,0.7638115948555951
retention_outreach_2025q4,ASG-a5fa37c007e5af44,CUST000642,2025-11-01,control,no_action_control,AM0006,Mid-Market,B4,53.327568,4470.73,0.0,0.5,4470.73,1,2026-02-01,1,4470.73,1.0,1.0
retention_outreach_2025q4,ASG-a6204810dad94f44,CUST003502,2025-11-01,control,no_action_control,AM0013,SMB,B1,18.933722,518.0,0.0,0.5,518.0,0,2026-02-01,1,518.0,1.0,1.0
retention_outreach_2025q4,ASG-a645f55d171ae09f,CUST003391,2025-11-01,control,no_action_control,AM0014,Mid-Market,B4,63.063186,3438.51,0.0,0.5,3438.51,0,2026-02-01,1,3438.51,1.0,1.0
retention_outreach_2025q4,ASG-a6655ab578d86ef9,CUST000586,2025-11-01,treatment,success_plan_outreach,AM0029,SMB,B4,34.966728,1030.75,350.0,0.5,1030.75,0,2026-02-01,1,1030.75,1.0,1.0
retention_outreach_2025q4,ASG-a6ce573524bd1778,CUST002060,2025-11-01,treatment,success_plan_outreach,AM0029,SMB,B4,64.224932,425.67,350.0,0.5,375.2,0,2026-02-01,1,375.2,0.8814339746752178,0.8814339746752178
retention_outreach_2025q4,ASG-a6da6846ec296ebc,CUST003086,2025-11-01,control,no_action_control,AM0035,SMB,B1,22.909775,1078.9,0.0,0.5,1078.9,0,2026-02-01,1,1078.9,1.0,1.0
retention_outreach_2025q4,ASG-a6e7d4e6fe1c0604,CUST002111,2025-11-01,treatment,success_plan_outreach,AM0039,Mid-Market,B1,21.532407,3518.27,900.0,0.5,0.0,1,2026-02-01,0,0.0,0.0,0.0
retention_outreach_2025q4,ASG-a6f09c159abd7659,CUST002578,2025-11-01,control,no_action_control,AM0022,SMB,B1,20.325853,819.62,0.0,0.5,819.62,0,2026-02-01,1,819.62,1.0,1.0
retention_outreach_2025q4,ASG-a6f0c165453e387d,CUST002512,2025-11-01,treatment,success_plan_outreach,AM0010,Mid-Market,B4,59.28081,4701.95,900.0,0.5,0.0,1,2026-02-01,0,0.0,0.0,0.0
retention_outreach_2025q4,ASG-a6f6170ac16705b4,CUST003671,2025-11-01,treatment,success_plan_outreach,AM0022,Mid-Market,B3,30.250227,2524.17,900.0,0.5,2912.82,0,2026-02-01,1,2524.17,1.0,1.1539714044616647
retention_outreach_2025q4,ASG-a7411bddcff44a1f,CUST004336,2025-11-01,treatment,success_plan_outreach,AM0039,Mid-Market,B1,22.47423,1030.59,900.0,0.5,1030.59,0,2026-02-01,1,1030.59,1.0,1.0
retention_outreach_2025q4,ASG-a777cb75a7599145,CUST001441,2025-11-01,control,no_action_control,AM0008,SMB,B3,32.605867,280.0,0.0,0.5,280.0,0,2026-02-01,1,280.0,1.0,1.0
retention_outreach_2025q4,ASG-a77c459bf0aa916e,CUST002187,2025-11-01,control,no_action_control,AM0040,SMB,B2,27.912868,950.0,0.0,0.5,950.0,0,2026-02-01,1,950.0,1.0,1.0
retention_outreach_2025q4,ASG-a7933844594787a8,CUST001360,2025-11-01,treatment,success_plan_outreach,AM0029,Enterprise,B3,29.93207,10216.29,2500.0,0.5,10216.29,0,2026-02-01,1,10216.29,1.0,1.0
retention_outreach_2025q4,ASG-a7ba7ceeb66c04fb,CUST002614,2025-11-01,treatment,success_plan_outreach,AM0024,Mid-Market,B1,19.052144,1151.88,900.0,0.5,1151.88,0,2026-02-01,1,1151.88,1.0,1.0
retention_outreach_2025q4,ASG-a7c4cbbfe6eb147b,CUST003268,2025-11-01,treatment,success_plan_outreach,AM0038,SMB,B4,34.473452,802.5,350.0,0.5,802.5,0,2026-02-01,1,802.5,1.0,1.0
retention_outreach_2025q4,ASG-a7d4ebc057ae9b9c,CUST000272,2025-11-01,treatment,success_plan_outreach,AM0025,Mid-Market,B1,19.125,1300.56,900.0,0.5,1300.56,0,2026-02-01,1,1300.56,1.0,1.0
retention_outreach_2025q4,ASG-a7dafe2c516f5fd5,CUST003331,2025-11-01,control,no_action_control,AM0010,Enterprise,B1,18.108219,4800.0,0.0,0.5,4800.0,0,2026-02-01,1,4800.0,1.0,1.0
retention_outreach_2025q4,ASG-a7e08c49091ad610,CUST003909,2025-11-01,control,no_action_control,AM0010,Mid-Market,B4,43.205746,2806.82,0.0,0.5,2806.82,0,2026-02-01,1,2806.82,1.0,1.0
retention_outreach_2025q4,ASG-a7f581189f781214,CUST003759,2025-11-01,treatment,success_plan_outreach,AM0018,SMB,B1,19.180642,477.69,350.0,0.5,477.69,0,2026-02-01,1,477.69,1.0,1.0
retention_outreach_2025q4,ASG-a8137ed5848dad82,CUST001659,2025-11-01,control,no_action_control,AM0026,Mid-Market,B3,29.939758,2823.75,0.0,0.5,2823.75,0,2026-02-01,1,2823.75,1.0,1.0
retention_outreach_2025q4,ASG-a82e8a97b63997a5,CUST000003,2025-11-01,control,no_action_control,AM0029,SMB,B3,33.962015,755.85,0.0,0.5,755.85,0,2026-02-01,1,755.85,1.0,1.0
retention_outreach_2025q4,ASG-a850f0add3220d46,CUST003858,2025-11-01,treatment,success_plan_outreach,AM0031,SMB,B2,26.868008,660.8,350.0,0.5,660.8,0,2026-02-01,1,660.8,1.0,1.0
retention_outreach_2025q4,ASG-a85d85afc5e1699b,CUST003652,2025-11-01,control,no_action_control,AM0021,SMB,B3,32.286109,335.0,0.0,0.5,335.0,0,2026-02-01,1,335.0,1.0,1.0
retention_outreach_2025q4,ASG-a8baa80425bc056b,CUST002216,2025-11-01,control,no_action_control,AM0005,SMB,B2,28.759302,1251.9,0.0,0.5,1251.9,0,2026-02-01,1,1251.9,1.0,1.0
retention_outreach_2025q4,ASG-a8baf9b95032a8bd,CUST001331,2025-11-01,control,no_action_control,AM0040,Mid-Market,B4,42.750713,2589.15,0.0,0.5,2589.15,0,2026-02-01,1,2589.15,1.0,1.0
retention_outreach_2025q4,ASG-a902a11971755625,CUST002487,2025-11-01,treatment,success_plan_outreach,AM0033,Mid-Market,B4,33.926001,1156.11,900.0,0.5,1156.11,0,2026-02-01,1,1156.11,1.0,1.0
retention_outreach_2025q4,ASG-a9168281196ad6c1,CUST003829,2025-11-01,treatment,success_plan_outreach,AM0028,Mid-Market,B1,19.022946,1463.45,900.0,0.5,0.0,1,2026-02-01,0,0.0,0.0,0.0
retention_outreach_2025q4,ASG-a92e70751c34e5dd,CUST002282,2025-11-01,control,no_action_control,AM0028,SMB,B3,32.51818,327.6,0.0,0.5,327.6,0,2026-02-01,1,327.6,1.0,1.0
retention_outreach_2025q4,ASG-a93f516677b55800,CUST002684,2025-11-01,control,no_action_control,AM0020,SMB,B3,33.896977,1002.22,0.0,0.5,1183.14,0,2026-02-01,1,1002.22,1.0,1.1805192472710584
retention_outreach_2025q4,ASG-a97e588034ff70aa,CUST001992,2025-11-01,control,no_action_control,AM0002,Mid-Market,B2,26.695886,5229.75,0.0,0.5,5229.75,0,2026-02-01,1,5229.75,1.0,1.0
retention_outreach_2025q4,ASG-a985c9f06673f02f,CUST001173,2025-11-01,treatment,success_plan_outreach,AM0037,Mid-Market,B1,18.91301,1434.5,900.0,0.5,1434.5,0,2026-02-01,1,1434.5,1.0,1.0
retention_outreach_2025q4,ASG-a9d2d251ce50d7e9,CUST002071,2025-11-01,control,no_action_control,AM0009,SMB,B1,19.192358,845.1,0.0,0.5,845.1,0,2026-02-01,1,845.1,1.0,1.0
retention_outreach_2025q4,ASG-a9d4411068dd896a,CUST002084,2025-11-01,control,no_action_control,AM0029,SMB,B4,34.44344,887.5,0.0,0.5,887.5,0,2026-02-01,1,887.5,1.0,1.0
retention_outreach_2025q4,ASG-aa19915ab9e939eb,CUST000886,2025-11-01,treatment,success_plan_outreach,AM0035,Enterprise,B4,45.561644,4547.21,2500.0,0.5,5549.8,0,2026-02-01,1,4547.21,1.0,1.2204846488286225
retention_outreach_2025q4,ASG-aa1ba6bea30cf75e,CUST001245,2025-11-01,treatment,success_plan_outreach,AM0036,Enterprise,B2,20.931812,14805.3,2500.0,0.5,14805.3,0,2026-02-01,1,14805.3,1.0,1.0
retention_outreach_2025q4,ASG-aae78625d0f3a590,CUST001912,2025-11-01,control,no_action_control,AM0029,Mid-Market,B1,23.030964,2188.0,0.0,0.5,2188.0,0,2026-02-01,1,2188.0,1.0,1.0
retention_outreach_2025q4,ASG-aaf0bd4969827f1f,CUST000477,2025-11-01,treatment,success_plan_outreach,AM0026,SMB,B1,19.165125,659.1,350.0,0.5,659.1,0,2026-02-01,1,659.1,1.0,1.0
retention_outreach_2025q4,ASG-ab0175274f1aa79d,CUST003165,2025-11-01,control,no_action_control,AM0006,SMB,B3,33.211345,651.11,0.0,0.5,651.11,0,2026-02-01,1,651.11,1.0,1.0
retention_outreach_2025q4,ASG-ab1465a70721cd19,CUST002935,2025-11-01,treatment,success_plan_outreach,AM0008,Enterprise,B1,18.300412,3529.58,2500.0,0.5,3529.58,0,2026-02-01,1,3529.58,1.0,1.0
retention_outreach_2025q4,ASG-ab3e66accc7f05eb,CUST001446,2025-11-01,control,no_action_control,AM0030,Enterprise,B4,48.899148,8612.16,0.0,0.5,8612.16,0,2026-02-01,1,8612.16,1.0,1.0
retention_outreach_2025q4,ASG-ab6f61cee19cdf96,CUST002518,2025-11-01,control,no_action_control,AM0016,Enterprise,B3,26.741667,2968.33,0.0,0.5,2968.33,0,2026-02-01,1,2968.33,1.0,1.0
retention_outreach_2025q4,ASG-ab76b0706ab61055,CUST001207,2025-11-01,control,no_action_control,AM0020,Mid-Market,B2,28.038841,2854.01,0.0,0.5,2854.01,0,2026-02-01,1,2854.01,1.0,1.0
retention_outreach_2025q4,ASG-abb82ac4a276767b,CUST001451,2025-11-01,control,no_action_control,AM0013,SMB,B3,34.155594,309.24,0.0,0.5,309.24,0,2026-02-01,1,309.24,1.0,1.0
retention_outreach_2025q4,ASG-abe917acb5f6ecb1,CUST000803,2025-11-01,treatment,success_plan_outreach,AM0010,Mid-Market,B3,32.023499,915.88,900.0,0.5,915.88,0,2026-02-01,1,915.88,1.0,1.0
retention_outreach_2025q4,ASG-ac0e0e45b868812c,CUST001272,2025-11-01,control,no_action_control,AM0008,SMB,B2,28.056432,1200.17,0.0,0.5,1200.17,0,2026-02-01,1,1200.17,1.0,1.0
retention_outreach_2025q4,ASG-ac2fb7b9ad1621ed,CUST001108,2025-11-01,control,no_action_control,AM0018,SMB,B3,34.166856,280.0,0.0,0.5,280.0,0,2026-02-01,1,280.0,1.0,1.0
retention_outreach_2025q4,ASG-ac60b08ef6b38618,CUST003093,2025-11-01,control,no_action_control,AM0039,Mid-Market,B1,19.277934,2589.11,0.0,0.5,2589.11,0,2026-02-01,1,2589.11,1.0,1.0
retention_outreach_2025q4,ASG-acb200fb6859eeb2,CUST001169,2025-11-01,treatment,success_plan_outreach,AM0004,Mid-Market,B4,33.582434,2855.62,900.0,0.5,2855.62,0,2026-02-01,1,2855.62,1.0,1.0
retention_outreach_2025q4,ASG-acc833fcef3e9dec,CUST000427,2025-11-01,treatment,success_plan_outreach,AM0028,SMB,B2,26.520199,422.8,350.0,0.5,422.8,0,2026-02-01,1,422.8,1.0,1.0
retention_outreach_2025q4,ASG-acd9452c67bde2ff,CUST002402,2025-11-01,treatment,success_plan_outreach,AM0024,SMB,B4,34.860882,990.38,350.0,0.5,990.38,0,2026-02-01,1,990.38,1.0,1.0
retention_outreach_2025q4,ASG-acdb66e5694a8964,CUST000770,2025-11-01,control,no_action_control,AM0037,SMB,B2,25.391275,868.21,0.0,0.5,868.21,0,2026-02-01,1,868.21,1.0,1.0
retention_outreach_2025q4,ASG-acfc8399d8b58be0,CUST001249,2025-11-01,control,no_action_control,AM0038,SMB,B3,30.899241,292.5,0.0,0.5,292.5,0,2026-02-01,1,292.5,1.0,1.0
retention_outreach_2025q4,ASG-ad42ec8d8ce7e27d,CUST001306,2025-11-01,treatment,success_plan_outreach,AM0015,Mid-Market,B2,25.688463,3391.78,900.0,0.5,3391.78,0,2026-02-01,1,3391.78,1.0,1.0
retention_outreach_2025q4,ASG-ad53daeb210dee72,CUST002828,2025-11-01,treatment,success_plan_outreach,AM0007,SMB,B3,31.604643,914.38,350.0,0.5,914.38,0,2026-02-01,1,914.38,1.0,1.0
retention_outreach_2025q4,ASG-ad65c6170c13e8cb,CUST003992,2025-11-01,treatment,success_plan_outreach,AM0021,Enterprise,B4,32.993196,9480.02,2500.0,0.5,9480.02,0,2026-02-01,1,9480.02,1.0,1.0
retention_outreach_2025q4,ASG-adb0c6c8e8b956d3,CUST001089,2025-11-01,control,no_action_control,AM0024,Enterprise,B4,36.229791,16212.9,0.0,0.5,16212.9,0,2026-02-01,1,16212.9,1.0,1.0
retention_outreach_2025q4,ASG-adb6097b7c5a4eb2,CUST002975,2025-11-01,treatment,success_plan_outreach,AM0033,SMB,B4,39.95751,394.75,350.0,0.5,394.75,0,2026-02-01,1,394.75,1.0,1.0
retention_outreach_2025q4,ASG-adc78de6e6ac7635,CUST003779,2025-11-01,control,no_action_control,AM0035,SMB,B3,33.326771,565.6,0.0,0.5,700.69,0,2026-02-01,1,565.6,1.0,1.2388437057991515
retention_outreach_2025q4,ASG-add6cc135d42d0b1,CUST002181,2025-11-01,treatment,success_plan_outreach,AM0007,Enterprise,B2,24.852311,9931.84,2500.0,0.5,9931.84,0,2026-02-01,1,9931.84,1.0,1.0
retention_outreach_2025q4,ASG-ae0eb7339199155c,CUST004191,2025-11-01,control,no_action_control,AM0004,SMB,B2,26.075178,827.24,0.0,0.5,827.24,0,2026-02-01,1,827.24,1.0,1.0
retention_outreach_2025q4,ASG-ae499655454f8f4c,CUST001151,2025-11-01,control,no_action_control,AM0030,SMB,B1,20.220979,660.8,0.0,0.5,0.0,1,2026-02-01,0,0.0,0.0,0.0
retention_outreach_2025q4,ASG-ae4bdc1ad7044157,CUST001330,2025-11-01,treatment,success_plan_outreach,AM0036,SMB,B4,34.550851,924.57,350.0,0.5,924.57,0,2026-02-01,1,924.57,1.0,1.0
retention_outreach_2025q4,ASG-ae574b92348dda98,CUST000175,2025-11-01,treatment,success_plan_outreach,AM0015,Mid-Market,B4,35.595753,3067.52,900.0,0.5,3067.52,0,2026-02-01,1,3067.52,1.0,1.0
retention_outreach_2025q4,ASG-ae79f356e61fecbe,CUST002008,2025-11-01,treatment,success_plan_outreach,AM0034,SMB,B3,31.969389,377.5,350.0,0.5,377.5,0,2026-02-01,1,377.5,1.0,1.0
retention_outreach_2025q4,ASG-ae886837cec8559d,CUST001939,2025-11-01,control,no_action_control,AM0032,SMB,B1,19.418827,350.9,0.0,0.5,350.9,0,2026-02-01,1,350.9,1.0,1.0
retention_outreach_2025q4,ASG-aea9fe2518cdbb4a,CUST000623,2025-11-01,control,no_action_control,AM0015,SMB,B2,24.627331,660.8,0.0,0.5,660.8,0,2026-02-01,1,660.8,1.0,1.0
retention_outreach_2025q4,ASG-aeb8317cb7704d3d,CUST002641,2025-11-01,control,no_action_control,AM0014,Mid-Market,B4,45.835215,1071.12,0.0,0.5,1071.12,0,2026-02-01,1,1071.12,1.0,1.0
retention_outreach_2025q4,ASG-aeb87429bc95ab11,CUST001555,2025-11-01,control,no_action_control,AM0024,SMB,B2,30.136333,926.25,0.0,0.5,926.25,0,2026-02-01,1,926.25,1.0,1.0
retention_outreach_2025q4,ASG-aee61aea5786e24f,CUST004137,2025-11-01,treatment,success_plan_outreach,AM0025,Mid-Market,B2,25.391871,3370.2,900.0,0.5,4044.91,0,2026-02-01,1,3370.2,1.0,1.2001988012580855
retention_outreach_2025q4,ASG-aefcd45332b7540f,CUST002713,2025-11-01,control,no_action_control,AM0032,Mid-Market,B3,28.889507,3670.15,0.0,0.5,3670.15,0,2026-02-01,1,3670.15,1.0,1.0
retention_outreach_2025q4,ASG-af2b81257917bb7b,CUST000916,2025-11-01,treatment,success_plan_outreach,AM0038,Enterprise,B4,31.646276,4766.86,2500.0,0.5,4766.86,0,2026-02-01,1,4766.86,1.0,1.0
retention_outreach_2025q4,ASG-af412d07363c0f8e,CUST000413,2025-11-01,control,no_action_control,AM0040,SMB,B1,20.21026,315.57,0.0,0.5,357.18,0,2026-02-01,1,315.57,1.0,1.1318566403650538
retention_outreach_2025q4,ASG-af4770f8ce2514ee,CUST000471,2025-11-01,treatment,success_plan_outreach,AM0013,SMB,B3,32.874292,531.28,350.0,0.5,531.28,0,2026-02-01,1,531.28,1.0,1.0
retention_outreach_2025q4,ASG-af56d8ed8da18d4f,CUST003361,2025-11-01,treatment,success_plan_outreach,AM0033,SMB,B2,24.920661,531.8,350.0,0.5,531.8,0,2026-02-01,1,531.8,1.0,1.0
retention_outreach_2025q4,ASG-af5823bb70c6a550,CUST002484,2025-11-01,treatment,success_plan_outreach,AM0028,Mid-Market,B4,32.486328,1192.25,900.0,0.5,1192.25,0,2026-02-01,1,1192.25,1.0,1.0
retention_outreach_2025q4,ASG-af6f8796a163dbea,CUST001825,2025-11-01,treatment,success_plan_outreach,AM0017,Enterprise,B1,17.916859,10387.64,2500.0,0.5,12797.94,0,2026-02-01,1,10387.64,1.0,1.2320353805099138
retention_outreach_2025q4,ASG-af99d76c8cf87795,CUST002572,2025-11-01,treatment,success_plan_outreach,AM0039,SMB,B1,23.496261,327.6,350.0,0.5,327.6,0,2026-02-01,1,327.6,1.0,1.0
retention_outreach_2025q4,ASG-afb0bb1ee5f18dcc,CUST000490,2025-11-01,control,no_action_control,AM0031,Mid-Market,B2,26.188297,4072.81,0.0,0.5,4551.97,0,2026-02-01,1,4072.81,1.0,1.1176485031219232
retention_outreach_2025q4,ASG-b027e28be772e5d2,CUST003368,2025-11-01,control,no_action_control,AM0033,Enterprise,B2,24.490847,8319.96,0.0,0.5,8319.96,0,2026-02-01,1,8319.96,1.0,1.0
retention_outreach_2025q4,ASG-b04e4f49ec9047a0,CUST001001,2025-11-01,treatment,success_plan_outreach,AM0026,SMB,B2,29.611026,875.95,350.0,0.5,875.95,0,2026-02-01,1,875.95,1.0,1.0
retention_outreach_2025q4,ASG-b06fa1bda4accaed,CUST002056,2025-11-01,control,no_action_control,AM0032,Mid-Market,B3,29.020807,1232.62,0.0,0.5,1232.62,0,2026-02-01,1,1232.62,1.0,1.0
retention_outreach_2025q4,ASG-b0c7fa4ba3d497a1,CUST003848,2025-11-01,treatment,success_plan_outreach,AM0032,Enterprise,B3,30.647016,7306.67,2500.0,0.5,7306.67,0,2026-02-01,1,7306.67,1.0,1.0
retention_outreach_2025q4,ASG-b114f598e026361f,CUST004053,2025-11-01,treatment,success_plan_outreach,AM0011,Mid-Market,B3,29.777806,1015.33,900.0,0.5,1214.89,0,2026-02-01,1,1015.33,1.0,1.1965469354791054
retention_outreach_2025q4,ASG-b12335bdaa3756d0,CUST000839,2025-11-01,control,no_action_control,AM0035,SMB,B1,20.305317,277.94,0.0,0.5,277.94,0,2026-02-01,1,277.94,1.0,1.0
retention_outreach_2025q4,ASG-b12ea2bc2d06e923,CUST004479,2025-11-01,control,no_action_control,AM0011,SMB,B3,33.029115,902.5,0.0,0.5,0.0,1,2026-02-01,0,0.0,0.0,0.0
retention_outreach_2025q4,ASG-b13462605b52ec16,CUST001531,2025-11-01,treatment,success_plan_outreach,AM0016,SMB,B1,22.028196,884.87,350.0,0.5,884.87,0,2026-02-01,1,884.87,1.0,1.0
retention_outreach_2025q4,ASG-b14f3562fe5c2f7c,CUST004190,2025-11-01,treatment,success_plan_outreach,AM0034,SMB,B4,42.551894,414.91,350.0,0.5,414.91,0,2026-02-01,1,414.91,1.0,1.0
retention_outreach_2025q4,ASG-b1615066f04f7ada,CUST000199,2025-11-01,control,no_action_control,AM0015,SMB,B4,39.895035,767.18,0.0,0.5,767.18,0,2026-02-01,1,767.18,1.0,1.0
retention_outreach_2025q4,ASG-b17330592b18471e,CUST002251,2025-11-01,control,no_action_control,AM0008,Mid-Market,B1,21.618367,1271.3,0.0,0.5,1271.3,0,2026-02-01,1,1271.3,1.0,1.0
retention_outreach_2025q4,ASG-b1f786dfa781dba9,CUST002191,2025-11-01,control,no_action_control,AM0006,SMB,B3,30.366829,379.14,0.0,0.5,379.14,0,2026-02-01,1,379.14,1.0,1.0
retention_outreach_2025q4,ASG-b222349cfe8aa32f,CUST002885,2025-11-01,treatment,success_plan_outreach,AM0040,SMB,B3,33.983108,641.73,350.0,0.5,641.73,0,2026-02-01,1,641.73,1.0,1.0
retention_outreach_2025q4,ASG-b23dee6b46a08f0b,CUST003711,2025-11-01,control,no_action_control,AM0036,SMB,B4,34.490374,420.0,0.0,0.5,420.0,0,2026-02-01,1,420.0,1.0,1.0
retention_outreach_2025q4,ASG-b24a38b3f5eafb92,CUST004182,2025-11-01,control,no_action_control,AM0030,SMB,B1,23.433059,851.2,0.0,0.5,851.2,0,2026-02-01,1,851.2,1.0,1.0
retention_outreach_2025q4,ASG-b269a3e6a7844a5f,CUST000280,2025-11-01,control,no_action_control,AM0033,Mid-Market,B3,30.113657,1465.87,0.0,0.5,1659.34,0,2026-02-01,1,1465.87,1.0,1.1319830544318392
retention_outreach_2025q4,ASG-b27f73bd941677b7,CUST000672,2025-11-01,treatment,success_plan_outreach,AM0037,SMB,B3,32.801428,375.2,350.0,0.5,375.2,0,2026-02-01,1,375.2,1.0,1.0
retention_outreach_2025q4,ASG-b2a9b92e2fe2ca92,CUST004348,2025-11-01,treatment,success_plan_outreach,AM0006,Mid-Market,B2,24.794151,1993.62,900.0,0.5,2383.11,0,2026-02-01,1,1993.62,1.0,1.1953682246365909
retention_outreach_2025q4,ASG-b2bae35bb06da9e9,CUST000221,2025-11-01,control,no_action_control,AM0024,Mid-Market,B2,23.130454,3680.87,0.0,0.5,3441.37,0,2026-02-01,1,3441.37,0.9349338607448783,0.9349338607448783
retention_outreach_2025q4,ASG-b2bbd312d2d31ab5,CUST002663,2025-11-01,control,no_action_control,AM0019,Enterprise,B3,27.734807,7602.88,0.0,0.5,7602.88,0,2026-02-01,1,7602.88,1.0,1.0
retention_outreach_2025q4,ASG-b2fee14ff7b031d8,CUST000387,2025-11-01,treatment,success_plan_outreach,AM0028,Mid-Market,B3,31.821397,1232.62,900.0,0.5,1232.62,0,2026-02-01,1,1232.62,1.0,1.0
retention_outreach_2025q4,ASG-b30979ff84da8e2a,CUST000129,2025-11-01,control,no_action_control,AM0008,Mid-Market,B1,18.461104,1280.69,0.0,0.5,1280.69,0,2026-02-01,1,1280.69,1.0,1.0
retention_outreach_2025q4,ASG-b33d7dc3fbf604e8,CUST001677,2025-11-01,control,no_action_control,AM0039,SMB,B1,20.523213,733.36,0.0,0.5,733.36,0,2026-02-01,1,733.36,1.0,1.0
retention_outreach_2025q4,ASG-b34c3acfb5a2f150,CUST004417,2025-11-01,control,no_action_control,AM0012,Mid-Market,B4,36.402982,2243.53,0.0,0.5,2243.53,0,2026-02-01,1,2243.53,1.0,1.0
retention_outreach_2025q4,ASG-b35df31b84aed790,CUST002841,2025-11-01,control,no_action_control,AM0026,Mid-Market,B4,35.387191,2853.33,0.0,0.5,2853.33,0,2026-02-01,1,2853.33,1.0,1.0
retention_outreach_2025q4,ASG-b364efe186ca19ce,CUST002099,2025-11-01,treatment,success_plan_outreach,AM0014,SMB,B2,29.890902,462.5,350.0,0.5,462.5,0,2026-02-01,1,462.5,1.0,1.0
retention_outreach_2025q4,ASG-b3a29479d478f767,CUST002980,2025-11-01,treatment,success_plan_outreach,AM0019,SMB,B3,31.849531,279.14,350.0,0.5,0.0,0,2026-02-01,0,0.0,0.0,0.0
retention_outreach_2025q4,ASG-b3d19291244ed07b,CUST003548,2025-11-01,treatment,success_plan_outreach,AM0026,Mid-Market,B1,19.836934,2240.62,900.0,0.5,2240.62,0,2026-02-01,1,2240.62,1.0,1.0
retention_outreach_2025q4,ASG-b40e0a4a127e0a68,CUST000998,2025-11-01,control,no_action_control,AM0025,SMB,B4,54.458596,202.6,0.0,0.5,202.6,0,2026-02-01,1,202.6,1.0,1.0
retention_outreach_2025q4,ASG-b419c85fdaafea07,CUST000781,2025-11-01,control,no_action_control,AM0016,Mid-Market,B1,20.932435,2484.25,0.0,0.5,2484.25,0,2026-02-01,1,2484.25,1.0,1.0
retention_outreach_2025q4,ASG-b4a7f9354b0cd8d9,CUST003875,2025-11-01,control,no_action_control,AM0034,SMB,B3,34.248586,708.4,0.0,0.5,708.4,0,2026-02-01,1,708.4,1.0,1.0
retention_outreach_2025q4,ASG-b4c2f2a508c95aac,CUST002818,2025-11-01,treatment,success_plan_outreach,AM0030,SMB,B3,30.892914,595.59,350.0,0.5,595.59,0,2026-02-01,1,595.59,1.0,1.0
retention_outreach_2025q4,ASG-b4d0a5730865f302,CUST001090,2025-11-01,control,no_action_control,AM0028,SMB,B3,31.524457,809.25,0.0,0.5,809.25,0,2026-02-01,1,809.25,1.0,1.0
retention_outreach_2025q4,ASG-b4e2c43da505919b,CUST001963,2025-11-01,control,no_action_control,AM0031,SMB,B2,25.759413,1187.4,0.0,0.5,1187.4,0,2026-02-01,1,1187.4,1.0,1.0
retention_outreach_2025q4,ASG-b501c62511b01e06,CUST003316,2025-11-01,treatment,success_plan_outreach,AM0006,Mid-Market,B2,23.131836,1401.4,900.0,0.5,1812.87,0,2026-02-01,1,1401.4,1.0,1.2936135293278148
retention_outreach_2025q4,ASG-b5036a537fc3936d,CUST001110,2025-11-01,treatment,success_plan_outreach,AM0029,Mid-Market,B1,19.071558,2917.4,900.0,0.5,2917.4,0,2026-02-01,1,2917.4,1.0,1.0
retention_outreach_2025q4,ASG-b51867c92c4b35e9,CUST003903,2025-11-01,treatment,success_plan_outreach,AM0022,SMB,B2,25.650027,349.19,350.0,0.5,349.19,0,2026-02-01,1,349.19,1.0,1.0
retention_outreach_2025q4,ASG-b528716a3c2466ef,CUST002861,2025-11-01,treatment,success_plan_outreach,AM0005,SMB,B1,20.796465,839.37,350.0,0.5,839.37,0,2026-02-01,1,839.37,1.0,1.0
retention_outreach_2025q4,ASG-b5493158530a4349,CUST002759,2025-11-01,control,no_action_control,AM0025,SMB,B4,39.284174,802.81,0.0,0.5,802.81,0,2026-02-01,1,802.81,1.0,1.0
retention_outreach_2025q4,ASG-b5a8b89e8b7c160b,CUST002414,2025-11-01,control,no_action_control,AM0014,Mid-Market,B4,34.776023,1792.55,0.0,0.5,1792.55,0,2026-02-01,1,1792.55,1.0,1.0
retention_outreach_2025q4,ASG-b5c613693d2e0e8c,CUST003993,2025-11-01,control,no_action_control,AM0015,SMB,B2,29.888889,327.6,0.0,0.5,327.6,0,2026-02-01,1,327.6,1.0,1.0
retention_outreach_2025q4,ASG-b5d09e178d2f2aee,CUST001252,2025-11-01,treatment,success_plan_outreach,AM0002,SMB,B2,27.711589,309.56,350.0,0.5,369.59,0,2026-02-01,1,309.56,1.0,1.193920403152862
retention_outreach_2025q4,ASG-b5f3f3398055f732,CUST000600,2025-11-01,treatment,success_plan_outreach,AM0025,Mid-Market,B2,27.36808,2520.47,900.0,0.5,2520.47,0,2026-02-01,1,2520.47,1.0,1.0
retention_outreach_2025q4,ASG-b619f94f8d4fe0b3,CUST000053,2025-11-01,treatment,success_plan_outreach,AM0016,Enterprise,B2,23.180108,3820.68,2500.0,0.5,3820.68,0,2026-02-01,1,3820.68,1.0,1.0
retention_outreach_2025q4,ASG-b63512237edfb035,CUST001639,2025-11-01,control,no_action_control,AM0023,Enterprise,B2,24.302538,9929.85,0.0,0.5,11879.06,0,2026-02-01,1,9929.85,1.0,1.196298030685257
retention_outreach_2025q4,ASG-b65575977c12e61e,CUST001710,2025-11-01,control,no_action_control,AM0007,Enterprise,B3,27.453019,3594.5,0.0,0.5,3594.5,0,2026-02-01,1,3594.5,1.0,1.0
retention_outreach_2025q4,ASG-b65bd0588748abc8,CUST003329,2025-11-01,control,no_action_control,AM0015,Mid-Market,B3,32.034996,1689.3,0.0,0.5,1689.3,0,2026-02-01,1,1689.3,1.0,1.0
retention_outreach_2025q4,ASG-b68ec87904bde9f5,CUST003232,2025-11-01,treatment,success_plan_outreach,AM0036,SMB,B2,26.443605,276.34,350.0,0.5,276.34,0,2026-02-01,1,276.34,1.0,1.0
retention_outreach_2025q4,ASG-b69395cd69dbde04,CUST003996,2025-11-01,treatment,success_plan_outreach,AM0032,SMB,B1,23.676752,1041.6,350.0,0.5,1041.6,0,2026-02-01,1,1041.6,1.0,1.0
retention_outreach_2025q4,ASG-b6a6b672e8745d70,CUST002762,2025-11-01,control,no_action_control,AM0019,SMB,B2,25.897718,312.45,0.0,0.5,0.0,1,2026-02-01,0,0.0,0.0,0.0
retention_outreach_2025q4,ASG-b6b914d55f4b11e6,CUST000057,2025-11-01,control,no_action_control,AM0019,Mid-Market,B4,41.003792,3826.47,0.0,0.5,3826.47,0,2026-02-01,1,3826.47,1.0,1.0
retention_outreach_2025q4,ASG-b6cf8081df7faa5f,CUST003852,2025-11-01,control,no_action_control,AM0009,SMB,B1,22.09765,327.6,0.0,0.5,327.6,0,2026-02-01,1,327.6,1.0,1.0
retention_outreach_2025q4,ASG-b6d5a39ab9b6b10c,CUST002093,2025-11-01,treatment,success_plan_outreach,AM0018,Enterprise,B2,20.944655,34604.0,2500.0,0.5,34604.0,0,2026-02-01,1,34604.0,1.0,1.0
retention_outreach_2025q4,ASG-b6e442d81fdab8bb,CUST001400,2025-11-01,control,no_action_control,AM0020,Mid-Market,B2,26.630047,3226.17,0.0,0.5,3226.17,0,2026-02-01,1,3226.17,1.0,1.0
retention_outreach_2025q4,ASG-b6f0b77505b06389,CUST000698,2025-11-01,control,no_action_control,AM0037,SMB,B1,19.114259,899.02,0.0,0.5,899.02,0,2026-02-01,1,899.02,1.0,1.0
retention_outreach_2025q4,ASG-b70bebf081b26789,CUST002656,2025-11-01,control,no_action_control,AM0007,Enterprise,B1,19.413353,30064.0,0.0,0.5,32322.79,0,2026-02-01,1,30064.0,1.0,1.075132716870676
retention_outreach_2025q4,ASG-b740c33b4ee52a1a,CUST003195,2025-11-01,treatment,success_plan_outreach,AM0012,Mid-Market,B4,33.631759,792.64,900.0,0.5,792.64,0,2026-02-01,1,792.64,1.0,1.0
retention_outreach_2025q4,ASG-b7418cb87fa8d447,CUST001324,2025-11-01,treatment,success_plan_outreach,AM0009,Mid-Market,B3,29.907702,847.19,900.0,0.5,847.19,0,2026-02-01,1,847.19,1.0,1.0
retention_outreach_2025q4,ASG-b75210cbd3db4fbd,CUST000305,2025-11-01,control,no_action_control,AM0021,SMB,B4,34.975119,345.74,0.0,0.5,345.74,0,2026-02-01,1,345.74,1.0,1.0
retention_outreach_2025q4,ASG-b7b7f2f941627ce6,CUST000321,2025-11-01,treatment,success_plan_outreach,AM0028,SMB,B3,33.178679,809.25,350.0,0.5,809.25,0,2026-02-01,1,809.25,1.0,1.0
retention_outreach_2025q4,ASG-b7b8a86e96617445,CUST003176,2025-11-01,treatment,success_plan_outreach,AM0023,SMB,B2,29.947087,462.5,350.0,0.5,564.81,0,2026-02-01,1,462.5,1.0,1.2212108108108106
retention_outreach_2025q4,ASG-b7c748b7f84344ca,CUST004345,2025-11-01,control,no_action_control,AM0036,Mid-Market,B3,29.009768,798.88,0.0,0.5,798.88,0,2026-02-01,1,798.88,1.0,1.0
retention_outreach_2025q4,ASG-b7c75da6dbce259b,CUST004308,2025-11-01,control,no_action_control,AM0027,Enterprise,B1,18.297634,7820.44,0.0,0.5,7820.44,0,2026-02-01,1,7820.44,1.0,1.0
retention_outreach_2025q4,ASG-b7ddcc15858f8640,CUST001595,2025-11-01,control,no_action_control,AM0026,Enterprise,B2,24.800667,11176.94,0.0,0.5,9425.81,0,2026-02-01,1,9425.81,0.8433265276542595,0.8433265276542595
retention_outreach_2025q4,ASG-b8107d6d0143290b,CUST002101,2025-11-01,treatment,success_plan_outreach,AM0029,Mid-Market,B4,49.345007,1073.51,900.0,0.5,991.41,0,2026-02-01,1,991.41,0.923521904779648,0.923521904779648
retention_outreach_2025q4,ASG-b8901e1e2b9ab661,CUST001111,2025-11-01,control,no_action_control,AM0012,Enterprise,B2,23.21503,9201.96,0.0,0.5,9201.96,0,2026-02-01,1,9201.96,1.0,1.0
retention_outreach_2025q4,ASG-b8a0358f38e6d2e6,CUST004061,2025-11-01,treatment,success_plan_outreach,AM0034,SMB,B2,29.716062,462.5,350.0,0.5,462.5,0,2026-02-01,1,462.5,1.0,1.0
retention_outreach_2025q4,ASG-b8b45b68af24ec1b,CUST001411,2025-11-01,treatment,success_plan_outreach,AM0039,SMB,B2,28.754305,851.71,350.0,0.5,851.71,0,2026-02-01,1,851.71,1.0,1.0
retention_outreach_2025q4,ASG-b8fc3f1a1c04eef9,CUST003541,2025-11-01,control,no_action_control,AM0035,Enterprise,B1,17.620828,6311.11,0.0,0.5,6311.11,0,2026-02-01,1,6311.11,1.0,1.0
retention_outreach_2025q4,ASG-b912a23663f27d82,CUST001956,2025-11-01,treatment,success_plan_outreach,AM0020,SMB,B4,58.281909,1271.88,350.0,0.5,1271.88,0,2026-02-01,1,1271.88,1.0,1.0
retention_outreach_2025q4,ASG-b92f2db1499d1066,CUST004130,2025-11-01,treatment,success_plan_outreach,AM0008,Enterprise,B4,55.468472,33422.9,2500.0,0.5,33422.9,0,2026-02-01,1,33422.9,1.0,1.0
retention_outreach_2025q4,ASG-b933bed6ca89e87e,CUST000800,2025-11-01,treatment,success_plan_outreach,AM0025,Mid-Market,B1,22.177106,2567.5,900.0,0.5,2567.5,0,2026-02-01,1,2567.5,1.0,1.0
retention_outreach_2025q4,ASG-b93a4fc8f554f6d5,CUST003634,2025-11-01,control,no_action_control,AM0001,Mid-Market,B2,27.479213,2629.06,0.0,0.5,2629.06,0,2026-02-01,1,2629.06,1.0,1.0
retention_outreach_2025q4,ASG-b93f11df3c5d7e91,CUST001549,2025-11-01,control,no_action_control,AM0029,Mid-Market,B4,32.860843,2161.25,0.0,0.5,2161.25,0,2026-02-01,1,2161.25,1.0,1.0
retention_outreach_2025q4,ASG-b96cf277cfbc3603,CUST000590,2025-11-01,control,no_action_control,AM0028,SMB,B1,19.926866,375.2,0.0,0.5,375.2,0,2026-02-01,1,375.2,1.0,1.0
retention_outreach_2025q4,ASG-b9765389e3be04ec,CUST001721,2025-11-01,control,no_action_control,AM0001,Enterprise,B1,18.998522,6490.67,0.0,0.5,6490.67,0,2026-02-01,1,6490.67,1.0,1.0
retention_outreach_2025q4,ASG-b9b9f69ec985e022,CUST004461,2025-11-01,treatment,success_plan_outreach,AM0036,Enterprise,B1,19.248009,7064.89,2500.0,0.5,7064.89,0,2026-02-01,1,7064.89,1.0,1.0
retention_outreach_2025q4,ASG-b9be746d1da2b933,CUST004470,2025-11-01,control,no_action_control,AM0010,SMB,B3,32.640658,1163.12,0.0,0.5,1163.12,0,2026-02-01,1,1163.12,1.0,1.0
retention_outreach_2025q4,ASG-b9ce7373d1ce3d3e,CUST000488,2025-11-01,treatment,success_plan_outreach,AM0038,Enterprise,B4,61.135388,36215.57,2500.0,0.5,36215.57,0,2026-02-01,1,36215.57,1.0,1.0
retention_outreach_2025q4,ASG-b9e85a8c32e7408d,CUST001891,2025-11-01,control,no_action_control,AM0007,SMB,B1,19.344647,301.25,0.0,0.5,301.25,0,2026-02-01,1,301.25,1.0,1.0
retention_outreach_2025q4,ASG-b9ee4166c8d5c8a8,CUST000450,2025-11-01,control,no_action_control,AM0018,SMB,B4,50.392942,1079.72,0.0,0.5,1079.72,0,2026-02-01,1,1079.72,1.0,1.0
retention_outreach_2025q4,ASG-ba0911076f3508a7,CUST000061,2025-11-01,control,no_action_control,AM0009,SMB,B1,21.299822,420.0,0.0,0.5,420.0,0,2026-02-01,1,420.0,1.0,1.0
retention_outreach_2025q4,ASG-ba0fb0e92420f65b,CUST001588,2025-11-01,treatment,success_plan_outreach,AM0017,Mid-Market,B2,23.267159,2937.72,900.0,0.5,2444.79,0,2026-02-01,1,2444.79,0.8322066092071403,0.8322066092071403
retention_outreach_2025q4,ASG-ba4f39c91eb1ad8d,CUST002550,2025-11-01,control,no_action_control,AM0010,SMB,B4,35.547422,426.92,0.0,0.5,426.92,0,2026-02-01,1,426.92,1.0,1.0
retention_outreach_2025q4,ASG-ba648e5436e29054,CUST000831,2025-11-01,control,no_action_control,AM0005,Mid-Market,B3,30.18179,2493.96,0.0,0.5,2493.96,0,2026-02-01,1,2493.96,1.0,1.0
retention_outreach_2025q4,ASG-ba6b351959946704,CUST002866,2025-11-01,control,no_action_control,AM0011,Mid-Market,B4,47.319436,1978.2,0.0,0.5,1978.2,0,2026-02-01,1,1978.2,1.0,1.0
retention_outreach_2025q4,ASG-ba8e37d578df9f77,CUST003670,2025-11-01,treatment,success_plan_outreach,AM0039,SMB,B1,21.347852,448.36,350.0,0.5,448.36,0,2026-02-01,1,448.36,1.0,1.0
retention_outreach_2025q4,ASG-bad5820febec56b9,CUST001053,2025-11-01,control,no_action_control,AM0036,Mid-Market,B1,18.076336,2178.49,0.0,0.5,2178.49,0,2026-02-01,1,2178.49,1.0,1.0
retention_outreach_2025q4,ASG-bb1b796e72891be6,CUST001783,2025-11-01,control,no_action_control,AM0034,Mid-Market,B2,28.599899,1111.5,0.0,0.5,1182.56,0,2026-02-01,1,1111.5,1.0,1.0639316239316239
retention_outreach_2025q4,ASG-bb3f29d46478e0ba,CUST002318,2025-11-01,control,no_action_control,AM0011,Mid-Market,B3,29.207858,4353.87,0.0,0.5,4353.87,0,2026-02-01,1,4353.87,1.0,1.0
retention_outreach_2025q4,ASG-bb53e57d05cf0941,CUST000994,2025-11-01,treatment,success_plan_outreach,AM0014,SMB,B3,32.366004,327.6,350.0,0.5,363.12,0,2026-02-01,1,327.6,1.0,1.1084249084249083
retention_outreach_2025q4,ASG-bb5bdf73cde89238,CUST003955,2025-11-01,treatment,success_plan_outreach,AM0032,Mid-Market,B4,33.367279,1313.37,900.0,0.5,1313.37,0,2026-02-01,1,1313.37,1.0,1.0
retention_outreach_2025q4,ASG-bb5c25cf9a91f04f,CUST000263,2025-11-01,treatment,success_plan_outreach,AM0012,Enterprise,B4,46.240998,5020.83,2500.0,0.5,5020.83,0,2026-02-01,1,5020.83,1.0,1.0
retention_outreach_2025q4,ASG-bb74f6c1fdc82236,CUST003575,2025-11-01,control,no_action_control,AM0035,SMB,B4,49.597121,261.03,0.0,0.5,261.03,0,2026-02-01,1,261.03,1.0,1.0
retention_outreach_2025q4,ASG-bb8083ba8265c80f,CUST002782,2025-11-01,control,no_action_control,AM0033,Mid-Market,B3,28.987972,1948.92,0.0,0.5,1948.92,0,2026-02-01,1,1948.92,1.0,1.0
retention_outreach_2025q4,ASG-bba1f5985902c567,CUST003963,2025-11-01,control,no_action_control,AM0029,Mid-Market,B2,25.791859,1718.25,0.0,0.5,1885.91,0,2026-02-01,1,1718.25,1.0,1.0975760221155246
retention_outreach_2025q4,ASG-bba97db0ec6cff45,CUST000373,2025-11-01,control,no_action_control,AM0038,SMB,B2,28.324477,741.76,0.0,0.5,741.76,0,2026-02-01,1,741.76,1.0,1.0
retention_outreach_2025q4,ASG-bbb06bb0861c8527,CUST002852,2025-11-01,treatment,success_plan_outreach,AM0016,SMB,B1,20.624873,788.5,350.0,0.5,659.73,0,2026-02-01,1,659.73,0.8366899175649969,0.8366899175649969
retention_outreach_2025q4,ASG-bbc268513b2bb9d6,CUST002077,2025-11-01,control,no_action_control,AM0004,Mid-Market,B3,29.516999,1559.31,0.0,0.5,1559.31,0,2026-02-01,1,1559.31,1.0,1.0
retention_outreach_2025q4,ASG-bc15257bb55c0055,CUST000716,2025-11-01,treatment,success_plan_outreach,AM0007,SMB,B4,41.259586,1472.1,350.0,0.5,1358.71,0,2026-02-01,1,1358.71,0.9229739827457375,0.9229739827457375
retention_outreach_2025q4,ASG-bc5d392ac49adfc6,CUST000434,2025-11-01,treatment,success_plan_outreach,AM0007,Enterprise,B4,32.860806,8540.54,2500.0,0.5,8540.54,0,2026-02-01,1,8540.54,1.0,1.0
retention_outreach_2025q4,ASG-bc6c5ead0f02f374,CUST002888,2025-11-01,treatment,success_plan_outreach,AM0006,SMB,B1,18.854602,858.96,350.0,0.5,953.13,0,2026-02-01,1,858.96,1.0,1.1096325789326626
retention_outreach_2025q4,ASG-bc7c370eeb7f1470,CUST000346,2025-11-01,control,no_action_control,AM0036,Mid-Market,B4,33.28753,2578.33,0.0,0.5,2578.33,0,2026-02-01,1,2578.33,1.0,1.0
retention_outreach_2025q4,ASG-bc9f2ba5c40b73a1,CUST001046,2025-11-01,control,no_action_control,AM0027,Enterprise,B4,31.311833,7110.0,0.0,0.5,7110.0,0,2026-02-01,1,7110.0,1.0,1.0
retention_outreach_2025q4,ASG-bc9feca6cb53547f,CUST004251,2025-11-01,control,no_action_control,AM0011,SMB,B4,37.856081,798.88,0.0,0.5,798.88,0,2026-02-01,1,798.88,1.0,1.0
retention_outreach_2025q4,ASG-bd1cf393ac4709f0,CUST004354,2025-11-01,control,no_action_control,AM0012,Enterprise,B3,27.298804,9378.81,0.0,0.5,9378.81,0,2026-02-01,1,9378.81,1.0,1.0
retention_outreach_2025q4,ASG-bd2a21e8c1f43bc9,CUST001280,2025-11-01,treatment,success_plan_outreach,AM0029,Mid-Market,B3,30.38035,1192.25,900.0,0.5,1192.25,0,2026-02-01,1,1192.25,1.0,1.0
retention_outreach_2025q4,ASG-bd9396d3bd3bce99,CUST003690,2025-11-01,treatment,success_plan_outreach,AM0015,Enterprise,B2,22.759986,14270.66,2500.0,0.5,14270.66,0,2026-02-01,1,14270.66,1.0,1.0
retention_outreach_2025q4,ASG-bdab675b9adb2190,CUST000967,2025-11-01,control,no_action_control,AM0014,Mid-Market,B4,36.029267,2175.0,0.0,0.5,2175.0,0,2026-02-01,1,2175.0,1.0,1.0
retention_outreach_2025q4,ASG-bdb5986302b72dcc,CUST002169,2025-11-01,control,no_action_control,AM0018,Mid-Market,B4,33.527939,1724.87,0.0,0.5,1724.87,0,2026-02-01,1,1724.87,1.0,1.0
retention_outreach_2025q4,ASG-bde0045969cd2e67,CUST000740,2025-11-01,treatment,success_plan_outreach,AM0026,Mid-Market,B1,21.014882,1925.52,900.0,0.5,1925.52,0,2026-02-01,1,1925.52,1.0,1.0
retention_outreach_2025q4,ASG-bdf4ef7db13ca8d8,CUST000350,2025-11-01,control,no_action_control,AM0012,SMB,B3,34.135638,403.39,0.0,0.5,403.39,0,2026-02-01,1,403.39,1.0,1.0
retention_outreach_2025q4,ASG-be1cafa4f279592f,CUST000896,2025-11-01,control,no_action_control,AM0029,SMB,B2,29.640539,428.41,0.0,0.5,428.41,0,2026-02-01,1,428.41,1.0,1.0
retention_outreach_2025q4,ASG-be27311aaf47f888,CUST003649,2025-11-01,control,no_action_control,AM0033,Enterprise,B4,39.323388,34069.79,0.0,0.5,34069.79,0,2026-02-01,1,34069.79,1.0,1.0
retention_outreach_2025q4,ASG-be5e1216f9d58e80,CUST002763,2025-11-01,control,no_action_control,AM0023,SMB,B2,27.178631,317.06,0.0,0.5,317.06,0,2026-02-01,1,317.06,1.0,1.0
retention_outreach_2025q4,ASG-be816f3be526dd83,CUST001415,2025-11-01,control,no_action_control,AM0010,SMB,B4,54.791254,1220.22,0.0,0.5,0.0,1,2026-02-01,0,0.0,0.0,0.0
retention_outreach_2025q4,ASG-bec77254274a5a71,CUST001975,2025-11-01,treatment,success_plan_outreach,AM0021,SMB,B4,39.914448,1391.58,350.0,0.5,1391.58,0,2026-02-01,1,1391.58,1.0,1.0
retention_outreach_2025q4,ASG-bed1a39c8d893e80,CUST003146,2025-11-01,control,no_action_control,AM0007,Mid-Market,B3,30.177606,1994.07,0.0,0.5,1994.07,0,2026-02-01,1,1994.07,1.0,1.0
retention_outreach_2025q4,ASG-beef1a8c1c6c8512,CUST001105,2025-11-01,treatment,success_plan_outreach,AM0006,SMB,B1,19.824231,510.78,350.0,0.5,510.78,0,2026-02-01,1,510.78,1.0,1.0
retention_outreach_2025q4,ASG-bf38ca768e1df5d3,CUST000714,2025-11-01,treatment,success_plan_outreach,AM0027,Mid-Market,B2,23.530401,2080.5,900.0,0.5,2080.5,0,2026-02-01,1,2080.5,1.0,1.0
retention_outreach_2025q4,ASG-bf5c1e610bf2a83d,CUST003814,2025-11-01,treatment,success_plan_outreach,AM0012,SMB,B3,34.136241,462.5,350.0,0.5,462.5,0,2026-02-01,1,462.5,1.0,1.0
retention_outreach_2025q4,ASG-bf6d6429ed658236,CUST004256,2025-11-01,treatment,success_plan_outreach,AM0009,SMB,B2,28.620724,938.12,350.0,0.5,0.0,1,2026-02-01,0,0.0,0.0,0.0
retention_outreach_2025q4,ASG-bfb1e23a8b977053,CUST004282,2025-11-01,treatment,success_plan_outreach,AM0005,SMB,B1,22.413326,382.41,350.0,0.5,0.0,1,2026-02-01,0,0.0,0.0,0.0
retention_outreach_2025q4,ASG-bfdd4d650a5d4a80,CUST004250,2025-11-01,treatment,success_plan_outreach,AM0011,SMB,B4,46.268627,971.1,350.0,0.5,839.26,0,2026-02-01,1,839.26,0.8642364329111317,0.8642364329111317
retention_outreach_2025q4,ASG-bfe30609ebd5371d,CUST003552,2025-11-01,treatment,success_plan_outreach,AM0003,Mid-Market,B1,21.52947,1111.5,900.0,0.5,1111.5,0,2026-02-01,1,1111.5,1.0,1.0
retention_outreach_2025q4,ASG-bff3e79b6a3de8e7,CUST002712,2025-11-01,treatment,success_plan_outreach,AM0036,SMB,B4,35.744173,199.35,350.0,0.5,199.35,0,2026-02-01,1,199.35,1.0,1.0
retention_outreach_2025q4,ASG-c005fc312095179c,CUST003619,2025-11-01,control,no_action_control,AM0014,SMB,B4,35.975704,935.82,0.0,0.5,935.82,0,2026-02-01,1,935.82,1.0,1.0
retention_outreach_2025q4,ASG-c024a784096d2025,CUST003774,2025-11-01,treatment,success_plan_outreach,AM0026,Mid-Market,B3,30.214142,2381.9,900.0,0.5,2381.9,0,2026-02-01,1,2381.9,1.0,1.0
retention_outreach_2025q4,ASG-c0272a5c58cb9f5e,CUST002833,2025-11-01,control,no_action_control,AM0023,SMB,B3,33.114374,565.6,0.0,0.5,565.6,0,2026-02-01,1,565.6,1.0,1.0
retention_outreach_2025q4,ASG-c037b85c86631655,CUST000368,2025-11-01,control,no_action_control,AM0006,Mid-Market,B1,20.901241,3339.03,0.0,0.5,3339.03,0,2026-02-01,1,3339.03,1.0,1.0
retention_outreach_2025q4,ASG-c038cc13ce70c880,CUST001054,2025-11-01,treatment,success_plan_outreach,AM0029,SMB,B3,33.897459,809.25,350.0,0.5,809.25,0,2026-02-01,1,809.25,1.0,1.0
retention_outreach_2025q4,ASG-c07705579ef400a7,CUST003597,2025-11-01,treatment,success_plan_outreach,AM0031,SMB,B4,49.049351,303.75,350.0,0.5,0.0,0,2026-02-01,0,0.0,0.0,0.0
retention_outreach_2025q4,ASG-c0c491ca191df77c,CUST001332,2025-11-01,control,no_action_control,AM0003,Enterprise,B2,20.637668,10062.61,0.0,0.5,10062.61,0,2026-02-01,1,10062.61,1.0,1.0
retention_outreach_2025q4,ASG-c0cfc7e0c5adf75c,CUST000517,2025-11-01,treatment,success_plan_outreach,AM0009,SMB,B2,28.671429,470.4,350.0,0.5,470.4,0,2026-02-01,1,470.4,1.0,1.0
retention_outreach_2025q4,ASG-c1107cf559a96c94,CUST004234,2025-11-01,control,no_action_control,AM0032,SMB,B2,25.160068,1780.61,0.0,0.5,1780.61,0,2026-02-01,1,1780.61,1.0,1.0
retention_outreach_2025q4,ASG-c115abaec9ad97fd,CUST004166,2025-11-01,treatment,success_plan_outreach,AM0012,Mid-Market,B3,30.931719,2696.25,900.0,0.5,2696.25,0,2026-02-01,1,2696.25,1.0,1.0
retention_outreach_2025q4,ASG-c15ed8680b042a0a,CUST001914,2025-11-01,control,no_action_control,AM0032,SMB,B1,19.320155,333.3,0.0,0.5,333.3,0,2026-02-01,1,333.3,1.0,1.0
retention_outreach_2025q4,ASG-c1aa4e7342dd0dd1,CUST004456,2025-11-01,control,no_action_control,AM0028,SMB,B2,24.879038,676.12,0.0,0.5,676.12,1,2026-02-01,1,676.12,1.0,1.0
retention_outreach_2025q4,ASG-c1f0facf299353e2,CUST000812,2025-11-01,control,no_action_control,AM0034,Enterprise,B3,28.835845,9389.37,0.0,0.5,9389.37,0,2026-02-01,1,9389.37,1.0,1.0
retention_outreach_2025q4,ASG-c206a8a1179c1036,CUST000894,2025-11-01,treatment,success_plan_outreach,AM0020,Mid-Market,B3,29.893559,1636.38,900.0,0.5,1636.38,0,2026-02-01,1,1636.38,1.0,1.0
retention_outreach_2025q4,ASG-c225564ca29cc6ee,CUST002105,2025-11-01,treatment,success_plan_outreach,AM0019,Mid-Market,B2,28.308333,1596.0,900.0,0.5,1808.21,0,2026-02-01,1,1596.0,1.0,1.1329636591478698
retention_outreach_2025q4,ASG-c25c4f4c62e92486,CUST003843,2025-11-01,control,no_action_control,AM0008,Mid-Market,B1,18.62536,1515.25,0.0,0.5,1839.68,0,2026-02-01,1,1515.25,1.0,1.2141098828576142
retention_outreach_2025q4,ASG-c271507fff471106,CUST001745,2025-11-01,treatment,success_plan_outreach,AM0001,Mid-Market,B4,34.239612,935.82,900.0,0.5,935.82,0,2026-02-01,1,935.82,1.0,1.0
retention_outreach_2025q4,ASG-c279013c8be328dd,CUST000960,2025-11-01,control,no_action_control,AM0026,SMB,B4,40.282199,435.57,0.0,0.5,435.57,0,2026-02-01,1,435.57,1.0,1.0
retention_outreach_2025q4,ASG-c29cdc20ca4cc751,CUST001164,2025-11-01,treatment,success_plan_outreach,AM0020,SMB,B2,29.998467,1008.59,350.0,0.5,1008.59,0,2026-02-01,1,1008.59,1.0,1.0
retention_outreach_2025q4,ASG-c2bcfd51bff8ba1b,CUST001433,2025-11-01,treatment,success_plan_outreach,AM0004,Mid-Market,B2,27.45461,1862.89,900.0,0.5,1862.89,0,2026-02-01,1,1862.89,1.0,1.0
retention_outreach_2025q4,ASG-c2e2e45008205407,CUST004344,2025-11-01,control,no_action_control,AM0008,SMB,B2,29.192784,351.51,0.0,0.5,351.51,0,2026-02-01,1,351.51,1.0,1.0
retention_outreach_2025q4,ASG-c2ef7f10bc570236,CUST002067,2025-11-01,control,no_action_control,AM0037,SMB,B1,19.616151,292.5,0.0,0.5,227.15,0,2026-02-01,1,227.15,0.7765811965811966,0.7765811965811966
retention_outreach_2025q4,ASG-c2fb49153bf227f2,CUST002938,2025-11-01,treatment,success_plan_outreach,AM0010,SMB,B3,33.493349,486.5,350.0,0.5,486.5,0,2026-02-01,1,486.5,1.0,1.0
retention_outreach_2025q4,ASG-c30130e8de3ff2fc,CUST002316,2025-11-01,control,no_action_control,AM0034,Mid-Market,B4,33.920348,1908.11,0.0,0.5,2317.36,0,2026-02-01,1,1908.11,1.0,1.2144792490998948
retention_outreach_2025q4,ASG-c31d64ceecb7aad7,CUST000409,2025-11-01,control,no_action_control,AM0039,SMB,B3,30.199313,565.6,0.0,0.5,565.6,0,2026-02-01,1,565.6,1.0,1.0
retention_outreach_2025q4,ASG-c31fa0a2dd22c18c,CUST003603,2025-11-01,control,no_action_control,AM0036,Enterprise,B3,31.01315,6240.0,0.0,0.5,6240.0,0,2026-02-01,1,6240.0,1.0,1.0
retention_outreach_2025q4,ASG-c321ac8aa906ac22,CUST004462,2025-11-01,control,no_action_control,AM0023,Enterprise,B3,29.514878,7246.22,0.0,0.5,8041.13,0,2026-02-01,1,7246.22,1.0,1.1096999539070025
retention_outreach_2025q4,ASG-c3410412da798986,CUST000461,2025-11-01,treatment,success_plan_outreach,AM0018,SMB,B1,21.377239,375.2,350.0,0.5,375.2,0,2026-02-01,1,375.2,1.0,1.0
retention_outreach_2025q4,ASG-c35a3aa1763b3e7a,CUST004379,2025-11-01,control,no_action_control,AM0004,SMB,B2,29.509322,660.8,0.0,0.5,660.8,0,2026-02-01,1,660.8,1.0,1.0
retention_outreach_2025q4,ASG-c388a0a46f076659,CUST003617,2025-11-01,treatment,success_plan_outreach,AM0032,Mid-Market,B1,19.044311,1711.88,900.0,0.5,2036.13,0,2026-02-01,1,1711.88,1.0,1.189411641002874
retention_outreach_2025q4,ASG-c3bfc54e7466ee8c,CUST002363,2025-11-01,treatment,success_plan_outreach,AM0038,SMB,B4,57.573395,512.66,350.0,0.5,0.0,0,2026-02-01,0,0.0,0.0,0.0
retention_outreach_2025q4,ASG-c3d74248f387287e,CUST000511,2025-11-01,control,no_action_control,AM0018,Mid-Market,B1,21.160903,3246.49,0.0,0.5,3246.49,0,2026-02-01,1,3246.49,1.0,1.0
retention_outreach_2025q4,ASG-c3eab6e26edaddf4,CUST004309,2025-11-01,treatment,success_plan_outreach,AM0032,SMB,B3,31.251903,335.0,350.0,0.5,335.0,0,2026-02-01,1,335.0,1.0,1.0
retention_outreach_2025q4,ASG-c3f9cf5b5dd63700,CUST002592,2025-11-01,control,no_action_control,AM0013,Mid-Market,B3,30.59832,1730.58,0.0,0.5,1730.58,0,2026-02-01,1,1730.58,1.0,1.0
retention_outreach_2025q4,ASG-c4118929ffd010a4,CUST004181,2025-11-01,control,no_action_control,AM0008,SMB,B3,32.020939,902.5,0.0,0.5,0.0,1,2026-02-01,0,0.0,0.0,0.0
retention_outreach_2025q4,ASG-c42a9114030585bc,CUST001505,2025-11-01,control,no_action_control,AM0013,Mid-Market,B3,30.154048,2545.83,0.0,0.5,2545.83,0,2026-02-01,1,2545.83,1.0,1.0
retention_outreach_2025q4,ASG-c4795abde4092980,CUST000187,2025-11-01,control,no_action_control,AM0031,Mid-Market,B2,26.939405,1475.44,0.0,0.5,1475.44,0,2026-02-01,1,1475.44,1.0,1.0
retention_outreach_2025q4,ASG-c47d1975864da30d,CUST002523,2025-11-01,treatment,success_plan_outreach,AM0014,SMB,B3,31.131308,966.45,350.0,0.5,966.45,0,2026-02-01,1,966.45,1.0,1.0
retention_outreach_2025q4,ASG-c48159c667252f8f,CUST003620,2025-11-01,treatment,success_plan_outreach,AM0020,SMB,B4,34.422268,311.5,350.0,0.5,311.5,0,2026-02-01,1,311.5,1.0,1.0
retention_outreach_2025q4,ASG-c48d9c4d7d0af260,CUST003788,2025-11-01,treatment,success_plan_outreach,AM0040,SMB,B4,36.383042,926.25,350.0,0.5,690.47,0,2026-02-01,1,690.47,0.74544669365722,0.74544669365722
retention_outreach_2025q4,ASG-c4f17527a0f76e61,CUST004252,2025-11-01,treatment,success_plan_outreach,AM0040,Mid-Market,B3,29.389849,3288.73,900.0,0.5,3288.73,0,2026-02-01,1,3288.73,1.0,1.0
retention_outreach_2025q4,ASG-c50a3505b0bda4a9,CUST000225,2025-11-01,treatment,success_plan_outreach,AM0014,Mid-Market,B2,26.176521,2078.97,900.0,0.5,2078.97,0,2026-02-01,1,2078.97,1.0,1.0
retention_outreach_2025q4,ASG-c5250f14a52e192d,CUST003876,2025-11-01,control,no_action_control,AM0036,SMB,B3,31.732413,706.91,0.0,0.5,706.91,0,2026-02-01,1,706.91,1.0,1.0
retention_outreach_2025q4,ASG-c5399376b0ed0f3f,CUST003864,2025-11-01,treatment,success_plan_outreach,AM0006,SMB,B1,23.314853,334.99,350.0,0.5,334.99,0,2026-02-01,1,334.99,1.0,1.0
retention_outreach_2025q4,ASG-c57d1196c6106970,CUST004474,2025-11-01,control,no_action_control,AM0030,SMB,B4,35.056252,660.8,0.0,0.5,660.8,0,2026-02-01,1,660.8,1.0,1.0
retention_outreach_2025q4,ASG-c590cee70cdffd6f,CUST002929,2025-11-01,treatment,success_plan_outreach,AM0029,SMB,B2,30.015944,280.0,350.0,0.5,280.0,0,2026-02-01,1,280.0,1.0,1.0
retention_outreach_2025q4,ASG-c599bce23d25ed71,CUST004100,2025-11-01,control,no_action_control,AM0016,Mid-Market,B2,27.709198,1536.95,0.0,0.5,1536.95,0,2026-02-01,1,1536.95,1.0,1.0
retention_outreach_2025q4,ASG-c5abce013aac43f3,CUST002313,2025-11-01,control,no_action_control,AM0022,Enterprise,B1,18.341863,6732.44,0.0,0.5,6732.44,0,2026-02-01,1,6732.44,1.0,1.0
retention_outreach_2025q4,ASG-c5b588782e511685,CUST002301,2025-11-01,control,no_action_control,AM0001,SMB,B1,18.754332,327.6,0.0,0.5,327.6,0,2026-02-01,1,327.6,1.0,1.0
retention_outreach_2025q4,ASG-c5de391e8ba5c2aa,CUST003252,2025-11-01,control,no_action_control,AM0001,SMB,B4,49.109881,802.5,0.0,0.5,747.19,0,2026-02-01,1,747.19,0.9310778816199378,0.9310778816199378
retention_outreach_2025q4,ASG-c5e2aa575590c92b,CUST003121,2025-11-01,treatment,success_plan_outreach,AM0034,SMB,B3,32.703162,498.33,350.0,0.5,498.33,0,2026-02-01,1,498.33,1.0,1.0
retention_outreach_2025q4,ASG-c6f41ff588f67952,CUST003921,2025-11-01,treatment,success_plan_outreach,AM0037,SMB,B1,19.216031,407.94,350.0,0.5,407.94,0,2026-02-01,1,407.94,1.0,1.0
retention_outreach_2025q4,ASG-c7047beaf2e7fa95,CUST000237,2025-11-01,control,no_action_control,AM0032,SMB,B4,49.10793,1192.25,0.0,0.5,1448.24,0,2026-02-01,1,1192.25,1.0,1.2147116795973998
retention_outreach_2025q4,ASG-c73c1439cc1b24bb,CUST002765,2025-11-01,control,no_action_control,AM0023,SMB,B3,30.181458,2605.37,0.0,0.5,2605.37,0,2026-02-01,1,2605.37,1.0,1.0
retention_outreach_2025q4,ASG-c7457e0f17a02b47,CUST002305,2025-11-01,control,no_action_control,AM0040,SMB,B2,24.234548,220.07,0.0,0.5,220.07,0,2026-02-01,1,220.07,1.0,1.0
retention_outreach_2025q4,ASG-c78a07c34a1800c8,CUST003801,2025-11-01,treatment,success_plan_outreach,AM0007,Mid-Market,B2,26.653493,1579.92,900.0,0.5,1579.92,0,2026-02-01,1,1579.92,1.0,1.0
retention_outreach_2025q4,ASG-c854a74d12c7e61c,CUST000789,2025-11-01,treatment,success_plan_outreach,AM0029,SMB,B2,28.995719,613.2,350.0,0.5,613.2,0,2026-02-01,1,613.2,1.0,1.0
retention_outreach_2025q4,ASG-c85fe9a5d5841789,CUST001461,2025-11-01,treatment,success_plan_outreach,AM0017,SMB,B1,19.082103,377.5,350.0,0.5,377.5,0,2026-02-01,1,377.5,1.0,1.0
retention_outreach_2025q4,ASG-c8614982db8d4e97,CUST004438,2025-11-01,treatment,success_plan_outreach,AM0035,SMB,B3,32.857535,327.6,350.0,0.5,245.59,0,2026-02-01,1,245.59,0.7496642246642247,0.7496642246642247
retention_outreach_2025q4,ASG-c9422251e82b85f7,CUST003066,2025-11-01,control,no_action_control,AM0014,SMB,B3,34.276444,237.5,0.0,0.5,271.11,0,2026-02-01,1,237.5,1.0,1.1415157894736843
retention_outreach_2025q4,ASG-c94cbb82bc6ee320,CUST002439,2025-11-01,control,no_action_control,AM0025,SMB,B2,29.908249,288.27,0.0,0.5,288.27,0,2026-02-01,1,288.27,1.0,1.0
retention_outreach_2025q4,ASG-c9612299d2584ccb,CUST000334,2025-11-01,treatment,success_plan_outreach,AM0040,Mid-Market,B2,28.094961,3604.52,900.0,0.5,3604.52,0,2026-02-01,1,3604.52,1.0,1.0
retention_outreach_2025q4,ASG-c97e6064b7c551dd,CUST002792,2025-11-01,treatment,success_plan_outreach,AM0029,SMB,B1,20.121413,335.0,350.0,0.5,335.0,0,2026-02-01,1,335.0,1.0,1.0
retention_outreach_2025q4,ASG-c9a9d78a1069f0e0,CUST001298,2025-11-01,treatment,success_plan_outreach,AM0013,Mid-Market,B1,18.854789,2857.83,900.0,0.5,3480.16,0,2026-02-01,1,2857.83,1.0,1.2177631279677237
retention_outreach_2025q4,ASG-ca037ba9fb157cbf,CUST002925,2025-11-01,control,no_action_control,AM0028,SMB,B4,38.061899,312.62,0.0,0.5,312.62,0,2026-02-01,1,312.62,1.0,1.0
retention_outreach_2025q4,ASG-ca5857686b7a73d2,CUST001107,2025-11-01,treatment,success_plan_outreach,AM0036,Mid-Market,B4,48.827866,1228.73,900.0,0.5,0.0,0,2026-02-01,0,0.0,0.0,0.0
retention_outreach_2025q4,ASG-ca618d202fee6cf5,CUST001880,2025-11-01,treatment,success_plan_outreach,AM0008,Enterprise,B4,41.120271,13290.15,2500.0,0.5,13290.15,0,2026-02-01,1,13290.15,1.0,1.0
retention_outreach_2025q4,ASG-ca6f74db6ae9cf58,CUST001693,2025-11-01,control,no_action_control,AM0040,SMB,B2,25.252745,293.24,0.0,0.5,0.0,0,2026-02-01,0,0.0,0.0,0.0
retention_outreach_2025q4,ASG-caa19f9229e430ad,CUST002669,2025-11-01,treatment,success_plan_outreach,AM0033,SMB,B3,32.108117,1803.2,350.0,0.5,1803.2,0,2026-02-01,1,1803.2,1.0,1.0
retention_outreach_2025q4,ASG-cac7ad8eadfff694,CUST003850,2025-11-01,treatment,success_plan_outreach,AM0020,SMB,B4,43.010471,624.87,350.0,0.5,624.87,0,2026-02-01,1,624.87,1.0,1.0
retention_outreach_2025q4,ASG-cad162aedb597e5e,CUST004089,2025-11-01,treatment,success_plan_outreach,AM0006,SMB,B2,25.635744,1071.33,350.0,0.5,1071.33,0,2026-02-01,1,1071.33,1.0,1.0
retention_outreach_2025q4,ASG-cad166ae1ddae790,CUST001225,2025-11-01,control,no_action_control,AM0004,SMB,B2,26.668192,233.51,0.0,0.5,0.0,0,2026-02-01,0,0.0,0.0,0.0
retention_outreach_2025q4,ASG-cad6b9ca5ecefae4,CUST001236,2025-11-01,control,no_action_control,AM0017,SMB,B3,30.783639,938.12,0.0,0.5,938.12,0,2026-02-01,1,938.12,1.0,1.0
retention_outreach_2025q4,ASG-caf52f037dc950be,CUST003109,2025-11-01,treatment,success_plan_outreach,AM0008,Mid-Market,B1,18.769232,948.57,900.0,0.5,948.57,0,2026-02-01,1,948.57,1.0,1.0
retention_outreach_2025q4,ASG-cb015d8113044526,CUST003112,2025-11-01,control,no_action_control,AM0014,SMB,B4,35.500202,283.83,0.0,0.5,322.67,0,2026-02-01,1,283.83,1.0,1.136842476130078
retention_outreach_2025q4,ASG-cb297d2dbbc0ba5f,CUST002506,2025-11-01,control,no_action_control,AM0016,Mid-Market,B2,23.070871,1667.37,0.0,0.5,1667.37,0,2026-02-01,1,1667.37,1.0,1.0
retention_outreach_2025q4,ASG-cb55890626f1b673,CUST002296,2025-11-01,treatment,success_plan_outreach,AM0014,SMB,B2,24.402577,749.64,350.0,0.5,749.64,0,2026-02-01,1,749.64,1.0,1.0
retention_outreach_2025q4,ASG-cb6fef8c3193025e,CUST000228,2025-11-01,control,no_action_control,AM0028,SMB,B2,28.142968,1357.1,0.0,0.5,1357.1,0,2026-02-01,1,1357.1,1.0,1.0
retention_outreach_2025q4,ASG-cb735eaf68d72ed3,CUST000167,2025-11-01,treatment,success_plan_outreach,AM0015,SMB,B3,32.84026,376.58,350.0,0.5,376.58,0,2026-02-01,1,376.58,1.0,1.0
retention_outreach_2025q4,ASG-cb8255e04eea6ff8,CUST002350,2025-11-01,control,no_action_control,AM0009,SMB,B1,20.066887,422.8,0.0,0.5,422.8,0,2026-02-01,1,422.8,1.0,1.0
retention_outreach_2025q4,ASG-cb854de165499ecb,CUST001931,2025-11-01,control,no_action_control,AM0002,Mid-Market,B3,32.0384,906.12,0.0,0.5,906.12,0,2026-02-01,1,906.12,1.0,1.0
retention_outreach_2025q4,ASG-cbd2481321ee26cd,CUST002079,2025-11-01,control,no_action_control,AM0015,SMB,B4,39.396667,377.5,0.0,0.5,377.5,0,2026-02-01,1,377.5,1.0,1.0
retention_outreach_2025q4,ASG-cbf215ee6df6fb92,CUST001906,2025-11-01,control,no_action_control,AM0025,SMB,B2,27.873994,1028.11,0.0,0.5,1273.18,0,2026-02-01,1,1028.11,1.0,1.23836943517717
retention_outreach_2025q4,ASG-cc39f466ac5f639b,CUST001776,2025-11-01,control,no_action_control,AM0027,SMB,B3,31.498003,911.93,0.0,0.5,911.93,0,2026-02-01,1,911.93,1.0,1.0
retention_outreach_2025q4,ASG-cc4accd253f8cc25,CUST004141,2025-11-01,treatment,success_plan_outreach,AM0027,SMB,B4,45.547983,703.69,350.0,0.5,703.69,0,2026-02-01,1,703.69,1.0,1.0
retention_outreach_2025q4,ASG-cc9f996d9081c0ea,CUST001487,2025-11-01,control,no_action_control,AM0016,SMB,B1,20.872372,396.46,0.0,0.5,396.46,0,2026-02-01,1,396.46,1.0,1.0
retention_outreach_2025q4,ASG-ccacda8eb01dc3ec,CUST002957,2025-11-01,control,no_action_control,AM0025,Mid-Market,B2,28.61324,2857.83,0.0,0.5,2857.83,0,2026-02-01,1,2857.83,1.0,1.0
retention_outreach_2025q4,ASG-ccea38d78f728ac6,CUST002295,2025-11-01,control,no_action_control,AM0026,SMB,B1,21.582767,414.9,0.0,0.5,414.9,0,2026-02-01,1,414.9,1.0,1.0
retention_outreach_2025q4,ASG-cd03a1fa215a8f2a,CUST003045,2025-11-01,treatment,success_plan_outreach,AM0019,SMB,B3,32.835296,1151.88,350.0,0.5,1151.88,0,2026-02-01,1,1151.88,1.0,1.0
retention_outreach_2025q4,ASG-cd0ff59e2360ebdb,CUST003739,2025-11-01,control,no_action_control,AM0008,Mid-Market,B3,30.372847,760.99,0.0,0.5,760.99,0,2026-02-01,1,760.99,1.0,1.0
retention_outreach_2025q4,ASG-cd3ba182603ddc43,CUST001756,2025-11-01,treatment,success_plan_outreach,AM0014,SMB,B1,21.529225,994.0,350.0,0.5,994.0,0,2026-02-01,1,994.0,1.0,1.0
retention_outreach_2025q4,ASG-cd64a3be613c5270,CUST002779,2025-11-01,treatment,success_plan_outreach,AM0036,Enterprise,B1,18.163968,10028.98,2500.0,0.5,11118.18,0,2026-02-01,1,10028.98,1.0,1.1086052619508664
retention_outreach_2025q4,ASG-cd6b473bfb4f3946,CUST003945,2025-11-01,treatment,success_plan_outreach,AM0004,SMB,B3,30.254913,334.67,350.0,0.5,334.67,0,2026-02-01,1,334.67,1.0,1.0
retention_outreach_2025q4,ASG-cdaef310d087ae24,CUST003438,2025-11-01,treatment,success_plan_outreach,AM0023,SMB,B4,55.236455,881.23,350.0,0.5,0.0,1,2026-02-01,0,0.0,0.0,0.0
retention_outreach_2025q4,ASG-cddc884ec09e394d,CUST001982,2025-11-01,control,no_action_control,AM0033,SMB,B3,31.539488,565.6,0.0,0.5,565.6,0,2026-02-01,1,565.6,1.0,1.0
retention_outreach_2025q4,ASG-ce35bd1cefd3617e,CUST000552,2025-11-01,treatment,success_plan_outreach,AM0005,Enterprise,B1,19.375627,19140.41,2500.0,0.5,19140.41,0,2026-02-01,1,19140.41,1.0,1.0
retention_outreach_2025q4,ASG-ce5265c9a982840a,CUST001789,2025-11-01,treatment,success_plan_outreach,AM0032,Mid-Market,B1,21.934492,3330.87,900.0,0.5,3330.87,0,2026-02-01,1,3330.87,1.0,1.0
retention_outreach_2025q4,ASG-ce5a4a66bb75fcef,CUST002027,2025-11-01,control,no_action_control,AM0026,Enterprise,B3,30.603407,7851.11,0.0,0.5,7851.11,0,2026-02-01,1,7851.11,1.0,1.0
retention_outreach_2025q4,ASG-ce7d8c0a32d8a88b,CUST004408,2025-11-01,control,no_action_control,AM0015,Mid-Market,B2,23.915393,3432.25,0.0,0.5,3432.25,0,2026-02-01,1,3432.25,1.0,1.0
retention_outreach_2025q4,ASG-ce7df9b2ce98f162,CUST004027,2025-11-01,treatment,success_plan_outreach,AM0008,SMB,B3,32.070691,462.5,350.0,0.5,529.42,0,2026-02-01,1,462.5,1.0,1.1446918918918918
retention_outreach_2025q4,ASG-ceeafd7a31bb7dc1,CUST001779,2025-11-01,control,no_action_control,AM0032,SMB,B2,27.01626,1071.12,0.0,0.5,1071.12,0,2026-02-01,1,1071.12,1.0,1.0
retention_outreach_2025q4,ASG-ceecf0827bbf7271,CUST002347,2025-11-01,treatment,success_plan_outreach,AM0009,SMB,B2,29.143724,1541.13,350.0,0.5,1541.13,0,2026-02-01,1,1541.13,1.0,1.0
retention_outreach_2025q4,ASG-cf120f99c7ce057c,CUST002106,2025-11-01,control,no_action_control,AM0013,Mid-Market,B1,19.993584,1151.88,0.0,0.5,1151.88,0,2026-02-01,1,1151.88,1.0,1.0
retention_outreach_2025q4,ASG-cf1ee998effb41f5,CUST004320,2025-11-01,control,no_action_control,AM0022,SMB,B2,25.683875,1057.62,0.0,0.5,1240.8,0,2026-02-01,1,1057.62,1.0,1.1732002042321439
retention_outreach_2025q4,ASG-cf2415935ca1a131,CUST003599,2025-11-01,treatment,success_plan_outreach,AM0031,SMB,B4,44.026913,971.49,350.0,0.5,971.49,0,2026-02-01,1,971.49,1.0,1.0
retention_outreach_2025q4,ASG-cf3a6f3193e91c07,CUST003063,2025-11-01,treatment,success_plan_outreach,AM0022,SMB,B1,23.305639,589.99,350.0,0.5,589.99,0,2026-02-01,1,589.99,1.0,1.0
retention_outreach_2025q4,ASG-cf4b9f6dbd4f9866,CUST003582,2025-11-01,control,no_action_control,AM0002,Enterprise,B3,30.270337,2572.53,0.0,0.5,3209.54,0,2026-02-01,1,2572.53,1.0,1.2476200471908976
retention_outreach_2025q4,ASG-cf6e3cfec3edab4a,CUST000794,2025-11-01,control,no_action_control,AM0015,Enterprise,B3,29.659797,7028.71,0.0,0.5,0.0,1,2026-02-01,0,0.0,0.0,0.0
retention_outreach_2025q4,ASG-cf859c667d4c3855,CUST003231,2025-11-01,treatment,success_plan_outreach,AM0017,Enterprise,B3,26.274804,47511.61,2500.0,0.5,47511.61,0,2026-02-01,1,47511.61,1.0,1.0
retention_outreach_2025q4,ASG-d085a2102ee5d2a8,CUST001063,2025-11-01,treatment,success_plan_outreach,AM0003,Enterprise,B4,31.904096,9568.2,2500.0,0.5,9568.2,0,2026-02-01,1,9568.2,1.0,1.0
retention_outreach_2025q4,ASG-d08faddb156b7f5e,CUST001512,2025-11-01,control,no_action_control,AM0002,SMB,B2,29.300091,759.75,0.0,0.5,805.17,0,2026-02-01,1,759.75,1.0,1.0597828232971371
retention_outreach_2025q4,ASG-d0d90183694301c4,CUST000159,2025-11-01,control,no_action_control,AM0010,SMB,B1,20.447526,950.0,0.0,0.5,950.0,1,2026-02-01,1,950.0,1.0,1.0
retention_outreach_2025q4,ASG-d0f01c33fd362fd5,CUST001618,2025-11-01,treatment,success_plan_outreach,AM0012,Mid-Market,B4,37.349412,3129.99,900.0,0.5,3129.99,0,2026-02-01,1,3129.99,1.0,1.0
retention_outreach_2025q4,ASG-d104f8f1a287c42c,CUST002890,2025-11-01,treatment,success_plan_outreach,AM0033,Enterprise,B2,25.504614,8797.05,2500.0,0.5,8797.05,0,2026-02-01,1,8797.05,1.0,1.0
retention_outreach_2025q4,ASG-d10e4bebbb7b82c3,CUST004033,2025-11-01,control,no_action_control,AM0002,SMB,B2,27.5404,250.0,0.0,0.5,250.0,0,2026-02-01,1,250.0,1.0,1.0
retention_outreach_2025q4,ASG-d10ee4bd0b0c712e,CUST002936,2025-11-01,treatment,success_plan_outreach,AM0012,SMB,B1,20.31942,1023.77,350.0,0.5,1023.77,0,2026-02-01,1,1023.77,1.0,1.0
retention_outreach_2025q4,ASG-d1264aa14cb47c90,CUST003574,2025-11-01,treatment,success_plan_outreach,AM0020,Enterprise,B2,20.487434,6732.44,2500.0,0.5,6732.44,0,2026-02-01,1,6732.44,1.0,1.0
retention_outreach_2025q4,ASG-d13dc0a72112a477,CUST002290,2025-11-01,control,no_action_control,AM0023,Mid-Market,B4,43.701551,3299.83,0.0,0.5,2750.59,0,2026-02-01,1,2750.59,0.8335550619274327,0.8335550619274327
retention_outreach_2025q4,ASG-d1562ddbe0d14a88,CUST001730,2025-11-01,control,no_action_control,AM0028,SMB,B3,34.152808,578.32,0.0,0.5,417.44,0,2026-02-01,1,417.44,0.7218149121593581,0.7218149121593581
retention_outreach_2025q4,ASG-d1566a78cdb1590c,CUST000722,2025-11-01,control,no_action_control,AM0004,Mid-Market,B2,25.714271,1368.81,0.0,0.5,1368.81,0,2026-02-01,1,1368.81,1.0,1.0
retention_outreach_2025q4,ASG-d17585d97d7953f5,CUST003080,2025-11-01,treatment,success_plan_outreach,AM0033,SMB,B1,22.083188,274.8,350.0,0.5,274.8,0,2026-02-01,1,274.8,1.0,1.0
retention_outreach_2025q4,ASG-d19258b0f9199eca,CUST002462,2025-11-01,control,no_action_control,AM0004,Enterprise,B2,24.547491,12015.06,0.0,0.5,12015.06,0,2026-02-01,1,12015.06,1.0,1.0
retention_outreach_2025q4,ASG-d1aec471bdf06392,CUST000226,2025-11-01,treatment,success_plan_outreach,AM0017,SMB,B4,47.750607,756.0,350.0,0.5,924.23,0,2026-02-01,1,756.0,1.0,1.222526455026455
retention_outreach_2025q4,ASG-d1bc666fc31c1ac8,CUST001711,2025-11-01,treatment,success_plan_outreach,AM0021,SMB,B4,49.974722,1030.75,350.0,0.5,0.0,1,2026-02-01,0,0.0,0.0,0.0
retention_outreach_2025q4,ASG-d1c73dacbac85b3e,CUST003823,2025-11-01,treatment,success_plan_outreach,AM0034,SMB,B3,30.737306,375.2,350.0,0.5,426.27,0,2026-02-01,1,375.2,1.0,1.1361140724946694
retention_outreach_2025q4,ASG-d1f2a6fcd0d10bf3,CUST003686,2025-11-01,treatment,success_plan_outreach,AM0024,Mid-Market,B3,31.333703,5141.5,900.0,0.5,5141.5,0,2026-02-01,1,5141.5,1.0,1.0
retention_outreach_2025q4,ASG-d2a34f887e4c75c7,CUST003332,2025-11-01,control,no_action_control,AM0016,SMB,B2,28.216402,581.15,0.0,0.5,581.15,0,2026-02-01,1,581.15,1.0,1.0
retention_outreach_2025q4,ASG-d2ade194a2c0c7b3,CUST001011,2025-11-01,control,no_action_control,AM0024,Enterprise,B4,32.684064,13790.83,0.0,0.5,13790.83,0,2026-02-01,1,13790.83,1.0,1.0
retention_outreach_2025q4,ASG-d2b2889714afa581,CUST001203,2025-11-01,control,no_action_control,AM0028,Mid-Market,B1,23.030397,1693.84,0.0,0.5,1693.84,0,2026-02-01,1,1693.84,1.0,1.0
retention_outreach_2025q4,ASG-d2eefe2eedfc8c4e,CUST002803,2025-11-01,control,no_action_control,AM0027,Enterprise,B1,18.475578,9704.12,0.0,0.5,9704.12,0,2026-02-01,1,9704.12,1.0,1.0
retention_outreach_2025q4,ASG-d2fd431a1867924f,CUST002913,2025-11-01,control,no_action_control,AM0040,SMB,B3,31.160641,518.0,0.0,0.5,518.0,0,2026-02-01,1,518.0,1.0,1.0
retention_outreach_2025q4,ASG-d34d774a32cb7709,CUST001903,2025-11-01,control,no_action_control,AM0037,Enterprise,B2,21.258946,3820.02,0.0,0.5,3820.02,0,2026-02-01,1,3820.02,1.0,1.0
retention_outreach_2025q4,ASG-d37f467ecfe5c527,CUST003672,2025-11-01,control,no_action_control,AM0028,SMB,B1,23.28691,1416.22,0.0,0.5,1416.22,0,2026-02-01,1,1416.22,1.0,1.0
retention_outreach_2025q4,ASG-d394207ebf6c79d3,CUST001215,2025-11-01,treatment,success_plan_outreach,AM0031,SMB,B4,48.088142,1109.69,350.0,0.5,1109.69,0,2026-02-01,1,1109.69,1.0,1.0
retention_outreach_2025q4,ASG-d3aa73d67cc05e12,CUST000743,2025-11-01,treatment,success_plan_outreach,AM0017,SMB,B2,29.354241,342.51,350.0,0.5,342.51,0,2026-02-01,1,342.51,1.0,1.0
retention_outreach_2025q4,ASG-d3beefaacef14eaa,CUST002023,2025-11-01,control,no_action_control,AM0019,Mid-Market,B2,28.514464,3268.73,0.0,0.5,3268.73,0,2026-02-01,1,3268.73,1.0,1.0
retention_outreach_2025q4,ASG-d3fa808e9ecaa8ba,CUST003046,2025-11-01,treatment,success_plan_outreach,AM0031,SMB,B1,19.242574,565.6,350.0,0.5,565.6,0,2026-02-01,1,565.6,1.0,1.0
retention_outreach_2025q4,ASG-d3fbc0ffdfa2cbc5,CUST001139,2025-11-01,treatment,success_plan_outreach,AM0036,SMB,B3,33.955447,574.94,350.0,0.5,574.94,0,2026-02-01,1,574.94,1.0,1.0
retention_outreach_2025q4,ASG-d44d7e9971bbf06c,CUST002908,2025-11-01,treatment,success_plan_outreach,AM0006,Enterprise,B4,32.072542,2568.75,2500.0,0.5,2568.75,0,2026-02-01,1,2568.75,1.0,1.0
retention_outreach_2025q4,ASG-d477e197166dffbe,CUST000138,2025-11-01,treatment,success_plan_outreach,AM0033,Mid-Market,B3,31.62753,830.0,900.0,0.5,830.0,0,2026-02-01,1,830.0,1.0,1.0
retention_outreach_2025q4,ASG-d4807fe23ffff2a1,CUST002062,2025-11-01,control,no_action_control,AM0020,SMB,B4,47.903939,335.0,0.0,0.5,335.0,0,2026-02-01,1,335.0,1.0,1.0
retention_outreach_2025q4,ASG-d49977816f624db6,CUST004213,2025-11-01,treatment,success_plan_outreach,AM0011,Mid-Market,B1,18.49294,2418.04,900.0,0.5,2418.04,0,2026-02-01,1,2418.04,1.0,1.0
retention_outreach_2025q4,ASG-d4b310197471d4fc,CUST002695,2025-11-01,treatment,success_plan_outreach,AM0034,SMB,B4,46.890465,375.2,350.0,0.5,375.2,0,2026-02-01,1,375.2,1.0,1.0
retention_outreach_2025q4,ASG-d4bf2ff78c7d2c40,CUST000791,2025-11-01,control,no_action_control,AM0034,SMB,B4,48.579677,355.71,0.0,0.5,355.71,0,2026-02-01,1,355.71,1.0,1.0
retention_outreach_2025q4,ASG-d4cd1b37da7c4643,CUST002184,2025-11-01,control,no_action_control,AM0024,Mid-Market,B2,25.714951,2545.83,0.0,0.5,2545.83,0,2026-02-01,1,2545.83,1.0,1.0
retention_outreach_2025q4,ASG-d4d7350ed5d6f5ea,CUST002959,2025-11-01,control,no_action_control,AM0032,Mid-Market,B3,30.64279,1151.88,0.0,0.5,1151.88,0,2026-02-01,1,1151.88,1.0,1.0
retention_outreach_2025q4,ASG-d4d8fd5af71afe35,CUST000605,2025-11-01,treatment,success_plan_outreach,AM0028,SMB,B3,31.765545,590.0,350.0,0.5,590.0,0,2026-02-01,1,590.0,1.0,1.0
retention_outreach_2025q4,ASG-d4ded45709f73d8a,CUST002440,2025-11-01,treatment,success_plan_outreach,AM0034,SMB,B1,21.984635,1030.75,350.0,0.5,1030.75,0,2026-02-01,1,1030.75,1.0,1.0
retention_outreach_2025q4,ASG-d4e7b7775db6795f,CUST002332,2025-11-01,treatment,success_plan_outreach,AM0028,Enterprise,B2,21.348974,26614.45,2500.0,0.5,28105.17,0,2026-02-01,1,26614.45,1.0,1.0560116778667228
retention_outreach_2025q4,ASG-d50084b1f73b63ce,CUST004224,2025-11-01,treatment,success_plan_outreach,AM0040,SMB,B2,29.903664,750.58,350.0,0.5,750.58,0,2026-02-01,1,750.58,1.0,1.0
retention_outreach_2025q4,ASG-d50372796448646a,CUST000718,2025-11-01,control,no_action_control,AM0015,SMB,B3,31.442375,312.81,0.0,0.5,312.81,0,2026-02-01,1,312.81,1.0,1.0
retention_outreach_2025q4,ASG-d51dba519b211996,CUST003233,2025-11-01,control,no_action_control,AM0004,SMB,B4,70.302559,662.3,0.0,0.5,662.3,0,2026-02-01,1,662.3,1.0,1.0
retention_outreach_2025q4,ASG-d5254eb7480c6aa3,CUST001808,2025-11-01,treatment,success_plan_outreach,AM0001,Enterprise,B1,19.062486,6990.0,2500.0,0.5,6990.0,0,2026-02-01,1,6990.0,1.0,1.0
retention_outreach_2025q4,ASG-d5355808eea76cd4,CUST003089,2025-11-01,treatment,success_plan_outreach,AM0022,Mid-Market,B4,32.905089,3179.25,900.0,0.5,3179.25,0,2026-02-01,1,3179.25,1.0,1.0
retention_outreach_2025q4,ASG-d535bd150d08854e,CUST003701,2025-11-01,treatment,success_plan_outreach,AM0012,Enterprise,B2,24.951894,6358.55,2500.0,0.5,6358.55,0,2026-02-01,1,6358.55,1.0,1.0
retention_outreach_2025q4,ASG-d53ac9ac0cfd657d,CUST001502,2025-11-01,treatment,success_plan_outreach,AM0040,SMB,B4,47.286725,613.2,350.0,0.5,703.17,0,2026-02-01,1,613.2,1.0,1.1467221135029353
retention_outreach_2025q4,ASG-d53ad06f6b16d5dd,CUST003247,2025-11-01,treatment,success_plan_outreach,AM0004,Mid-Market,B2,24.110231,1254.21,900.0,0.5,1095.54,0,2026-02-01,1,1095.54,0.8734900853923984,0.8734900853923984
retention_outreach_2025q4,ASG-d53df5f5ef7a60ef,CUST000865,2025-11-01,control,no_action_control,AM0012,Enterprise,B1,18.158102,7760.0,0.0,0.5,7760.0,0,2026-02-01,1,7760.0,1.0,1.0
retention_outreach_2025q4,ASG-d5474922845f126c,CUST001064,2025-11-01,control,no_action_control,AM0036,Mid-Market,B2,25.207623,3638.77,0.0,0.5,3638.77,0,2026-02-01,1,3638.77,1.0,1.0
retention_outreach_2025q4,ASG-d54e7fb97ca7c3ca,CUST002999,2025-11-01,treatment,success_plan_outreach,AM0037,SMB,B4,34.347076,1344.15,350.0,0.5,1427.69,0,2026-02-01,1,1344.15,1.0,1.0621508016218428
retention_outreach_2025q4,ASG-d55879c47accfff4,CUST003212,2025-11-01,treatment,success_plan_outreach,AM0005,SMB,B1,21.319646,1366.93,350.0,0.5,1366.93,0,2026-02-01,1,1366.93,1.0,1.0
retention_outreach_2025q4,ASG-d571dfe1d4355196,CUST001282,2025-11-01,control,no_action_control,AM0035,SMB,B1,19.197378,757.29,0.0,0.5,757.29,0,2026-02-01,1,757.29,1.0,1.0
retention_outreach_2025q4,ASG-d58073ee141f535e,CUST001492,2025-11-01,control,no_action_control,AM0008,SMB,B4,36.834502,900.55,0.0,0.5,758.6,0,2026-02-01,1,758.6,0.842374104713786,0.842374104713786
retention_outreach_2025q4,ASG-d5cdbca03ffeb112,CUST003295,2025-11-01,control,no_action_control,AM0024,Mid-Market,B3,31.104656,2760.0,0.0,0.5,2760.0,0,2026-02-01,1,2760.0,1.0,1.0
retention_outreach_2025q4,ASG-d5ed2ddd279b7a9c,CUST003008,2025-11-01,control,no_action_control,AM0037,Mid-Market,B2,28.400613,1797.02,0.0,0.5,1797.02,0,2026-02-01,1,1797.02,1.0,1.0
retention_outreach_2025q4,ASG-d5edbe183e1ea4d2,CUST001818,2025-11-01,treatment,success_plan_outreach,AM0024,SMB,B2,24.408784,565.6,350.0,0.5,0.0,0,2026-02-01,0,0.0,0.0,0.0
retention_outreach_2025q4,ASG-d5f22e9ecd5d8062,CUST000259,2025-11-01,control,no_action_control,AM0008,SMB,B4,54.689937,704.06,0.0,0.5,826.11,1,2026-02-01,1,704.06,1.0,1.1733517029798597
retention_outreach_2025q4,ASG-d5fd1bffa6a5d3e1,CUST001382,2025-11-01,treatment,success_plan_outreach,AM0032,Mid-Market,B1,19.287086,1224.14,900.0,0.5,1224.14,0,2026-02-01,1,1224.14,1.0,1.0
retention_outreach_2025q4,ASG-d63d8cc0df0cd4d3,CUST002238,2025-11-01,control,no_action_control,AM0010,Mid-Market,B2,23.703343,2491.67,0.0,0.5,2491.67,0,2026-02-01,1,2491.67,1.0,1.0
retention_outreach_2025q4,ASG-d649eb1669137ed2,CUST000326,2025-11-01,treatment,success_plan_outreach,AM0021,Mid-Market,B4,32.764196,1182.75,900.0,0.5,1182.75,0,2026-02-01,1,1182.75,1.0,1.0
retention_outreach_2025q4,ASG-d67cdbeaed0d3f36,CUST000268,2025-11-01,treatment,success_plan_outreach,AM0037,Mid-Market,B1,17.960753,1041.65,900.0,0.5,1041.65,0,2026-02-01,1,1041.65,1.0,1.0
retention_outreach_2025q4,ASG-d68e5304ee4cc0db,CUST003216,2025-11-01,control,no_action_control,AM0029,Mid-Market,B4,46.783514,3524.65,0.0,0.5,3524.65,0,2026-02-01,1,3524.65,1.0,1.0
retention_outreach_2025q4,ASG-d6de69920ce84709,CUST001137,2025-11-01,control,no_action_control,AM0037,Enterprise,B1,17.552931,2568.75,0.0,0.5,2568.75,0,2026-02-01,1,2568.75,1.0,1.0
retention_outreach_2025q4,ASG-d6ec9ddbccf98964,CUST001442,2025-11-01,treatment,success_plan_outreach,AM0015,Mid-Market,B2,24.344614,2686.31,900.0,0.5,2686.31,0,2026-02-01,1,2686.31,1.0,1.0
retention_outreach_2025q4,ASG-d729d3bb2059b1e3,CUST002952,2025-11-01,treatment,success_plan_outreach,AM0038,Mid-Market,B1,18.670457,2137.5,900.0,0.5,2137.5,0,2026-02-01,1,2137.5,1.0,1.0
retention_outreach_2025q4,ASG-d773bffad33ccaba,CUST000045,2025-11-01,treatment,success_plan_outreach,AM0012,SMB,B1,21.325746,375.2,350.0,0.5,426.99,0,2026-02-01,1,375.2,1.0,1.1380330490405117
retention_outreach_2025q4,ASG-d78d25072705929e,CUST001629,2025-11-01,control,no_action_control,AM0032,Enterprise,B2,23.898443,11134.66,0.0,0.5,11134.66,0,2026-02-01,1,11134.66,1.0,1.0
retention_outreach_2025q4,ASG-d79888a3036c89d3,CUST000320,2025-11-01,control,no_action_control,AM0020,Enterprise,B4,44.487739,7955.3,0.0,0.5,7955.3,0,2026-02-01,1,7955.3,1.0,1.0
retention_outreach_2025q4,ASG-d82337685cb3075d,CUST002660,2025-11-01,treatment,success_plan_outreach,AM0008,SMB,B4,51.411942,832.15,350.0,0.5,832.15,0,2026-02-01,1,832.15,1.0,1.0
retention_outreach_2025q4,ASG-d8357d2fcd117c50,CUST001154,2025-11-01,control,no_action_control,AM0012,SMB,B2,28.893027,371.02,0.0,0.5,371.02,0,2026-02-01,1,371.02,1.0,1.0
retention_outreach_2025q4,ASG-d87b819978b97beb,CUST003005,2025-11-01,treatment,success_plan_outreach,AM0017,SMB,B3,33.867637,757.03,350.0,0.5,757.03,0,2026-02-01,1,757.03,1.0,1.0
retention_outreach_2025q4,ASG-d899d8038fd1b829,CUST004121,2025-11-01,control,no_action_control,AM0010,SMB,B1,19.695287,914.38,0.0,0.5,914.38,0,2026-02-01,1,914.38,1.0,1.0
retention_outreach_2025q4,ASG-d8a83223a6812860,CUST002898,2025-11-01,treatment,success_plan_outreach,AM0032,Mid-Market,B4,52.748091,4786.98,900.0,0.5,4786.98,0,2026-02-01,1,4786.98,1.0,1.0
retention_outreach_2025q4,ASG-d8b928c8919baf5c,CUST003290,2025-11-01,control,no_action_control,AM0021,Mid-Market,B1,20.552955,2161.25,0.0,0.5,2161.25,0,2026-02-01,1,2161.25,1.0,1.0
retention_outreach_2025q4,ASG-d8c51dc9da7f170f,CUST003297,2025-11-01,control,no_action_control,AM0012,SMB,B2,28.762477,1147.23,0.0,0.5,1147.23,0,2026-02-01,1,1147.23,1.0,1.0
retention_outreach_2025q4,ASG-d8f3ff278f22f876,CUST001941,2025-11-01,control,no_action_control,AM0019,SMB,B2,27.322132,286.14,0.0,0.5,286.14,0,2026-02-01,1,286.14,1.0,1.0
retention_outreach_2025q4,ASG-d92b59e2934f7da1,CUST000539,2025-11-01,control,no_action_control,AM0011,SMB,B3,30.187229,950.0,0.0,0.5,950.0,0,2026-02-01,1,950.0,1.0,1.0
retention_outreach_2025q4,ASG-d96465689c730170,CUST001609,2025-11-01,treatment,success_plan_outreach,AM0033,SMB,B4,39.158517,1533.31,350.0,0.5,1533.31,0,2026-02-01,1,1533.31,1.0,1.0
retention_outreach_2025q4,ASG-d98d0b5bb9e75ab6,CUST003497,2025-11-01,treatment,success_plan_outreach,AM0028,SMB,B3,32.623826,547.5,350.0,0.5,547.5,0,2026-02-01,1,547.5,1.0,1.0
retention_outreach_2025q4,ASG-d9d4b254c7aca071,CUST004468,2025-11-01,treatment,success_plan_outreach,AM0028,SMB,B2,29.466551,660.8,350.0,0.5,896.69,0,2026-02-01,1,660.8,1.0,1.356976392251816
retention_outreach_2025q4,ASG-d9da1fde129a0390,CUST000400,2025-11-01,treatment,success_plan_outreach,AM0011,SMB,B2,28.475621,1071.79,350.0,0.5,1071.79,0,2026-02-01,1,1071.79,1.0,1.0
retention_outreach_2025q4,ASG-d9fc0c1fb7ba7804,CUST001765,2025-11-01,control,no_action_control,AM0011,SMB,B1,21.674752,473.85,0.0,0.5,473.85,0,2026-02-01,1,473.85,1.0,1.0
retention_outreach_2025q4,ASG-da3241ea98abc15e,CUST002505,2025-11-01,control,no_action_control,AM0024,SMB,B1,22.373549,1044.49,0.0,0.5,1044.49,0,2026-02-01,1,1044.49,1.0,1.0
retention_outreach_2025q4,ASG-da6edda184ecdce2,CUST004167,2025-11-01,treatment,success_plan_outreach,AM0005,Enterprise,B4,58.406372,17819.01,2500.0,0.5,17819.01,0,2026-02-01,1,17819.01,1.0,1.0
retention_outreach_2025q4,ASG-dab983c6f21aa4ac,CUST004120,2025-11-01,control,no_action_control,AM0007,Mid-Market,B4,35.573557,2193.75,0.0,0.5,2193.75,0,2026-02-01,1,2193.75,1.0,1.0
retention_outreach_2025q4,ASG-dba275f677de0d4a,CUST003808,2025-11-01,treatment,success_plan_outreach,AM0022,SMB,B1,19.524502,902.5,350.0,0.5,902.5,0,2026-02-01,1,902.5,1.0,1.0
retention_outreach_2025q4,ASG-dbe021635c7f61b0,CUST001234,2025-11-01,control,no_action_control,AM0024,SMB,B4,38.33536,590.0,0.0,0.5,590.0,0,2026-02-01,1,590.0,1.0,1.0
retention_outreach_2025q4,ASG-dbf05e3189f80c76,CUST000092,2025-11-01,control,no_action_control,AM0022,SMB,B4,37.075004,333.6,0.0,0.5,333.6,0,2026-02-01,1,333.6,1.0,1.0
retention_outreach_2025q4,ASG-dc2e9c69d325a455,CUST004109,2025-11-01,treatment,success_plan_outreach,AM0033,SMB,B2,29.909032,951.98,350.0,0.5,951.98,0,2026-02-01,1,951.98,1.0,1.0
retention_outreach_2025q4,ASG-dc7cdcc2effe2c5c,CUST001867,2025-11-01,control,no_action_control,AM0036,SMB,B1,21.87067,286.75,0.0,0.5,286.75,0,2026-02-01,1,286.75,1.0,1.0
retention_outreach_2025q4,ASG-dc8cd538e85e167d,CUST000035,2025-11-01,control,no_action_control,AM0036,Mid-Market,B3,30.693387,2377.61,0.0,0.5,2760.3,0,2026-02-01,1,2377.61,1.0,1.1609557496814027
retention_outreach_2025q4,ASG-dcc22b3e613e69b7,CUST001802,2025-11-01,treatment,success_plan_outreach,AM0027,Mid-Market,B3,30.141566,775.72,900.0,0.5,775.72,0,2026-02-01,1,775.72,1.0,1.0
retention_outreach_2025q4,ASG-dd6d688b549215bc,CUST002223,2025-11-01,treatment,success_plan_outreach,AM0031,Mid-Market,B1,18.77182,3611.4,900.0,0.5,3611.4,0,2026-02-01,1,3611.4,1.0,1.0
retention_outreach_2025q4,ASG-dd9cd94acf11af65,CUST002213,2025-11-01,treatment,success_plan_outreach,AM0031,SMB,B4,39.275162,327.6,350.0,0.5,327.6,0,2026-02-01,1,327.6,1.0,1.0
retention_outreach_2025q4,ASG-dda76ab4b65ef68d,CUST004172,2025-11-01,treatment,success_plan_outreach,AM0010,SMB,B4,52.734386,438.74,350.0,0.5,438.74,0,2026-02-01,1,438.74,1.0,1.0
retention_outreach_2025q4,ASG-ddda0a100488c27b,CUST001398,2025-11-01,treatment,success_plan_outreach,AM0039,Mid-Market,B3,31.878645,3800.99,900.0,0.5,3800.99,0,2026-02-01,1,3800.99,1.0,1.0
retention_outreach_2025q4,ASG-ddde7c9db68fbf9f,CUST004113,2025-11-01,control,no_action_control,AM0033,Mid-Market,B1,19.764232,2313.75,0.0,0.5,2313.75,0,2026-02-01,1,2313.75,1.0,1.0
retention_outreach_2025q4,ASG-de0008548ecfbf44,CUST003360,2025-11-01,treatment,success_plan_outreach,AM0022,SMB,B1,18.878512,900.55,350.0,0.5,900.55,0,2026-02-01,1,900.55,1.0,1.0
retention_outreach_2025q4,ASG-de0e496b41a4fe55,CUST000545,2025-11-01,control,no_action_control,AM0026,SMB,B2,30.10866,422.8,0.0,0.5,0.0,1,2026-02-01,0,0.0,0.0,0.0
retention_outreach_2025q4,ASG-de16c7ed1157bab1,CUST000114,2025-11-01,control,no_action_control,AM0025,SMB,B1,23.90321,1029.99,0.0,0.5,0.0,1,2026-02-01,0,0.0,0.0,0.0
retention_outreach_2025q4,ASG-de3715561c3a1888,CUST002561,2025-11-01,control,no_action_control,AM0013,SMB,B4,37.015395,237.5,0.0,0.5,237.5,0,2026-02-01,1,237.5,1.0,1.0
retention_outreach_2025q4,ASG-de7e464253e8a6d0,CUST001217,2025-11-01,treatment,success_plan_outreach,AM0016,SMB,B1,18.896574,606.14,350.0,0.5,606.14,0,2026-02-01,1,606.14,1.0,1.0
retention_outreach_2025q4,ASG-dea5afd6acfc9c5c,CUST003516,2025-11-01,control,no_action_control,AM0035,Mid-Market,B4,51.695842,4549.54,0.0,0.5,4549.54,0,2026-02-01,1,4549.54,1.0,1.0
retention_outreach_2025q4,ASG-dec41659bf7154a3,CUST001274,2025-11-01,control,no_action_control,AM0037,SMB,B3,32.061721,865.27,0.0,0.5,865.27,0,2026-02-01,1,865.27,1.0,1.0
retention_outreach_2025q4,ASG-dec69a59bf3dc5b8,CUST002588,2025-11-01,control,no_action_control,AM0003,Mid-Market,B2,24.158442,3385.97,0.0,0.5,3385.97,0,2026-02-01,1,3385.97,1.0,1.0
retention_outreach_2025q4,ASG-dec82e8a93101ce5,CUST000648,2025-11-01,treatment,success_plan_outreach,AM0001,SMB,B2,29.380655,938.12,350.0,0.5,938.12,0,2026-02-01,1,938.12,1.0,1.0
retention_outreach_2025q4,ASG-dec9312a5b57d4c7,CUST002066,2025-11-01,control,no_action_control,AM0027,SMB,B3,31.594058,996.17,0.0,0.5,996.17,0,2026-02-01,1,996.17,1.0,1.0
retention_outreach_2025q4,ASG-decbec1f6aafd2b4,CUST002754,2025-11-01,control,no_action_control,AM0030,Mid-Market,B4,45.469701,2791.88,0.0,0.5,2791.88,0,2026-02-01,1,2791.88,1.0,1.0
retention_outreach_2025q4,ASG-df405111b9f73447,CUST001008,2025-11-01,control,no_action_control,AM0024,Mid-Market,B3,30.535411,2163.38,0.0,0.5,2163.38,0,2026-02-01,1,2163.38,1.0,1.0
retention_outreach_2025q4,ASG-df9c1104ac54e2a5,CUST001342,2025-11-01,control,no_action_control,AM0010,SMB,B4,35.372176,292.5,0.0,0.5,0.0,1,2026-02-01,0,0.0,0.0,0.0
retention_outreach_2025q4,ASG-df9db766ea16a400,CUST004020,2025-11-01,treatment,success_plan_outreach,AM0006,SMB,B3,30.960327,1071.12,350.0,0.5,1173.74,0,2026-02-01,1,1071.12,1.0,1.0958062588692212
retention_outreach_2025q4,ASG-e035c62018a9adc5,CUST003693,2025-11-01,treatment,success_plan_outreach,AM0012,SMB,B2,29.80424,518.0,350.0,0.5,518.0,0,2026-02-01,1,518.0,1.0,1.0
retention_outreach_2025q4,ASG-e04f06af3103c32a,CUST002002,2025-11-01,control,no_action_control,AM0012,SMB,B3,33.136121,1076.29,0.0,0.5,1076.29,0,2026-02-01,1,1076.29,1.0,1.0
retention_outreach_2025q4,ASG-e0a771be1ef2097b,CUST003382,2025-11-01,control,no_action_control,AM0006,Mid-Market,B3,29.324557,2790.59,0.0,0.5,2790.59,0,2026-02-01,1,2790.59,1.0,1.0
retention_outreach_2025q4,ASG-e10aef3c709187b7,CUST004057,2025-11-01,control,no_action_control,AM0019,SMB,B3,30.779223,979.14,0.0,0.5,979.14,0,2026-02-01,1,979.14,1.0,1.0
retention_outreach_2025q4,ASG-e11b5bb10d8c8b8e,CUST003856,2025-11-01,treatment,success_plan_outreach,AM0031,Enterprise,B2,19.730024,7944.13,2500.0,0.5,7944.13,0,2026-02-01,1,7944.13,1.0,1.0
retention_outreach_2025q4,ASG-e1511ff52bdc0c46,CUST001884,2025-11-01,treatment,success_plan_outreach,AM0027,SMB,B4,48.465748,990.38,350.0,0.5,990.38,0,2026-02-01,1,990.38,1.0,1.0
retention_outreach_2025q4,ASG-e168406028872c02,CUST000466,2025-11-01,treatment,success_plan_outreach,AM0016,SMB,B1,19.10494,922.57,350.0,0.5,922.57,0,2026-02-01,1,922.57,1.0,1.0
retention_outreach_2025q4,ASG-e1ad621eb25929fa,CUST000367,2025-11-01,control,no_action_control,AM0040,SMB,B1,19.174769,724.37,0.0,0.5,724.37,0,2026-02-01,1,724.37,1.0,1.0
retention_outreach_2025q4,ASG-e1c85a829774090f,CUST003983,2025-11-01,treatment,success_plan_outreach,AM0011,SMB,B1,21.828442,902.5,350.0,0.5,902.5,0,2026-02-01,1,902.5,1.0,1.0
retention_outreach_2025q4,ASG-e1e3d0181dfb8e13,CUST001856,2025-11-01,control,no_action_control,AM0034,Mid-Market,B2,26.072322,2857.83,0.0,0.5,3273.05,0,2026-02-01,1,2857.83,1.0,1.145292057260229
retention_outreach_2025q4,ASG-e22ce9e8a1772af8,CUST002857,2025-11-01,treatment,success_plan_outreach,AM0004,Mid-Market,B3,29.252772,1313.37,900.0,0.5,1313.37,0,2026-02-01,1,1313.37,1.0,1.0
retention_outreach_2025q4,ASG-e238eb42aa27aded,CUST001845,2025-11-01,control,no_action_control,AM0005,SMB,B4,38.715734,660.49,0.0,0.5,660.49,0,2026-02-01,1,660.49,1.0,1.0
retention_outreach_2025q4,ASG-e2c1e15d35c016a6,CUST000014,2025-11-01,treatment,success_plan_outreach,AM0035,Mid-Market,B1,18.534495,2699.57,900.0,0.5,2699.57,0,2026-02-01,1,2699.57,1.0,1.0
retention_outreach_2025q4,ASG-e30c2079a8e7b522,CUST001082,2025-11-01,control,no_action_control,AM0007,Mid-Market,B2,24.729665,2451.0,0.0,0.5,2451.0,0,2026-02-01,1,2451.0,1.0,1.0
retention_outreach_2025q4,ASG-e38df277b03d14d7,CUST004047,2025-11-01,treatment,success_plan_outreach,AM0029,SMB,B1,19.080931,768.52,350.0,0.5,768.52,0,2026-02-01,1,768.52,1.0,1.0
retention_outreach_2025q4,ASG-e3f1140a4dbcf13a,CUST003137,2025-11-01,treatment,success_plan_outreach,AM0018,Enterprise,B2,23.802546,13369.44,2500.0,0.5,13369.44,0,2026-02-01,1,13369.44,1.0,1.0
retention_outreach_2025q4,ASG-e3fa47a204a19216,CUST000751,2025-11-01,control,no_action_control,AM0016,Mid-Market,B2,26.835631,1961.69,0.0,0.5,1961.69,0,2026-02-01,1,1961.69,1.0,1.0
retention_outreach_2025q4,ASG-e48fee161a56c7f0,CUST002982,2025-11-01,treatment,success_plan_outreach,AM0030,SMB,B2,29.729786,327.6,350.0,0.5,327.6,1,2026-02-01,1,327.6,1.0,1.0
retention_outreach_2025q4,ASG-e4ccb7e3aaec439b,CUST001119,2025-11-01,control,no_action_control,AM0026,SMB,B3,30.186732,914.38,0.0,0.5,914.38,0,2026-02-01,1,914.38,1.0,1.0
retention_outreach_2025q4,ASG-e4d4500921ee9732,CUST004440,2025-11-01,control,no_action_control,AM0026,SMB,B4,36.772203,591.65,0.0,0.5,591.65,0,2026-02-01,1,591.65,1.0,1.0
retention_outreach_2025q4,ASG-e5080e73c41b3877,CUST003583,2025-11-01,treatment,success_plan_outreach,AM0014,SMB,B3,30.683852,299.92,350.0,0.5,299.92,0,2026-02-01,1,299.92,1.0,1.0
retention_outreach_2025q4,ASG-e5bec7618bbcb302,CUST001462,2025-11-01,control,no_action_control,AM0040,Mid-Market,B2,25.158974,2600.81,0.0,0.5,0.0,1,2026-02-01,0,0.0,0.0,0.0
retention_outreach_2025q4,ASG-e5c38ab351ad932c,CUST002838,2025-11-01,treatment,success_plan_outreach,AM0038,Mid-Market,B3,29.465268,675.12,900.0,0.5,788.55,0,2026-02-01,1,675.12,1.0,1.1680145751866333
retention_outreach_2025q4,ASG-e6119ae290f800de,CUST002802,2025-11-01,control,no_action_control,AM0028,SMB,B4,45.058031,684.65,0.0,0.5,684.65,0,2026-02-01,1,684.65,1.0,1.0
retention_outreach_2025q4,ASG-e61739320afb05ed,CUST000593,2025-11-01,control,no_action_control,AM0027,Mid-Market,B1,21.919377,2617.41,0.0,0.5,2617.41,0,2026-02-01,1,2617.41,1.0,1.0
retention_outreach_2025q4,ASG-e633c2e414a13f09,CUST000286,2025-11-01,control,no_action_control,AM0025,Mid-Market,B1,19.270676,1359.12,0.0,0.5,1359.12,0,2026-02-01,1,1359.12,1.0,1.0
retention_outreach_2025q4,ASG-e6ae54f51842ae95,CUST003519,2025-11-01,control,no_action_control,AM0008,SMB,B4,35.518609,468.49,0.0,0.5,468.49,0,2026-02-01,1,468.49,1.0,1.0
retention_outreach_2025q4,ASG-e6bbbf268ae91c25,CUST000660,2025-11-01,control,no_action_control,AM0031,SMB,B1,21.076226,919.92,0.0,0.5,919.92,1,2026-02-01,1,919.92,1.0,1.0
retention_outreach_2025q4,ASG-e7014f5759e21aac,CUST001128,2025-11-01,control,no_action_control,AM0003,Mid-Market,B1,17.947664,2551.81,0.0,0.5,2551.81,0,2026-02-01,1,2551.81,1.0,1.0
retention_outreach_2025q4,ASG-e71e579f733a4b21,CUST002894,2025-11-01,treatment,success_plan_outreach,AM0023,Mid-Market,B1,22.823418,2821.0,900.0,0.5,2821.0,0,2026-02-01,1,2821.0,1.0,1.0
retention_outreach_2025q4,ASG-e720d58c9881f6ad,CUST002078,2025-11-01,control,no_action_control,AM0029,Mid-Market,B4,34.221673,2746.41,0.0,0.5,2746.41,0,2026-02-01,1,2746.41,1.0,1.0
retention_outreach_2025q4,ASG-e722efdf778e3edf,CUST001135,2025-11-01,control,no_action_control,AM0010,Mid-Market,B3,30.029711,1290.94,0.0,0.5,1290.94,0,2026-02-01,1,1290.94,1.0,1.0
retention_outreach_2025q4,ASG-e7583883654ff2b7,CUST001715,2025-11-01,control,no_action_control,AM0005,SMB,B2,25.175745,422.8,0.0,0.5,422.8,0,2026-02-01,1,422.8,1.0,1.0
retention_outreach_2025q4,ASG-e785aeaf9d112107,CUST001058,2025-11-01,treatment,success_plan_outreach,AM0014,SMB,B2,26.508474,950.0,350.0,0.5,950.0,0,2026-02-01,1,950.0,1.0,1.0
retention_outreach_2025q4,ASG-e7a95fa2cc3f8914,CUST004095,2025-11-01,control,no_action_control,AM0031,SMB,B1,23.482249,553.88,0.0,0.5,553.88,0,2026-02-01,1,553.88,1.0,1.0
retention_outreach_2025q4,ASG-e7c7a9350a6ce6d2,CUST002522,2025-11-01,control,no_action_control,AM0010,Mid-Market,B3,31.074179,2901.43,0.0,0.5,2901.43,0,2026-02-01,1,2901.43,1.0,1.0
retention_outreach_2025q4,ASG-e7d033b7af502647,CUST001320,2025-11-01,treatment,success_plan_outreach,AM0001,SMB,B2,29.593543,891.18,350.0,0.5,891.18,0,2026-02-01,1,891.18,1.0,1.0
retention_outreach_2025q4,ASG-e81d8408196801fc,CUST002733,2025-11-01,control,no_action_control,AM0038,Mid-Market,B2,23.794311,1471.84,0.0,0.5,1341.35,0,2026-02-01,1,1341.35,0.9113422654636374,0.9113422654636374
retention_outreach_2025q4,ASG-e822d4200350078f,CUST003615,2025-11-01,control,no_action_control,AM0030,SMB,B4,54.246784,1833.95,0.0,0.5,1634.39,0,2026-02-01,1,1634.39,0.8911856920853894,0.8911856920853894
retention_outreach_2025q4,ASG-e83ea10b14b4fbe4,CUST001475,2025-11-01,control,no_action_control,AM0007,SMB,B3,30.842814,335.0,0.0,0.5,335.0,0,2026-02-01,1,335.0,1.0,1.0
retention_outreach_2025q4,ASG-e84680f3fbe72273,CUST000678,2025-11-01,treatment,success_plan_outreach,AM0037,Mid-Market,B2,26.20417,3612.74,900.0,0.5,3612.74,0,2026-02-01,1,3612.74,1.0,1.0
retention_outreach_2025q4,ASG-e87a7990bdf74bb5,CUST003501,2025-11-01,control,no_action_control,AM0026,SMB,B1,23.353227,914.38,0.0,0.5,914.38,0,2026-02-01,1,914.38,1.0,1.0
retention_outreach_2025q4,ASG-e888626713af4a6e,CUST001748,2025-11-01,control,no_action_control,AM0002,Mid-Market,B2,25.191662,2578.33,0.0,0.5,3151.67,0,2026-02-01,1,2578.33,1.0,1.2223687425581675
retention_outreach_2025q4,ASG-e8bdf946592105c8,CUST003816,2025-11-01,treatment,success_plan_outreach,AM0020,Mid-Market,B2,25.779594,3005.17,900.0,0.5,3521.96,0,2026-02-01,1,3005.17,1.0,1.171966976909792
retention_outreach_2025q4,ASG-e8ca9470bfbe9776,CUST002354,2025-11-01,treatment,success_plan_outreach,AM0019,SMB,B4,34.808408,470.4,350.0,0.5,470.4,0,2026-02-01,1,470.4,1.0,1.0
retention_outreach_2025q4,ASG-e8e21619090b4542,CUST001267,2025-11-01,control,no_action_control,AM0034,Mid-Market,B3,29.73753,3333.75,0.0,0.5,3333.75,0,2026-02-01,1,3333.75,1.0,1.0
retention_outreach_2025q4,ASG-e9c4eafade581476,CUST000319,2025-11-01,control,no_action_control,AM0012,Enterprise,B4,31.700456,7691.9,0.0,0.5,7691.9,0,2026-02-01,1,7691.9,1.0,1.0
retention_outreach_2025q4,ASG-e9cd093142dcccd9,CUST002569,2025-11-01,treatment,success_plan_outreach,AM0002,Enterprise,B4,31.847839,7367.11,2500.0,0.5,7367.11,0,2026-02-01,1,7367.11,1.0,1.0
retention_outreach_2025q4,ASG-e9ea0a90400158de,CUST002497,2025-11-01,control,no_action_control,AM0038,Enterprise,B3,29.418517,5086.88,0.0,0.5,6087.8,0,2026-02-01,1,5086.88,1.0,1.19676501116598
retention_outreach_2025q4,ASG-e9ee74b43188b243,CUST003871,2025-11-01,control,no_action_control,AM0034,SMB,B3,33.049417,262.64,0.0,0.5,0.0,0,2026-02-01,0,0.0,0.0,0.0
retention_outreach_2025q4,ASG-ea4ea979e767a682,CUST000971,2025-11-01,control,no_action_control,AM0003,SMB,B2,24.752538,1058.83,0.0,0.5,1058.83,0,2026-02-01,1,1058.83,1.0,1.0
retention_outreach_2025q4,ASG-ea6add75b001c873,CUST003570,2025-11-01,control,no_action_control,AM0032,SMB,B4,36.393196,518.0,0.0,0.5,518.0,0,2026-02-01,1,518.0,1.0,1.0
retention_outreach_2025q4,ASG-ea6eecaf8727d5d5,CUST002391,2025-11-01,treatment,success_plan_outreach,AM0009,SMB,B2,27.875,518.0,350.0,0.5,518.0,0,2026-02-01,1,518.0,1.0,1.0
retention_outreach_2025q4,ASG-ea8ee5bf20b27bdd,CUST003698,2025-11-01,treatment,success_plan_outreach,AM0021,Enterprise,B4,32.140674,6248.89,2500.0,0.5,6248.89,0,2026-02-01,1,6248.89,1.0,1.0
retention_outreach_2025q4,ASG-ea90664a6426bdcf,CUST004464,2025-11-01,control,no_action_control,AM0035,Mid-Market,B1,19.355074,1323.85,0.0,0.5,1323.85,0,2026-02-01,1,1323.85,1.0,1.0
retention_outreach_2025q4,ASG-eab741791c907e7b,CUST002157,2025-11-01,control,no_action_control,AM0013,SMB,B3,32.045232,371.16,0.0,0.5,371.16,0,2026-02-01,1,371.16,1.0,1.0
retention_outreach_2025q4,ASG-eadada57d906b2b8,CUST000144,2025-11-01,control,no_action_control,AM0033,Mid-Market,B2,26.196156,1086.84,0.0,0.5,1086.84,0,2026-02-01,1,1086.84,1.0,1.0
retention_outreach_2025q4,ASG-eadbc77d17c38947,CUST004299,2025-11-01,treatment,success_plan_outreach,AM0006,Mid-Market,B2,27.29969,4233.3,900.0,0.5,4233.3,0,2026-02-01,1,4233.3,1.0,1.0
retention_outreach_2025q4,ASG-eaf8021b27380088,CUST001599,2025-11-01,treatment,success_plan_outreach,AM0022,SMB,B2,27.563119,372.69,350.0,0.5,372.69,0,2026-02-01,1,372.69,1.0,1.0
retention_outreach_2025q4,ASG-eb16e1cf46e1cb28,CUST003828,2025-11-01,treatment,success_plan_outreach,AM0011,Mid-Market,B4,32.272563,1129.84,900.0,0.5,1129.84,0,2026-02-01,1,1129.84,1.0,1.0
retention_outreach_2025q4,ASG-eb485c16f365986e,CUST002194,2025-11-01,treatment,success_plan_outreach,AM0014,SMB,B1,19.967039,275.13,350.0,0.5,275.13,0,2026-02-01,1,275.13,1.0,1.0
retention_outreach_2025q4,ASG-eb4e409c6aea8870,CUST001482,2025-11-01,treatment,success_plan_outreach,AM0014,SMB,B1,23.163368,370.74,350.0,0.5,370.74,0,2026-02-01,1,370.74,1.0,1.0
retention_outreach_2025q4,ASG-eb5644656de6aa78,CUST001872,2025-11-01,treatment,success_plan_outreach,AM0034,Mid-Market,B3,32.161659,2480.83,900.0,0.5,2480.83,0,2026-02-01,1,2480.83,1.0,1.0
retention_outreach_2025q4,ASG-eb677688ed8dd8f0,CUST001608,2025-11-01,treatment,success_plan_outreach,AM0034,SMB,B3,30.695548,280.59,350.0,0.5,246.87,0,2026-02-01,1,246.87,0.879824655190848,0.879824655190848
retention_outreach_2025q4,ASG-eb91a53ae3780cbd,CUST001296,2025-11-01,treatment,success_plan_outreach,AM0010,SMB,B2,28.14881,557.77,350.0,0.5,557.77,0,2026-02-01,1,557.77,1.0,1.0
retention_outreach_2025q4,ASG-eb93954af9fd536c,CUST001467,2025-11-01,treatment,success_plan_outreach,AM0028,SMB,B1,18.962277,422.8,350.0,0.5,422.8,0,2026-02-01,1,422.8,1.0,1.0
retention_outreach_2025q4,ASG-ebc2d331edf94af6,CUST004066,2025-11-01,control,no_action_control,AM0014,Enterprise,B3,27.84665,8628.0,0.0,0.5,8628.0,0,2026-02-01,1,8628.0,1.0,1.0
retention_outreach_2025q4,ASG-ec1da73dceda1e85,CUST003321,2025-11-01,treatment,success_plan_outreach,AM0014,Enterprise,B4,35.572509,5767.67,2500.0,0.5,5767.67,0,2026-02-01,1,5767.67,1.0,1.0
retention_outreach_2025q4,ASG-ec8647c367a8fe43,CUST000202,2025-11-01,control,no_action_control,AM0020,SMB,B1,22.723181,898.42,0.0,0.5,898.42,0,2026-02-01,1,898.42,1.0,1.0
retention_outreach_2025q4,ASG-ecbd95aefc7381dd,CUST001456,2025-11-01,control,no_action_control,AM0020,SMB,B3,32.551557,250.0,0.0,0.5,250.0,0,2026-02-01,1,250.0,1.0,1.0
retention_outreach_2025q4,ASG-ecd614781a9d57a7,CUST003004,2025-11-01,treatment,success_plan_outreach,AM0026,SMB,B4,43.105563,969.48,350.0,0.5,969.48,0,2026-02-01,1,969.48,1.0,1.0
retention_outreach_2025q4,ASG-ecfbe6863636948e,CUST001638,2025-11-01,control,no_action_control,AM0021,SMB,B1,23.382764,701.6,0.0,0.5,0.0,0,2026-02-01,0,0.0,0.0,0.0
retention_outreach_2025q4,ASG-ed055802a9fdb8a5,CUST001977,2025-11-01,treatment,success_plan_outreach,AM0013,Mid-Market,B2,24.447193,4047.67,900.0,0.5,3722.81,0,2026-02-01,1,3722.81,0.919741480901358,0.919741480901358
retention_outreach_2025q4,ASG-ed25b97f1611c9e9,CUST001055,2025-11-01,control,no_action_control,AM0017,SMB,B2,29.836986,462.5,0.0,0.5,462.5,0,2026-02-01,1,462.5,1.0,1.0
retention_outreach_2025q4,ASG-ed44609cace1cae1,CUST001556,2025-11-01,treatment,success_plan_outreach,AM0031,SMB,B3,31.122241,292.5,350.0,0.5,292.5,0,2026-02-01,1,292.5,1.0,1.0
retention_outreach_2025q4,ASG-ed4d5a0a6111e8a6,CUST000636,2025-11-01,control,no_action_control,AM0031,Enterprise,B1,18.341494,5104.67,0.0,0.5,5104.67,0,2026-02-01,1,5104.67,1.0,1.0
retention_outreach_2025q4,ASG-ed6dffeccecf7dfb,CUST000955,2025-11-01,treatment,success_plan_outreach,AM0034,SMB,B1,21.714881,470.4,350.0,0.5,470.4,0,2026-02-01,1,470.4,1.0,1.0
retention_outreach_2025q4,ASG-ed913ace1c80133b,CUST001557,2025-11-01,treatment,success_plan_outreach,AM0017,Mid-Market,B3,30.880956,2560.09,900.0,0.5,2087.03,0,2026-02-01,1,2087.03,0.8152174337620943,0.8152174337620943
retention_outreach_2025q4,ASG-ed91b3e140cff668,CUST004334,2025-11-01,control,no_action_control,AM0004,SMB,B3,32.1456,865.27,0.0,0.5,865.27,0,2026-02-01,1,865.27,1.0,1.0
retention_outreach_2025q4,ASG-edc43e9d90ddecbe,CUST001840,2025-11-01,treatment,success_plan_outreach,AM0006,Enterprise,B4,32.254962,24027.7,2500.0,0.5,28010.9,0,2026-02-01,1,24027.7,1.0,1.1657753343016601
retention_outreach_2025q4,ASG-ee23017dd2e3e986,CUST003897,2025-11-01,control,no_action_control,AM0006,Mid-Market,B4,32.246069,1515.25,0.0,0.5,1515.25,0,2026-02-01,1,1515.25,1.0,1.0
retention_outreach_2025q4,ASG-ee44454af5acafb9,CUST003105,2025-11-01,treatment,success_plan_outreach,AM0031,SMB,B3,31.976188,424.94,350.0,0.5,424.94,0,2026-02-01,1,424.94,1.0,1.0
retention_outreach_2025q4,ASG-ee5fd83bed4815a3,CUST003085,2025-11-01,treatment,success_plan_outreach,AM0025,Mid-Market,B4,33.635066,809.25,900.0,0.5,809.25,0,2026-02-01,1,809.25,1.0,1.0
retention_outreach_2025q4,ASG-ee6fb014429a0aea,CUST004029,2025-11-01,treatment,success_plan_outreach,AM0023,Mid-Market,B2,26.496696,1656.77,900.0,0.5,1656.77,0,2026-02-01,1,1656.77,1.0,1.0
retention_outreach_2025q4,ASG-ee7f241889f2af64,CUST001769,2025-11-01,treatment,success_plan_outreach,AM0022,SMB,B1,21.917908,785.35,350.0,0.5,785.35,0,2026-02-01,1,785.35,1.0,1.0
retention_outreach_2025q4,ASG-eea977e0a9fc904d,CUST001820,2025-11-01,control,no_action_control,AM0016,Mid-Market,B2,27.787484,2636.83,0.0,0.5,2636.83,0,2026-02-01,1,2636.83,1.0,1.0
retention_outreach_2025q4,ASG-eeb74e12a6320615,CUST003761,2025-11-01,treatment,success_plan_outreach,AM0024,Mid-Market,B2,23.521601,3124.01,900.0,0.5,3615.95,0,2026-02-01,1,3124.01,1.0,1.1574706867135507
retention_outreach_2025q4,ASG-eeb87a64b4c40373,CUST003535,2025-11-01,treatment,success_plan_outreach,AM0030,SMB,B1,22.275687,1617.7,350.0,0.5,1617.7,0,2026-02-01,1,1617.7,1.0,1.0
retention_outreach_2025q4,ASG-eee146ba8f7fa21a,CUST003339,2025-11-01,treatment,success_plan_outreach,AM0033,Enterprise,B4,32.543277,5023.12,2500.0,0.5,5023.12,0,2026-02-01,1,5023.12,1.0,1.0
retention_outreach_2025q4,ASG-ef73d9fabcfae007,CUST003729,2025-11-01,control,no_action_control,AM0037,SMB,B3,30.738597,1422.4,0.0,0.5,1422.4,0,2026-02-01,1,1422.4,1.0,1.0
retention_outreach_2025q4,ASG-ef752f693eada967,CUST003490,2025-11-01,treatment,success_plan_outreach,AM0004,SMB,B2,29.536579,462.04,350.0,0.5,567.03,0,2026-02-01,1,462.04,1.0,1.2272314085360574
retention_outreach_2025q4,ASG-efbd7208d79cd28a,CUST002509,2025-11-01,control,no_action_control,AM0009,SMB,B3,31.567113,237.5,0.0,0.5,237.5,0,2026-02-01,1,237.5,1.0,1.0
retention_outreach_2025q4,ASG-eff70de5f5e13eaf,CUST002507,2025-11-01,control,no_action_control,AM0028,SMB,B3,30.763717,709.19,0.0,0.5,709.19,0,2026-02-01,1,709.19,1.0,1.0
retention_outreach_2025q4,ASG-f001b293080b3fc0,CUST002180,2025-11-01,control,no_action_control,AM0028,Mid-Market,B3,29.025999,2823.75,0.0,0.5,2823.75,0,2026-02-01,1,2823.75,1.0,1.0
retention_outreach_2025q4,ASG-f00d3013f5c16a81,CUST004067,2025-11-01,treatment,success_plan_outreach,AM0032,SMB,B4,39.67981,1221.24,350.0,0.5,1221.24,0,2026-02-01,1,1221.24,1.0,1.0
retention_outreach_2025q4,ASG-f08ec2afa10e90da,CUST004442,2025-11-01,control,no_action_control,AM0003,SMB,B2,29.698534,467.46,0.0,0.5,467.46,0,2026-02-01,1,467.46,1.0,1.0
retention_outreach_2025q4,ASG-f0b5728406076a01,CUST000215,2025-11-01,treatment,success_plan_outreach,AM0029,SMB,B2,29.438343,422.8,350.0,0.5,422.8,0,2026-02-01,1,422.8,1.0,1.0
retention_outreach_2025q4,ASG-f0c3fcd6576242b5,CUST001890,2025-11-01,treatment,success_plan_outreach,AM0022,Enterprise,B1,19.283116,25821.64,2500.0,0.5,20699.42,0,2026-02-01,1,20699.42,0.8016307252366619,0.8016307252366619
retention_outreach_2025q4,ASG-f0ec702817267c22,CUST004239,2025-11-01,treatment,success_plan_outreach,AM0002,SMB,B2,25.754977,888.6,350.0,0.5,888.6,0,2026-02-01,1,888.6,1.0,1.0
retention_outreach_2025q4,ASG-f0f4f8edc5e79ee9,CUST003217,2025-11-01,treatment,success_plan_outreach,AM0007,Mid-Market,B3,28.739746,1844.19,900.0,0.5,1844.19,0,2026-02-01,1,1844.19,1.0,1.0
retention_outreach_2025q4,ASG-f0fda9adbdd71d05,CUST003244,2025-11-01,control,no_action_control,AM0040,Enterprise,B2,21.065792,27974.0,0.0,0.5,31116.44,0,2026-02-01,1,27974.0,1.0,1.1123343104311145
retention_outreach_2025q4,ASG-f128c513364c155f,CUST002813,2025-11-01,treatment,success_plan_outreach,AM0007,SMB,B2,26.522189,1287.94,350.0,0.5,1287.94,0,2026-02-01,1,1287.94,1.0,1.0
retention_outreach_2025q4,ASG-f157ea35e9c7027b,CUST001775,2025-11-01,control,no_action_control,AM0028,SMB,B2,24.708257,776.16,0.0,0.5,776.16,0,2026-02-01,1,776.16,1.0,1.0
retention_outreach_2025q4,ASG-f172057d331f59c8,CUST001989,2025-11-01,control,no_action_control,AM0031,SMB,B2,28.834873,584.5,0.0,0.5,584.5,0,2026-02-01,1,584.5,1.0,1.0
retention_outreach_2025q4,ASG-f1957bf7b938e2e2,CUST003986,2025-11-01,control,no_action_control,AM0008,Mid-Market,B2,25.447577,3253.09,0.0,0.5,3253.09,0,2026-02-01,1,3253.09,1.0,1.0
retention_outreach_2025q4,ASG-f1abea89032b4a6a,CUST001468,2025-11-01,treatment,success_plan_outreach,AM0035,SMB,B2,27.393686,353.61,350.0,0.5,353.61,0,2026-02-01,1,353.61,1.0,1.0
retention_outreach_2025q4,ASG-f1b8a66b5a608f23,CUST003374,2025-11-01,treatment,success_plan_outreach,AM0030,SMB,B4,46.454999,518.0,350.0,0.5,518.0,0,2026-02-01,1,518.0,1.0,1.0
retention_outreach_2025q4,ASG-f1eec31f2450e6a0,CUST003880,2025-11-01,control,no_action_control,AM0030,SMB,B2,28.035491,1204.68,0.0,0.5,1204.68,0,2026-02-01,1,1204.68,1.0,1.0
retention_outreach_2025q4,ASG-f1fbca1d4befbf63,CUST000345,2025-11-01,treatment,success_plan_outreach,AM0024,SMB,B1,20.471414,1433.33,350.0,0.5,1433.33,0,2026-02-01,1,1433.33,1.0,1.0
retention_outreach_2025q4,ASG-f226326c4f3e0b5e,CUST000218,2025-11-01,treatment,success_plan_outreach,AM0037,SMB,B2,28.360466,1145.77,350.0,0.5,1145.77,0,2026-02-01,1,1145.77,1.0,1.0
retention_outreach_2025q4,ASG-f2582c5f0fb9d359,CUST000126,2025-11-01,control,no_action_control,AM0035,SMB,B4,37.882014,762.58,0.0,0.5,762.58,0,2026-02-01,1,762.58,1.0,1.0
retention_outreach_2025q4,ASG-f29923e00c64b388,CUST004394,2025-11-01,control,no_action_control,AM0010,Mid-Market,B3,30.836808,985.23,0.0,0.5,985.23,0,2026-02-01,1,985.23,1.0,1.0
retention_outreach_2025q4,ASG-f3143a9ceb745b94,CUST003576,2025-11-01,control,no_action_control,AM0019,Enterprise,B2,24.830797,12599.62,0.0,0.5,12599.62,0,2026-02-01,1,12599.62,1.0,1.0
retention_outreach_2025q4,ASG-f32941db3e832628,CUST002281,2025-11-01,control,no_action_control,AM0037,SMB,B2,30.074581,473.85,0.0,0.5,473.85,0,2026-02-01,1,473.85,1.0,1.0
retention_outreach_2025q4,ASG-f33ab000e62662e6,CUST000686,2025-11-01,control,no_action_control,AM0035,Mid-Market,B3,30.421638,3015.0,0.0,0.5,3015.0,0,2026-02-01,1,3015.0,1.0,1.0
retention_outreach_2025q4,ASG-f34de4c141123d42,CUST000638,2025-11-01,treatment,success_plan_outreach,AM0006,SMB,B4,35.091143,318.56,350.0,0.5,338.47,0,2026-02-01,1,318.56,1.0,1.0625
retention_outreach_2025q4,ASG-f35ee8c2dfbed337,CUST000193,2025-11-01,control,no_action_control,AM0003,SMB,B4,46.962306,1111.5,0.0,0.5,1111.5,0,2026-02-01,1,1111.5,1.0,1.0
retention_outreach_2025q4,ASG-f37058f429d1881c,CUST000160,2025-11-01,treatment,success_plan_outreach,AM0024,Mid-Market,B2,23.893196,3263.0,900.0,0.5,3263.0,0,2026-02-01,1,3263.0,1.0,1.0
retention_outreach_2025q4,ASG-f39565f57d8eed7c,CUST000340,2025-11-01,control,no_action_control,AM0005,SMB,B3,31.145153,727.89,0.0,0.5,727.89,0,2026-02-01,1,727.89,1.0,1.0
retention_outreach_2025q4,ASG-f3a1247f85fda4fe,CUST001343,2025-11-01,control,no_action_control,AM0022,SMB,B1,19.464907,958.57,0.0,0.5,958.57,0,2026-02-01,1,958.57,1.0,1.0
retention_outreach_2025q4,ASG-f3b2bed48dff4e52,CUST003932,2025-11-01,treatment,success_plan_outreach,AM0040,Enterprise,B4,38.664477,13841.42,2500.0,0.5,13841.42,0,2026-02-01,1,13841.42,1.0,1.0
retention_outreach_2025q4,ASG-f3b4fdee78e4352a,CUST003056,2025-11-01,treatment,success_plan_outreach,AM0028,SMB,B1,18.963154,904.36,350.0,0.5,1071.53,0,2026-02-01,1,904.36,1.0,1.184848953956389
retention_outreach_2025q4,ASG-f3cc9390fe5af4c4,CUST003363,2025-11-01,treatment,success_plan_outreach,AM0035,SMB,B3,30.548865,436.74,350.0,0.5,436.74,0,2026-02-01,1,436.74,1.0,1.0
retention_outreach_2025q4,ASG-f3d61cc3a52aec20,CUST004231,2025-11-01,treatment,success_plan_outreach,AM0005,Mid-Market,B4,32.270931,1361.62,900.0,0.5,1361.62,0,2026-02-01,1,1361.62,1.0,1.0
retention_outreach_2025q4,ASG-f3e3b82d551c675f,CUST003243,2025-11-01,control,no_action_control,AM0026,Mid-Market,B4,34.486472,1434.5,0.0,0.5,1255.4,0,2026-02-01,1,1255.4,0.8751481352387592,0.8751481352387592
retention_outreach_2025q4,ASG-f450f3d76bd5516b,CUST003841,2025-11-01,control,no_action_control,AM0037,Mid-Market,B4,74.828113,2432.28,0.0,0.5,0.0,0,2026-02-01,0,0.0,0.0,0.0
retention_outreach_2025q4,ASG-f49991436f5dbb11,CUST001876,2025-11-01,control,no_action_control,AM0016,SMB,B4,46.644579,335.0,0.0,0.5,335.0,0,2026-02-01,1,335.0,1.0,1.0
retention_outreach_2025q4,ASG-f4da1c169a177efd,CUST002912,2025-11-01,control,no_action_control,AM0006,SMB,B1,19.030495,887.5,0.0,0.5,887.5,0,2026-02-01,1,887.5,1.0,1.0
retention_outreach_2025q4,ASG-f4f41a0ed2505c2f,CUST000615,2025-11-01,treatment,success_plan_outreach,AM0002,Mid-Market,B2,27.298834,2453.25,900.0,0.5,2453.25,0,2026-02-01,1,2453.25,1.0,1.0
retention_outreach_2025q4,ASG-f4f79f195f7efacb,CUST003218,2025-11-01,treatment,success_plan_outreach,AM0009,Enterprise,B3,30.462308,7246.22,2500.0,0.5,7246.22,0,2026-02-01,1,7246.22,1.0,1.0
retention_outreach_2025q4,ASG-f4ff7a82924f07f3,CUST003453,2025-11-01,treatment,success_plan_outreach,AM0040,Mid-Market,B2,25.075874,3642.65,900.0,0.5,3642.65,0,2026-02-01,1,3642.65,1.0,1.0
retention_outreach_2025q4,ASG-f501c5a6ecbc2ede,CUST004188,2025-11-01,control,no_action_control,AM0009,Mid-Market,B3,31.791255,2323.63,0.0,0.5,2323.63,0,2026-02-01,1,2323.63,1.0,1.0
retention_outreach_2025q4,ASG-f5ab0ba8700c2a04,CUST004499,2025-11-01,treatment,success_plan_outreach,AM0035,SMB,B4,48.763609,1030.75,350.0,0.5,1030.75,0,2026-02-01,1,1030.75,1.0,1.0
retention_outreach_2025q4,ASG-f5ae84634bb2250a,CUST000853,2025-11-01,control,no_action_control,AM0010,SMB,B1,22.019591,514.68,0.0,0.5,514.68,0,2026-02-01,1,514.68,1.0,1.0
retention_outreach_2025q4,ASG-f5be532729b161c7,CUST004247,2025-11-01,treatment,success_plan_outreach,AM0008,Mid-Market,B2,24.703855,3085.88,900.0,0.5,3085.88,0,2026-02-01,1,3085.88,1.0,1.0
retention_outreach_2025q4,ASG-f5ccd12c0f36a757,CUST002868,2025-11-01,control,no_action_control,AM0039,SMB,B2,24.962827,626.26,0.0,0.5,0.0,0,2026-02-01,0,0.0,0.0,0.0
retention_outreach_2025q4,ASG-f5d0f438f76b1c12,CUST003267,2025-11-01,treatment,success_plan_outreach,AM0016,SMB,B3,30.910247,567.38,350.0,0.5,0.0,0,2026-02-01,0,0.0,0.0,0.0
retention_outreach_2025q4,ASG-f5e007983a6673a5,CUST001689,2025-11-01,treatment,success_plan_outreach,AM0013,Mid-Market,B2,27.039782,2251.1,900.0,0.5,2251.1,0,2026-02-01,1,2251.1,1.0,1.0
retention_outreach_2025q4,ASG-f5fd1b2f03d5c67b,CUST003792,2025-11-01,control,no_action_control,AM0028,SMB,B1,19.871389,453.18,0.0,0.5,453.18,0,2026-02-01,1,453.18,1.0,1.0
retention_outreach_2025q4,ASG-f5fd70d06c9baa95,CUST002168,2025-11-01,treatment,success_plan_outreach,AM0021,Mid-Market,B4,45.411409,800.04,900.0,0.5,800.04,0,2026-02-01,1,800.04,1.0,1.0
retention_outreach_2025q4,ASG-f5fea6d7e78868aa,CUST004286,2025-11-01,treatment,success_plan_outreach,AM0036,SMB,B2,28.540205,422.8,350.0,0.5,565.82,0,2026-02-01,1,422.8,1.0,1.3382686849574268
retention_outreach_2025q4,ASG-f5fedc54323cb07a,CUST002430,2025-11-01,treatment,success_plan_outreach,AM0016,SMB,B4,34.569755,815.08,350.0,0.5,815.08,0,2026-02-01,1,815.08,1.0,1.0
retention_outreach_2025q4,ASG-f60d2a98258ff0c0,CUST003145,2025-11-01,treatment,success_plan_outreach,AM0037,Mid-Market,B4,32.749253,1112.2,900.0,0.5,1112.2,0,2026-02-01,1,1112.2,1.0,1.0
retention_outreach_2025q4,ASG-f61565af9cf0b0de,CUST003969,2025-11-01,treatment,success_plan_outreach,AM0037,Enterprise,B1,18.252185,11356.82,2500.0,0.5,11356.82,0,2026-02-01,1,11356.82,1.0,1.0
retention_outreach_2025q4,ASG-f656dd55b18f2b07,CUST000891,2025-11-01,control,no_action_control,AM0031,SMB,B4,41.641084,1509.33,0.0,0.5,1509.33,0,2026-02-01,1,1509.33,1.0,1.0
retention_outreach_2025q4,ASG-f710ab87e8a04e67,CUST000656,2025-11-01,control,no_action_control,AM0013,SMB,B1,21.285653,990.38,0.0,0.5,990.38,0,2026-02-01,1,990.38,1.0,1.0
retention_outreach_2025q4,ASG-f7179c9b42c52132,CUST001312,2025-11-01,control,no_action_control,AM0012,SMB,B4,34.459248,1302.58,0.0,0.5,1302.58,0,2026-02-01,1,1302.58,1.0,1.0
retention_outreach_2025q4,ASG-f76b1377a580d4fd,CUST001228,2025-11-01,treatment,success_plan_outreach,AM0005,Mid-Market,B3,28.679475,1660.01,900.0,0.5,1660.01,0,2026-02-01,1,1660.01,1.0,1.0
retention_outreach_2025q4,ASG-f78be6f8ffbbdaf3,CUST003715,2025-11-01,control,no_action_control,AM0012,SMB,B2,29.709566,545.49,0.0,0.5,545.49,0,2026-02-01,1,545.49,1.0,1.0
retention_outreach_2025q4,ASG-f795d65cf1f3b4c4,CUST001565,2025-11-01,control,no_action_control,AM0019,SMB,B4,36.199902,470.16,0.0,0.5,470.16,0,2026-02-01,1,470.16,1.0,1.0
retention_outreach_2025q4,ASG-f7ba44205584299c,CUST003129,2025-11-01,treatment,success_plan_outreach,AM0025,SMB,B3,33.445806,1396.07,350.0,0.5,1296.73,0,2026-02-01,1,1296.73,0.9288431095861955,0.9288431095861955
retention_outreach_2025q4,ASG-f7c05df497d2ded6,CUST002632,2025-11-01,control,no_action_control,AM0006,Mid-Market,B4,46.117725,1555.62,0.0,0.5,1555.62,0,2026-02-01,1,1555.62,1.0,1.0
retention_outreach_2025q4,ASG-f7c4dafad1bee455,CUST002116,2025-11-01,treatment,success_plan_outreach,AM0015,SMB,B2,26.861514,737.72,350.0,0.5,737.72,0,2026-02-01,1,737.72,1.0,1.0
retention_outreach_2025q4,ASG-f7d0e4929af3e626,CUST001637,2025-11-01,treatment,success_plan_outreach,AM0036,Mid-Market,B2,27.737037,861.69,900.0,0.5,861.69,0,2026-02-01,1,861.69,1.0,1.0
retention_outreach_2025q4,ASG-f7f37df24c2f3d29,CUST003865,2025-11-01,control,no_action_control,AM0017,Mid-Market,B3,30.096944,1788.53,0.0,0.5,1788.53,0,2026-02-01,1,1788.53,1.0,1.0
retention_outreach_2025q4,ASG-f81179e17f220e9a,CUST000802,2025-11-01,treatment,success_plan_outreach,AM0011,SMB,B2,24.440666,1111.5,350.0,0.5,1111.5,0,2026-02-01,1,1111.5,1.0,1.0
retention_outreach_2025q4,ASG-f8a004e04b8a70ee,CUST003203,2025-11-01,treatment,success_plan_outreach,AM0023,SMB,B1,22.936977,1662.34,350.0,0.5,1662.34,0,2026-02-01,1,1662.34,1.0,1.0
retention_outreach_2025q4,ASG-f8bfdad6f4cfb3be,CUST004044,2025-11-01,control,no_action_control,AM0040,SMB,B1,19.1775,280.0,0.0,0.5,280.0,0,2026-02-01,1,280.0,1.0,1.0
retention_outreach_2025q4,ASG-f8d34ebf9cff5f1e,CUST002849,2025-11-01,treatment,success_plan_outreach,AM0002,Mid-Market,B2,26.305636,2556.67,900.0,0.5,2556.67,0,2026-02-01,1,2556.67,1.0,1.0
retention_outreach_2025q4,ASG-f9291b8dea35124d,CUST002520,2025-11-01,treatment,success_plan_outreach,AM0040,SMB,B4,48.788229,974.08,350.0,0.5,974.08,0,2026-02-01,1,974.08,1.0,1.0
retention_outreach_2025q4,ASG-f9310b681a01db73,CUST001488,2025-11-01,treatment,success_plan_outreach,AM0005,Enterprise,B1,19.438453,18980.55,2500.0,0.5,18980.55,0,2026-02-01,1,18980.55,1.0,1.0
retention_outreach_2025q4,ASG-f947555507f1d29f,CUST002473,2025-11-01,control,no_action_control,AM0026,SMB,B1,19.503064,900.55,0.0,0.5,900.55,0,2026-02-01,1,900.55,1.0,1.0
retention_outreach_2025q4,ASG-f94e306e233ea334,CUST000646,2025-11-01,control,no_action_control,AM0038,Enterprise,B2,20.623893,10298.38,0.0,0.5,10298.38,0,2026-02-01,1,10298.38,1.0,1.0
retention_outreach_2025q4,ASG-f98c70243f83f236,CUST002645,2025-11-01,treatment,success_plan_outreach,AM0004,SMB,B2,29.169055,798.3,350.0,0.5,798.3,0,2026-02-01,1,798.3,1.0,1.0
retention_outreach_2025q4,ASG-f9a1a8a9b27eeb53,CUST002963,2025-11-01,treatment,success_plan_outreach,AM0014,SMB,B2,25.796726,470.4,350.0,0.5,470.4,0,2026-02-01,1,470.4,1.0,1.0
retention_outreach_2025q4,ASG-fa2097511811d63b,CUST004458,2025-11-01,control,no_action_control,AM0027,Mid-Market,B2,24.357783,3908.28,0.0,0.5,3908.28,0,2026-02-01,1,3908.28,1.0,1.0
retention_outreach_2025q4,ASG-fa424b7f7c3bfa53,CUST002535,2025-11-01,control,no_action_control,AM0036,Enterprise,B3,25.626177,10099.74,0.0,0.5,11452.36,0,2026-02-01,1,10099.74,1.0,1.133926219882888
retention_outreach_2025q4,ASG-fa4c4f45f14847c0,CUST002153,2025-11-01,control,no_action_control,AM0035,SMB,B4,35.011887,335.0,0.0,0.5,335.0,0,2026-02-01,1,335.0,1.0,1.0
retention_outreach_2025q4,ASG-fa5770d3d1acb0bb,CUST000151,2025-11-01,treatment,success_plan_outreach,AM0010,Mid-Market,B3,31.144358,800.45,900.0,0.5,800.45,0,2026-02-01,1,800.45,1.0,1.0
retention_outreach_2025q4,ASG-fa826605d3fce746,CUST001141,2025-11-01,treatment,success_plan_outreach,AM0014,Mid-Market,B1,19.774996,604.85,900.0,0.5,604.85,0,2026-02-01,1,604.85,1.0,1.0
retention_outreach_2025q4,ASG-fa9bcaa2b1db8f46,CUST003529,2025-11-01,control,no_action_control,AM0037,Mid-Market,B3,30.54841,1323.85,0.0,0.5,1323.85,0,2026-02-01,1,1323.85,1.0,1.0
retention_outreach_2025q4,ASG-faa5667d18972c4a,CUST000339,2025-11-01,treatment,success_plan_outreach,AM0018,Mid-Market,B1,21.431788,2825.6,900.0,0.5,2825.6,0,2026-02-01,1,2825.6,1.0,1.0
retention_outreach_2025q4,ASG-fab8f0b2b2480874,CUST004271,2025-11-01,treatment,success_plan_outreach,AM0007,SMB,B1,19.342366,292.5,350.0,0.5,292.5,0,2026-02-01,1,292.5,1.0,1.0
retention_outreach_2025q4,ASG-facdddc8aa24e325,CUST000362,2025-11-01,treatment,success_plan_outreach,AM0020,Enterprise,B2,20.236703,9022.97,2500.0,0.5,9022.97,0,2026-02-01,1,9022.97,1.0,1.0
retention_outreach_2025q4,ASG-fadff38d1fc1bedc,CUST002172,2025-11-01,control,no_action_control,AM0006,SMB,B4,48.677969,1220.28,0.0,0.5,1220.28,0,2026-02-01,1,1220.28,1.0,1.0
retention_outreach_2025q4,ASG-fb2787a432ef665c,CUST002400,2025-11-01,treatment,success_plan_outreach,AM0021,SMB,B1,18.736113,900.55,350.0,0.5,900.55,0,2026-02-01,1,900.55,1.0,1.0
retention_outreach_2025q4,ASG-fb32f98734ce9765,CUST004418,2025-11-01,control,no_action_control,AM0026,SMB,B2,27.165463,466.39,0.0,0.5,466.39,0,2026-02-01,1,466.39,1.0,1.0
retention_outreach_2025q4,ASG-fb59138f15480ff9,CUST003434,2025-11-01,control,no_action_control,AM0037,SMB,B3,30.907565,919.88,0.0,0.5,919.88,0,2026-02-01,1,919.88,1.0,1.0
retention_outreach_2025q4,ASG-fb6ec608df71d121,CUST001080,2025-11-01,control,no_action_control,AM0016,Mid-Market,B1,18.494785,2634.71,0.0,0.5,2868.87,0,2026-02-01,1,2634.71,1.0,1.0888750564578265
retention_outreach_2025q4,ASG-fb75bdcd77a88133,CUST003534,2025-11-01,treatment,success_plan_outreach,AM0040,Enterprise,B4,34.065178,11306.49,2500.0,0.5,11306.49,0,2026-02-01,1,11306.49,1.0,1.0
retention_outreach_2025q4,ASG-fbaeadeac16b57b3,CUST000690,2025-11-01,control,no_action_control,AM0029,Enterprise,B4,33.219556,31898.26,0.0,0.5,39160.88,0,2026-02-01,1,31898.26,1.0,1.2276807575084032
retention_outreach_2025q4,ASG-fbc01b75e0b41604,CUST003141,2025-11-01,treatment,success_plan_outreach,AM0037,Mid-Market,B1,22.861385,3105.75,900.0,0.5,3105.75,0,2026-02-01,1,3105.75,1.0,1.0
retention_outreach_2025q4,ASG-fbc80475aebd5bbd,CUST002357,2025-11-01,control,no_action_control,AM0007,SMB,B3,32.268359,505.0,0.0,0.5,505.0,0,2026-02-01,1,505.0,1.0,1.0
retention_outreach_2025q4,ASG-fbe0005c6c4d3ef0,CUST003423,2025-11-01,treatment,success_plan_outreach,AM0002,SMB,B1,23.670264,348.58,350.0,0.5,348.58,0,2026-02-01,1,348.58,1.0,1.0
retention_outreach_2025q4,ASG-fbf28c2d85bf3ad4,CUST001388,2025-11-01,treatment,success_plan_outreach,AM0036,SMB,B4,38.294357,1117.6,350.0,0.5,1117.6,0,2026-02-01,1,1117.6,1.0,1.0
retention_outreach_2025q4,ASG-fbf7b26101ccf1d1,CUST004433,2025-11-01,treatment,success_plan_outreach,AM0035,SMB,B2,24.863932,280.0,350.0,0.5,280.0,0,2026-02-01,1,280.0,1.0,1.0
retention_outreach_2025q4,ASG-fc10d2b3d6626448,CUST003745,2025-11-01,control,no_action_control,AM0025,Mid-Market,B4,33.234373,2375.44,0.0,0.5,2375.44,0,2026-02-01,1,2375.44,1.0,1.0
retention_outreach_2025q4,ASG-fc10ebbf4438ca24,CUST000155,2025-11-01,treatment,success_plan_outreach,AM0007,SMB,B2,24.499283,422.8,350.0,0.5,422.8,0,2026-02-01,1,422.8,1.0,1.0
retention_outreach_2025q4,ASG-fc3042a77b15a460,CUST004194,2025-11-01,control,no_action_control,AM0016,SMB,B2,28.187491,295.22,0.0,0.5,295.22,0,2026-02-01,1,295.22,1.0,1.0
retention_outreach_2025q4,ASG-fc7816615586f9e0,CUST001631,2025-11-01,treatment,success_plan_outreach,AM0011,Enterprise,B1,18.384577,10282.5,2500.0,0.5,10282.5,0,2026-02-01,1,10282.5,1.0,1.0
retention_outreach_2025q4,ASG-fccf1f4b397ab7a4,CUST000422,2025-11-01,treatment,success_plan_outreach,AM0004,SMB,B2,25.705223,926.25,350.0,0.5,926.25,0,2026-02-01,1,926.25,1.0,1.0
retention_outreach_2025q4,ASG-fd113bdedf7b3b72,CUST000063,2025-11-01,control,no_action_control,AM0013,Mid-Market,B4,69.663274,1242.86,0.0,0.5,1242.86,0,2026-02-01,1,1242.86,1.0,1.0
retention_outreach_2025q4,ASG-fd2d7a6b2289c4f4,CUST001232,2025-11-01,treatment,success_plan_outreach,AM0032,SMB,B3,31.514557,250.0,350.0,0.5,250.0,0,2026-02-01,1,250.0,1.0,1.0
retention_outreach_2025q4,ASG-fd4781c029b8d219,CUST002702,2025-11-01,control,no_action_control,AM0034,Enterprise,B4,32.957291,12515.89,0.0,0.5,12515.89,0,2026-02-01,1,12515.89,1.0,1.0
retention_outreach_2025q4,ASG-fd58990a0f57d624,CUST000216,2025-11-01,treatment,success_plan_outreach,AM0006,SMB,B1,23.575987,1024.15,350.0,0.5,1024.15,0,2026-02-01,1,1024.15,1.0,1.0
retention_outreach_2025q4,ASG-fd692c43a590dbed,CUST004263,2025-11-01,control,no_action_control,AM0008,SMB,B3,32.709789,632.5,0.0,0.5,632.5,0,2026-02-01,1,632.5,1.0,1.0
retention_outreach_2025q4,ASG-fd9d5e9832bcd047,CUST004446,2025-11-01,treatment,success_plan_outreach,AM0013,SMB,B1,19.756242,1355.99,350.0,0.5,1355.99,0,2026-02-01,1,1355.99,1.0,1.0
retention_outreach_2025q4,ASG-fdb3e87495f020ef,CUST001179,2025-11-01,control,no_action_control,AM0007,SMB,B1,23.202048,692.73,0.0,0.5,692.73,0,2026-02-01,1,692.73,1.0,1.0
retention_outreach_2025q4,ASG-fdbc34689bc13620,CUST001773,2025-11-01,treatment,success_plan_outreach,AM0002,Enterprise,B4,36.925968,35506.54,2500.0,0.5,35506.54,0,2026-02-01,1,35506.54,1.0,1.0
retention_outreach_2025q4,ASG-fdddd309523e47ad,CUST001436,2025-11-01,treatment,success_plan_outreach,AM0020,SMB,B3,30.314153,938.12,350.0,0.5,0.0,1,2026-02-01,0,0.0,0.0,0.0
retention_outreach_2025q4,ASG-fde1c6a6701bc2e7,CUST000384,2025-11-01,control,no_action_control,AM0008,SMB,B4,46.501177,453.43,0.0,0.5,453.43,0,2026-02-01,1,453.43,1.0,1.0
retention_outreach_2025q4,ASG-fdf8dcb018e86f88,CUST000308,2025-11-01,treatment,success_plan_outreach,AM0007,SMB,B1,23.521114,1746.56,350.0,0.5,1746.56,0,2026-02-01,1,1746.56,1.0,1.0
retention_outreach_2025q4,ASG-fe244820efa1fa83,CUST000598,2025-11-01,treatment,success_plan_outreach,AM0035,SMB,B1,20.899499,838.4,350.0,0.5,838.4,0,2026-02-01,1,838.4,1.0,1.0
retention_outreach_2025q4,ASG-fe2bf50b73d9eb3d,CUST000371,2025-11-01,treatment,success_plan_outreach,AM0015,Mid-Market,B2,26.798278,1269.86,900.0,0.5,1269.86,0,2026-02-01,1,1269.86,1.0,1.0
retention_outreach_2025q4,ASG-fed891a7d9e3f53a,CUST004209,2025-11-01,treatment,success_plan_outreach,AM0027,Mid-Market,B1,18.529166,968.18,900.0,0.5,968.18,0,2026-02-01,1,968.18,1.0,1.0
retention_outreach_2025q4,ASG-ff1e3d858fac0548,CUST004106,2025-11-01,treatment,success_plan_outreach,AM0014,Mid-Market,B3,31.891744,3042.0,900.0,0.5,3042.0,0,2026-02-01,1,3042.0,1.0,1.0
retention_outreach_2025q4,ASG-ff355a3b80aec787,CUST003478,2025-11-01,control,no_action_control,AM0013,Mid-Market,B4,33.888938,3087.99,0.0,0.5,3087.99,0,2026-02-01,1,3087.99,1.0,1.0
retention_outreach_2025q4,ASG-ff35e92fbc237465,CUST000195,2025-11-01,control,no_action_control,AM0014,Enterprise,B4,35.922916,12155.57,0.0,0.5,12155.57,0,2026-02-01,1,12155.57,1.0,1.0
retention_outreach_2025q4,ASG-ff6dcb5bc0421564,CUST002046,2025-11-01,control,no_action_control,AM0021,SMB,B1,20.231748,292.5,0.0,0.5,292.5,0,2026-02-01,1,292.5,1.0,1.0
retention_outreach_2025q4,ASG-ff826734109a5aa4,CUST001328,2025-11-01,control,no_action_control,AM0013,Enterprise,B2,22.736128,7678.12,0.0,0.5,7678.12,0,2026-02-01,1,7678.12,1.0,1.0
retention_outreach_2025q4,ASG-ffbe5f0a4acafe36,CUST003543,2025-11-01,treatment,success_plan_outreach,AM0026,Mid-Market,B1,18.90879,935.82,900.0,0.5,935.82,0,2026-02-01,1,935.82,1.0,1.0
