scenario,scenario_type,horizon_months,start_mrr,end_mrr,end_arr,end_realized_arr_estimate,mrr_change,mrr_growth_pct,avg_assumed_expansion_rate,avg_assumed_contraction_rate,avg_assumed_churn_rate,avg_assumed_net_new_rate,mrr_vs_base,arr_vs_base
base_case,base,6,9523589.88,10184529.14,122214349.68,100447974.0,660939.26,0.0694,0.00674,0.00301,0.00661,0.01413,0.0,0.0
discount_discipline_improvement_case,policy-improvement,6,9523589.88,10200634.11,122407609.32,103054966.29,677044.23,0.0711,0.00633,0.00271,0.00582,0.01371,16104.97,193259.64
downside_case,fragile-growth,6,9523589.88,9598066.84,115176802.08,93512045.61,74476.96,0.0078,0.00539,0.00407,0.00992,0.00989,-586462.3,-7037547.6
improvement_case,healthy-growth,6,9523589.88,10484501.44,125814017.28,104035610.89,960911.56,0.1009,0.00775,0.00256,0.00529,0.01625,299972.3,3599667.6
risk_adjusted_case,risk-adjusted,6,9523589.88,9825796.2,117909554.4,96320314.99,302206.32,0.0317,0.00673,0.0051,0.00974,0.01333,-358732.94,-4304795.28
