risk_tier,observations,unique_accounts,avg_score,churn_events_3m,churn_rate_3m,lift_vs_overall
Low,87993,4343,6.77504356904027,2117,0.024058731944586503,0.9765993650048757
Moderate,579,154,38.25665471260978,61,0.10535405872193437,4.276563997034709
High,41,21,59.84701779259437,5,0.12195121951219512,4.950280996167725
